,711_P-1-S,711_P-1-M,711_P-1-D,711_P-2-S,711_P-2-M,711_P-2-D,711_P-3-S,711_P-3-M,711_P-3-D,711_S-1-S,711_S-3-M,712_P-1-S,712_P-1-M,712_P-1-D,712_P-2-S,712_P-2-M,712_P-2-D,712_P-3-S,712_P-3-M,712_P-3-D,712_S-1-S,712_S-3-S,713_E-3-X1,713_P-1-X1,713_P-3-M,713_P-3-X1,713_S-1-S,713_S-1-D,713_S-3-S,713_S-3-M,713_S-3-X1,714_P1_20-24,714_P1_30-34,714_P3_30-34,714_S1_1-5,714_S2_1-5,714_S2_5-9,714_S3_1-5,714_S3_5-9,714_S3_10-14,715_P1_1-5,715_P1_10-14,715_P1_20-24,715_P1_30-34,715_P2_1-5,715_P2_10-14,715_P2_20-24,715_P3_1-5,715_P3_10-14,715_P3_20-24,715_P3_30-34,715_S1_1-5,715_S2_10-14,716_P1_1-5,716_P1_10-14,716_P1_30-34,716_P2_1-5,716_P2_10-14,716_P2_20-24,716_P2_30-34,716_P3_1-5,716_P3_10-14,716_P3_20-24,716_P3_30-34,716_S1_1-5,716_S1_20-24,716_S1_30-34,716_S2_1-5,716_S2_10-14,716_S2_20-24,716_S3_10-14,716_S3_20-24,717_P1_10-14,717_P1_20-24,717_P2_1-5,717_P2_10-14,717_P2_20-24,717_P3_1-5,717_P3_10-14,717_P3_20-24,717_S2_1-5,717_S2_20-24,717_S3_1-5
711_P-1-S,NA,NA,NA,NA,NA,NA,NA,NA,NA,NA,NA,NA,NA,NA,NA,NA,NA,NA,NA,NA,NA,NA,NA,NA,NA,NA,NA,NA,NA,NA,NA,NA,NA,NA,NA,NA,NA,NA,NA,NA,NA,NA,NA,NA,NA,NA,NA,NA,NA,NA,NA,NA,NA,NA,NA,NA,NA,NA,NA,NA,NA,NA,NA,NA,NA,NA,NA,NA,NA,NA,NA,NA,NA,NA,NA,NA,NA,NA,NA,NA,NA,NA,NA
711_P-1-M,1.60089172637563,NA,NA,NA,NA,NA,NA,NA,NA,NA,NA,NA,NA,NA,NA,NA,NA,NA,NA,NA,NA,NA,NA,NA,NA,NA,NA,NA,NA,NA,NA,NA,NA,NA,NA,NA,NA,NA,NA,NA,NA,NA,NA,NA,NA,NA,NA,NA,NA,NA,NA,NA,NA,NA,NA,NA,NA,NA,NA,NA,NA,NA,NA,NA,NA,NA,NA,NA,NA,NA,NA,NA,NA,NA,NA,NA,NA,NA,NA,NA,NA,NA,NA
711_P-1-D,-1.73872268815389,-2.07032583391154,NA,NA,NA,NA,NA,NA,NA,NA,NA,NA,NA,NA,NA,NA,NA,NA,NA,NA,NA,NA,NA,NA,NA,NA,NA,NA,NA,NA,NA,NA,NA,NA,NA,NA,NA,NA,NA,NA,NA,NA,NA,NA,NA,NA,NA,NA,NA,NA,NA,NA,NA,NA,NA,NA,NA,NA,NA,NA,NA,NA,NA,NA,NA,NA,NA,NA,NA,NA,NA,NA,NA,NA,NA,NA,NA,NA,NA,NA,NA,NA,NA
711_P-2-S,-0.324163542121776,2.15060627624597,-1.83256474619776,NA,NA,NA,NA,NA,NA,NA,NA,NA,NA,NA,NA,NA,NA,NA,NA,NA,NA,NA,NA,NA,NA,NA,NA,NA,NA,NA,NA,NA,NA,NA,NA,NA,NA,NA,NA,NA,NA,NA,NA,NA,NA,NA,NA,NA,NA,NA,NA,NA,NA,NA,NA,NA,NA,NA,NA,NA,NA,NA,NA,NA,NA,NA,NA,NA,NA,NA,NA,NA,NA,NA,NA,NA,NA,NA,NA,NA,NA,NA,NA
711_P-2-M,0.0627492549154077,0.526566248073073,-1.62059095094512,0.724185484931408,NA,NA,NA,NA,NA,NA,NA,NA,NA,NA,NA,NA,NA,NA,NA,NA,NA,NA,NA,NA,NA,NA,NA,NA,NA,NA,NA,NA,NA,NA,NA,NA,NA,NA,NA,NA,NA,NA,NA,NA,NA,NA,NA,NA,NA,NA,NA,NA,NA,NA,NA,NA,NA,NA,NA,NA,NA,NA,NA,NA,NA,NA,NA,NA,NA,NA,NA,NA,NA,NA,NA,NA,NA,NA,NA,NA,NA,NA,NA
711_P-2-D,-1.73872268815389,-2.07032583391154,NA,-1.83256474619776,-1.62059095094512,NA,NA,NA,NA,NA,NA,NA,NA,NA,NA,NA,NA,NA,NA,NA,NA,NA,NA,NA,NA,NA,NA,NA,NA,NA,NA,NA,NA,NA,NA,NA,NA,NA,NA,NA,NA,NA,NA,NA,NA,NA,NA,NA,NA,NA,NA,NA,NA,NA,NA,NA,NA,NA,NA,NA,NA,NA,NA,NA,NA,NA,NA,NA,NA,NA,NA,NA,NA,NA,NA,NA,NA,NA,NA,NA,NA,NA,NA
711_P-3-S,1.61939188815541,-0.121870516572402,-2.20277952018142,0.512835538843251,1.18043162727806,-2.20277952018142,NA,NA,NA,NA,NA,NA,NA,NA,NA,NA,NA,NA,NA,NA,NA,NA,NA,NA,NA,NA,NA,NA,NA,NA,NA,NA,NA,NA,NA,NA,NA,NA,NA,NA,NA,NA,NA,NA,NA,NA,NA,NA,NA,NA,NA,NA,NA,NA,NA,NA,NA,NA,NA,NA,NA,NA,NA,NA,NA,NA,NA,NA,NA,NA,NA,NA,NA,NA,NA,NA,NA,NA,NA,NA,NA,NA,NA
711_P-3-M,0.241879130630823,0.1348169753281,-1.98714570059549,0.39808684665206,0.104399919131838,-1.98714570059549,0.163958128884461,NA,NA,NA,NA,NA,NA,NA,NA,NA,NA,NA,NA,NA,NA,NA,NA,NA,NA,NA,NA,NA,NA,NA,NA,NA,NA,NA,NA,NA,NA,NA,NA,NA,NA,NA,NA,NA,NA,NA,NA,NA,NA,NA,NA,NA,NA,NA,NA,NA,NA,NA,NA,NA,NA,NA,NA,NA,NA,NA,NA,NA,NA,NA,NA,NA,NA,NA,NA,NA,NA,NA,NA,NA,NA,NA,NA
711_P-3-D,0.292881292322425,-1.03270842435305,-0.671592451134981,0.256673614651205,0.247481422471407,-0.671592451134981,-0.615876435374662,-0.831876524529931,NA,NA,NA,NA,NA,NA,NA,NA,NA,NA,NA,NA,NA,NA,NA,NA,NA,NA,NA,NA,NA,NA,NA,NA,NA,NA,NA,NA,NA,NA,NA,NA,NA,NA,NA,NA,NA,NA,NA,NA,NA,NA,NA,NA,NA,NA,NA,NA,NA,NA,NA,NA,NA,NA,NA,NA,NA,NA,NA,NA,NA,NA,NA,NA,NA,NA,NA,NA,NA,NA,NA,NA,NA,NA,NA
711_S-1-S,0.168296692310999,-1.56565281160942,-1.53790200812513,0.127257365912764,-0.351453612223417,-1.53790200812513,-0.388018566396779,-1.03940398542105,-0.854051283987497,NA,NA,NA,NA,NA,NA,NA,NA,NA,NA,NA,NA,NA,NA,NA,NA,NA,NA,NA,NA,NA,NA,NA,NA,NA,NA,NA,NA,NA,NA,NA,NA,NA,NA,NA,NA,NA,NA,NA,NA,NA,NA,NA,NA,NA,NA,NA,NA,NA,NA,NA,NA,NA,NA,NA,NA,NA,NA,NA,NA,NA,NA,NA,NA,NA,NA,NA,NA,NA,NA,NA,NA,NA,NA
711_S-3-M,-1.61874737012468,-2.06513379587715,-2.37619146466913,-1.78729190641921,-1.34334434043738,-2.37619146466913,-1.52112728313605,-1.83638980346543,-1.78351219201009,-1.79987984193283,NA,NA,NA,NA,NA,NA,NA,NA,NA,NA,NA,NA,NA,NA,NA,NA,NA,NA,NA,NA,NA,NA,NA,NA,NA,NA,NA,NA,NA,NA,NA,NA,NA,NA,NA,NA,NA,NA,NA,NA,NA,NA,NA,NA,NA,NA,NA,NA,NA,NA,NA,NA,NA,NA,NA,NA,NA,NA,NA,NA,NA,NA,NA,NA,NA,NA,NA,NA,NA,NA,NA,NA,NA
712_P-1-S,-0.0143036767529669,0.358868795069511,-1.78822118002408,-0.0898156289009099,0.817796520057692,-1.78822118002408,1.90014932793721,-0.601304013488367,0.3822997658747,0.357496899025145,-1.70516193979125,NA,NA,NA,NA,NA,NA,NA,NA,NA,NA,NA,NA,NA,NA,NA,NA,NA,NA,NA,NA,NA,NA,NA,NA,NA,NA,NA,NA,NA,NA,NA,NA,NA,NA,NA,NA,NA,NA,NA,NA,NA,NA,NA,NA,NA,NA,NA,NA,NA,NA,NA,NA,NA,NA,NA,NA,NA,NA,NA,NA,NA,NA,NA,NA,NA,NA,NA,NA,NA,NA,NA,NA
712_P-1-M,0.324323571765108,0.116281097482343,-2.05946870164304,0.408033773560403,0.121528438605648,-2.05946870164304,0.504073661681221,0.118416562386799,-1.07449821023617,-1.41469785816386,-1.94096702883093,-0.437491671846008,NA,NA,NA,NA,NA,NA,NA,NA,NA,NA,NA,NA,NA,NA,NA,NA,NA,NA,NA,NA,NA,NA,NA,NA,NA,NA,NA,NA,NA,NA,NA,NA,NA,NA,NA,NA,NA,NA,NA,NA,NA,NA,NA,NA,NA,NA,NA,NA,NA,NA,NA,NA,NA,NA,NA,NA,NA,NA,NA,NA,NA,NA,NA,NA,NA,NA,NA,NA,NA,NA,NA
712_P-1-D,-1.46519721131088,-1.96714462359813,0.529915681152312,-1.46801775652087,-1.11907971977411,0.529915681152312,-1.79373210996734,-1.58789105939264,-1.05737944971265,-2.02722747640697,-1.90335401145993,-1.30105888076179,-1.9042011872476,NA,NA,NA,NA,NA,NA,NA,NA,NA,NA,NA,NA,NA,NA,NA,NA,NA,NA,NA,NA,NA,NA,NA,NA,NA,NA,NA,NA,NA,NA,NA,NA,NA,NA,NA,NA,NA,NA,NA,NA,NA,NA,NA,NA,NA,NA,NA,NA,NA,NA,NA,NA,NA,NA,NA,NA,NA,NA,NA,NA,NA,NA,NA,NA,NA,NA,NA,NA,NA,NA
712_P-2-S,-0.0754196560360589,1.34804621645226,-1.8468798573276,-0.156615951172556,0.256147998220966,-1.8468798573276,0.697792035362377,0.173365330435018,0.0454277871078205,0.0220247163733601,-1.72126946950578,-0.120673208078837,0.240462685150371,-1.6236666664279,NA,NA,NA,NA,NA,NA,NA,NA,NA,NA,NA,NA,NA,NA,NA,NA,NA,NA,NA,NA,NA,NA,NA,NA,NA,NA,NA,NA,NA,NA,NA,NA,NA,NA,NA,NA,NA,NA,NA,NA,NA,NA,NA,NA,NA,NA,NA,NA,NA,NA,NA,NA,NA,NA,NA,NA,NA,NA,NA,NA,NA,NA,NA,NA,NA,NA,NA,NA,NA
712_P-2-M,0.925128873804986,0.419185597080195,-2.06046929225012,1.59849045683886,0.521487058055938,-2.06046929225012,1.15596208952678,-0.221164244950164,-1.01717906052681,-1.48284180258957,-1.8628901336363,0.307437509507788,0.159073635411695,-1.89864379360167,0.626959764910293,NA,NA,NA,NA,NA,NA,NA,NA,NA,NA,NA,NA,NA,NA,NA,NA,NA,NA,NA,NA,NA,NA,NA,NA,NA,NA,NA,NA,NA,NA,NA,NA,NA,NA,NA,NA,NA,NA,NA,NA,NA,NA,NA,NA,NA,NA,NA,NA,NA,NA,NA,NA,NA,NA,NA,NA,NA,NA,NA,NA,NA,NA,NA,NA,NA,NA,NA,NA
712_P-2-D,-0.267384866562414,-1.55629043630581,-1.8418179517764,-0.772433744236616,-0.209793028346254,-1.8418179517764,-1.1682786797567,-2.04121179872181,-0.66967125153937,-1.39473258816035,-2.11756689836936,-0.680954329918897,-2.17025092455794,-1.83845840806516,-0.920969045811653,-1.75011946762855,NA,NA,NA,NA,NA,NA,NA,NA,NA,NA,NA,NA,NA,NA,NA,NA,NA,NA,NA,NA,NA,NA,NA,NA,NA,NA,NA,NA,NA,NA,NA,NA,NA,NA,NA,NA,NA,NA,NA,NA,NA,NA,NA,NA,NA,NA,NA,NA,NA,NA,NA,NA,NA,NA,NA,NA,NA,NA,NA,NA,NA,NA,NA,NA,NA,NA,NA
712_P-3-S,0.0350932110080922,0.784347194862806,-1.71936179351362,0.438633559809112,-0.00867069671873616,-1.71936179351362,0.919016807265127,0.21665670910424,0.379192222835483,-0.554637056619193,-1.57277267489396,0.0751880449875888,0.163614576911127,-1.2634285300495,0.0877463766608731,0.655479169119609,-0.816765845389418,NA,NA,NA,NA,NA,NA,NA,NA,NA,NA,NA,NA,NA,NA,NA,NA,NA,NA,NA,NA,NA,NA,NA,NA,NA,NA,NA,NA,NA,NA,NA,NA,NA,NA,NA,NA,NA,NA,NA,NA,NA,NA,NA,NA,NA,NA,NA,NA,NA,NA,NA,NA,NA,NA,NA,NA,NA,NA,NA,NA,NA,NA,NA,NA,NA,NA
712_P-3-M,0.242372786211008,-0.357427424696087,-2.01496335881558,0.290566998717466,-0.427140349511775,-2.01496335881558,0.384557176514871,1.175958492664,-0.880351022476284,-1.24234633059204,-1.9441935168153,0.239659930855774,1.22055903557286,-1.94012841819025,0.148271981230954,0.828464150534275,-1.91784638895268,0.259073471432687,NA,NA,NA,NA,NA,NA,NA,NA,NA,NA,NA,NA,NA,NA,NA,NA,NA,NA,NA,NA,NA,NA,NA,NA,NA,NA,NA,NA,NA,NA,NA,NA,NA,NA,NA,NA,NA,NA,NA,NA,NA,NA,NA,NA,NA,NA,NA,NA,NA,NA,NA,NA,NA,NA,NA,NA,NA,NA,NA,NA,NA,NA,NA,NA,NA
712_P-3-D,-1.73872268815389,-2.07032583391154,NA,-1.83256474619776,-1.62059095094512,NA,-2.20277952018142,-1.98714570059549,-0.671592451134981,-1.53790200812513,-2.37619146466913,-1.78822118002408,-2.05946870164304,0.529915681152312,-1.8468798573276,-2.06046929225012,-1.8418179517764,-1.71936179351362,-2.01496335881558,NA,NA,NA,NA,NA,NA,NA,NA,NA,NA,NA,NA,NA,NA,NA,NA,NA,NA,NA,NA,NA,NA,NA,NA,NA,NA,NA,NA,NA,NA,NA,NA,NA,NA,NA,NA,NA,NA,NA,NA,NA,NA,NA,NA,NA,NA,NA,NA,NA,NA,NA,NA,NA,NA,NA,NA,NA,NA,NA,NA,NA,NA,NA,NA
712_S-1-S,-1.40852480340118,-1.70390183382063,-2.15042457249024,-1.49956671739015,-1.27163331673041,-2.15042457249024,-1.84168186832707,-1.72243835923497,-1.54193340937721,-0.133347290626291,-2.11471297207846,-1.46370440756765,-1.78551766630733,-1.69162115664525,-1.51832432230249,-1.76542686739421,-1.57733732956934,-1.44313150487057,-1.71841134855424,-2.15042457249024,NA,NA,NA,NA,NA,NA,NA,NA,NA,NA,NA,NA,NA,NA,NA,NA,NA,NA,NA,NA,NA,NA,NA,NA,NA,NA,NA,NA,NA,NA,NA,NA,NA,NA,NA,NA,NA,NA,NA,NA,NA,NA,NA,NA,NA,NA,NA,NA,NA,NA,NA,NA,NA,NA,NA,NA,NA,NA,NA,NA,NA,NA,NA
712_S-3-S,-0.575833723529947,-1.56903902770984,-1.78602067748863,-0.618226084915863,-0.291435150426196,-1.78602067748863,-1.0264237756419,-1.32712292912672,-1.61455168764072,1.05308737448253,-2.04684879797397,-0.43403449651117,-1.56741273912767,-2.11151104953558,-0.779749320763122,-1.54781903606482,-1.63525977960463,-0.529181765402555,-1.35927350047934,-1.78602067748863,-0.931951075037503,NA,NA,NA,NA,NA,NA,NA,NA,NA,NA,NA,NA,NA,NA,NA,NA,NA,NA,NA,NA,NA,NA,NA,NA,NA,NA,NA,NA,NA,NA,NA,NA,NA,NA,NA,NA,NA,NA,NA,NA,NA,NA,NA,NA,NA,NA,NA,NA,NA,NA,NA,NA,NA,NA,NA,NA,NA,NA,NA,NA,NA,NA
713_E-3-X1,-1.73872268815389,-2.07032583391154,NA,-1.83256474619776,-1.62059095094512,NA,-2.20277952018142,-1.98714570059549,-0.671592451134981,-1.53790200812513,-2.37619146466913,-1.78822118002408,-2.05946870164304,0.529915681152312,-1.8468798573276,-2.06046929225012,-1.8418179517764,-1.71936179351362,-2.01496335881558,NA,-2.15042457249024,-1.78602067748863,NA,NA,NA,NA,NA,NA,NA,NA,NA,NA,NA,NA,NA,NA,NA,NA,NA,NA,NA,NA,NA,NA,NA,NA,NA,NA,NA,NA,NA,NA,NA,NA,NA,NA,NA,NA,NA,NA,NA,NA,NA,NA,NA,NA,NA,NA,NA,NA,NA,NA,NA,NA,NA,NA,NA,NA,NA,NA,NA,NA,NA
713_P-1-X1,-1.07811613304504,-1.79217341134264,-0.830172356954331,-1.12028131968086,-0.739841318729955,-0.830172356954331,-1.40030106083794,-1.31629285045171,0.0541677384664408,-1.93382907342312,-2.16040367513214,-0.842876495707454,-1.75073031426126,-1.75474475883991,-1.29753518640818,-1.73827869896091,-0.545555662299074,-0.88542308276928,-1.72400361159494,-0.830172356954331,-1.65403188339765,-1.96002755923994,-0.830172356954331,NA,NA,NA,NA,NA,NA,NA,NA,NA,NA,NA,NA,NA,NA,NA,NA,NA,NA,NA,NA,NA,NA,NA,NA,NA,NA,NA,NA,NA,NA,NA,NA,NA,NA,NA,NA,NA,NA,NA,NA,NA,NA,NA,NA,NA,NA,NA,NA,NA,NA,NA,NA,NA,NA,NA,NA,NA,NA,NA,NA
713_P-3-M,-0.777149866056774,-0.925234147858942,-2.02626405423605,-0.490627468762711,-0.898376842022017,-2.02626405423605,0.275601260213274,0.341144732378336,-0.558160883466667,-0.947403932407305,-1.91311792521101,-0.922488238905951,-0.155896574600768,-1.5559915859172,-0.856766581080796,-0.538671615800196,-0.938925083202317,-1.00507511670338,-0.547724863359663,-2.02626405423605,-1.78879922325924,-0.956152091882878,-2.02626405423605,-1.25249478855189,NA,NA,NA,NA,NA,NA,NA,NA,NA,NA,NA,NA,NA,NA,NA,NA,NA,NA,NA,NA,NA,NA,NA,NA,NA,NA,NA,NA,NA,NA,NA,NA,NA,NA,NA,NA,NA,NA,NA,NA,NA,NA,NA,NA,NA,NA,NA,NA,NA,NA,NA,NA,NA,NA,NA,NA,NA,NA,NA
713_P-3-X1,-1.46519721131088,-1.96714462359813,0.529915681152312,-1.46801775652087,-1.11907971977411,0.529915681152312,-1.79373210996734,-1.58789105939264,-1.05737944971265,-2.05099849111428,-1.83451862015589,-1.30105888076179,-1.9042011872476,NA,-1.6236666664279,-1.89864379360167,-1.83845840806516,-1.2634285300495,-1.94012841819025,0.529915681152312,-1.62575053867721,-2.13538712948348,0.529915681152312,-1.75474475883991,-1.5559915859172,NA,NA,NA,NA,NA,NA,NA,NA,NA,NA,NA,NA,NA,NA,NA,NA,NA,NA,NA,NA,NA,NA,NA,NA,NA,NA,NA,NA,NA,NA,NA,NA,NA,NA,NA,NA,NA,NA,NA,NA,NA,NA,NA,NA,NA,NA,NA,NA,NA,NA,NA,NA,NA,NA,NA,NA,NA,NA
713_S-1-S,-0.548670368253042,-1.56903902770984,-1.45058845942212,-0.59171387688865,-0.291435150426196,-1.45058845942212,-0.936526565810955,-1.32712292912672,-1.61455168764072,1.07617477424294,-1.72419613437634,-0.411599064316987,-1.56741273912767,-2.17886795467188,-0.752670902463812,-1.54781903606482,-1.71350794245821,-0.501779541117745,-1.35927350047934,-1.45058845942212,-0.235505143420484,NA,-1.45058845942212,-2.07351279358625,-0.956152091882878,-2.20563826488248,NA,NA,NA,NA,NA,NA,NA,NA,NA,NA,NA,NA,NA,NA,NA,NA,NA,NA,NA,NA,NA,NA,NA,NA,NA,NA,NA,NA,NA,NA,NA,NA,NA,NA,NA,NA,NA,NA,NA,NA,NA,NA,NA,NA,NA,NA,NA,NA,NA,NA,NA,NA,NA,NA,NA,NA,NA
713_S-1-D,-1.40852480340118,-1.70390183382063,-2.15042457249024,-1.49956671739015,-1.27163331673041,-2.15042457249024,-1.84168186832707,-1.72243835923497,-1.54193340937721,-0.133347290626291,-2.11471297207846,-1.46370440756765,-1.78551766630733,-1.69162115664525,-1.51832432230249,-1.76542686739421,-1.57733732956934,-1.44313150487057,-1.71841134855424,-2.15042457249024,NA,-0.931951075037503,-2.15042457249024,-1.65403188339765,-1.78879922325924,-1.62575053867721,-0.235505143420484,NA,NA,NA,NA,NA,NA,NA,NA,NA,NA,NA,NA,NA,NA,NA,NA,NA,NA,NA,NA,NA,NA,NA,NA,NA,NA,NA,NA,NA,NA,NA,NA,NA,NA,NA,NA,NA,NA,NA,NA,NA,NA,NA,NA,NA,NA,NA,NA,NA,NA,NA,NA,NA,NA,NA,NA
713_S-3-S,0.422467654259277,-0.86613229137956,-1.57696445739256,-0.117880238304043,0.653353198305917,-1.57696445739256,-0.937439439185557,-1.46039904375911,-1.1522766976342,0.860482587351628,-2.22088716596601,-0.124421892746703,-1.53680210144643,-1.94088376790166,-0.148868678651051,-0.831858627824382,-1.48082530364543,-0.119178511203618,-1.28277362048825,-1.57696445739256,-1.09202231223105,-2.08353797039379,-1.57696445739256,-1.67254503648558,-0.564191385828208,-1.96984689440436,-2.08353797039379,-1.09202231223105,NA,NA,NA,NA,NA,NA,NA,NA,NA,NA,NA,NA,NA,NA,NA,NA,NA,NA,NA,NA,NA,NA,NA,NA,NA,NA,NA,NA,NA,NA,NA,NA,NA,NA,NA,NA,NA,NA,NA,NA,NA,NA,NA,NA,NA,NA,NA,NA,NA,NA,NA,NA,NA,NA,NA
713_S-3-M,-0.94094359465527,-1.53197634890155,-1.88885585152452,-0.913704817676222,-0.213552441581399,-1.88885585152452,-1.44378164626572,-1.01779074966489,-2.09747886961086,-1.69354696436636,-1.28784574355911,-0.768337387568921,-1.36170943115676,-2.37049770091696,-0.929607907652447,-1.33948322263294,-2.51106978320135,-0.668998270239986,-1.37903095554281,-1.88885585152452,-1.54348620616024,-1.99552062219562,-1.88885585152452,-2.68417915024897,-1.03903915946646,-2.39517305035936,-1.98426128583365,-1.54348620616024,-1.46069683343103,NA,NA,NA,NA,NA,NA,NA,NA,NA,NA,NA,NA,NA,NA,NA,NA,NA,NA,NA,NA,NA,NA,NA,NA,NA,NA,NA,NA,NA,NA,NA,NA,NA,NA,NA,NA,NA,NA,NA,NA,NA,NA,NA,NA,NA,NA,NA,NA,NA,NA,NA,NA,NA,NA
713_S-3-X1,-1.61874737012468,-2.06513379587715,-2.37619146466913,-1.78729190641921,-1.34334434043738,-2.37619146466913,-1.52112728313605,-1.83638980346543,-1.78351219201009,-1.79987984193283,NA,-1.70516193979125,-1.94096702883093,-1.90335401145993,-1.72126946950578,-1.8628901336363,-2.11756689836936,-1.57277267489396,-1.9441935168153,-2.37619146466913,-2.11471297207846,-2.04684879797397,-2.37619146466913,-2.16040367513214,-1.91311792521101,-1.83451862015589,-1.72419613437634,-2.11471297207846,-2.22088716596601,-1.28784574355911,NA,NA,NA,NA,NA,NA,NA,NA,NA,NA,NA,NA,NA,NA,NA,NA,NA,NA,NA,NA,NA,NA,NA,NA,NA,NA,NA,NA,NA,NA,NA,NA,NA,NA,NA,NA,NA,NA,NA,NA,NA,NA,NA,NA,NA,NA,NA,NA,NA,NA,NA,NA,NA
714_P1_20-24,-1.74276252526255,-1.64099624037679,-1.77333298087768,-1.84746938782063,-1.23209135799206,-1.77333298087768,-2.20209059125759,-1.48951166064517,-0.209927689323963,-1.4684835025837,-2.22001904983522,-1.52411295696958,-1.66649584567053,0.321008423641581,-1.82347950910281,-1.6947199910487,-1.27603512633033,-1.52534790904823,-1.58436717799612,-1.77333298087768,-2.0042049814762,-1.74789878007079,-1.77333298087768,-0.545434044025832,-1.52460708584305,0.397623574371283,-1.37724157594054,-2.0042049814762,-1.52914815637491,-1.85445418321364,-2.22001904983522,NA,NA,NA,NA,NA,NA,NA,NA,NA,NA,NA,NA,NA,NA,NA,NA,NA,NA,NA,NA,NA,NA,NA,NA,NA,NA,NA,NA,NA,NA,NA,NA,NA,NA,NA,NA,NA,NA,NA,NA,NA,NA,NA,NA,NA,NA,NA,NA,NA,NA,NA,NA
714_P1_30-34,-1.73872268815389,-2.07032583391154,NA,-1.83256474619776,-1.62059095094512,NA,-2.20277952018142,-1.98714570059549,-0.671592451134981,-1.53790200812513,-2.37619146466913,-1.78822118002408,-2.05946870164304,0.529915681152312,-1.8468798573276,-2.06046929225012,-1.8418179517764,-1.71936179351362,-2.01496335881558,NA,-2.15042457249024,-1.78602067748863,NA,-0.830172356954331,-2.02626405423605,0.529915681152312,-1.45058845942212,-2.15042457249024,-1.57696445739256,-1.88885585152452,-2.37619146466913,-1.77333298087768,NA,NA,NA,NA,NA,NA,NA,NA,NA,NA,NA,NA,NA,NA,NA,NA,NA,NA,NA,NA,NA,NA,NA,NA,NA,NA,NA,NA,NA,NA,NA,NA,NA,NA,NA,NA,NA,NA,NA,NA,NA,NA,NA,NA,NA,NA,NA,NA,NA,NA,NA
714_P3_30-34,-0.816580921945589,0.265749238426725,0.62014530720394,-1.24977745135315,-1.03171523537923,0.62014530720394,0.868519865066103,-1.03540140207664,1.64272833576763,0.811922196586472,0.674932257264249,-1.53810319176392,-0.99955042318512,0.448976315088606,-1.07397326308129,-1.05145466399316,1.55222614514989,-1.35248033368632,-1.18862105770196,0.62014530720394,0.113430820488397,0.763913409969261,0.62014530720394,0.75592377893374,-1.37388966060618,0.448976315088606,1.01913994100072,0.113430820488397,1.25906906060256,0.935143854497333,0.674932257264249,1.16695540278568,0.62014530720394,NA,NA,NA,NA,NA,NA,NA,NA,NA,NA,NA,NA,NA,NA,NA,NA,NA,NA,NA,NA,NA,NA,NA,NA,NA,NA,NA,NA,NA,NA,NA,NA,NA,NA,NA,NA,NA,NA,NA,NA,NA,NA,NA,NA,NA,NA,NA,NA,NA,NA
714_S1_1-5,0.672118825996821,-1.44048416912185,-0.967493574263929,0.689277268013066,-0.489393463403209,-0.967493574263929,-0.0103937922544136,-1.05863968899372,-0.647966981227147,-1.27770429166513,-0.944521126841772,0.812015970285603,-1.31342553186733,-1.66908951201132,0.591274197928171,-1.34283581172482,-1.17713152266203,-0.71566726374615,-1.21869402415989,-0.967493574263929,0.562061722490933,0.252387737742526,-0.967493574263929,-1.68648090980742,-1.02960799387667,-1.69293858222982,0.243935810707768,0.562061722490933,0.0831182458758743,-0.597402048180529,-0.944521126841772,-0.812347911785776,-0.967493574263929,0.94375254825048,NA,NA,NA,NA,NA,NA,NA,NA,NA,NA,NA,NA,NA,NA,NA,NA,NA,NA,NA,NA,NA,NA,NA,NA,NA,NA,NA,NA,NA,NA,NA,NA,NA,NA,NA,NA,NA,NA,NA,NA,NA,NA,NA,NA,NA,NA,NA,NA,NA
714_S2_1-5,1.41994886889753,-1.99382684568879,-0.785354125393072,1.09475456467131,-0.687237865980798,-0.785354125393072,0.474231048065517,-2.31899896309887,-0.167528144981061,0.325799773399353,-1.0427534689489,1.421987247337,-2.55749667257999,-1.20821065210116,1.14298605488552,-2.04941223640661,-0.318704107991798,-1.49636122372997,-2.17808180333983,-0.785354125393072,0.262853925656262,0.775436084396856,-0.785354125393072,-1.02599033912322,-1.83075165398827,-1.22340784790457,0.775436084396856,0.262853925656262,0.844720393855717,-0.56196412186928,-1.0427534689489,-0.675284192643503,-0.785354125393072,1.46895519681959,-0.801387441756274,NA,NA,NA,NA,NA,NA,NA,NA,NA,NA,NA,NA,NA,NA,NA,NA,NA,NA,NA,NA,NA,NA,NA,NA,NA,NA,NA,NA,NA,NA,NA,NA,NA,NA,NA,NA,NA,NA,NA,NA,NA,NA,NA,NA,NA,NA,NA,NA
714_S2_5-9,-1.40852480340118,-1.70390183382063,-2.15042457249024,-1.49956671739015,-1.27163331673041,-2.15042457249024,-1.84168186832707,-1.72243835923497,-1.54193340937721,-0.133347290626291,-2.11471297207846,-1.46370440756765,-1.78551766630733,-1.69162115664525,-1.51832432230249,-1.76542686739421,-1.57733732956934,-1.44313150487057,-1.71841134855424,-2.15042457249024,NA,-0.931951075037503,-2.15042457249024,-1.65403188339765,-1.78879922325924,-1.62575053867721,-0.235505143420484,NA,-1.09202231223105,-1.54348620616024,-2.11471297207846,-2.0042049814762,-2.15042457249024,0.113430820488397,0.562061722490933,0.262853925656262,NA,NA,NA,NA,NA,NA,NA,NA,NA,NA,NA,NA,NA,NA,NA,NA,NA,NA,NA,NA,NA,NA,NA,NA,NA,NA,NA,NA,NA,NA,NA,NA,NA,NA,NA,NA,NA,NA,NA,NA,NA,NA,NA,NA,NA,NA,NA
714_S3_1-5,1.0647410655493,-1.61845968324179,-0.606068700624772,0.910020788275753,0.277745295329663,-0.606068700624772,-1.08530536735433,-1.81120277646062,-0.797684348728591,0.9019358104004,-0.849596271277311,0.365126631634524,-2.00770088110116,-0.69359081051064,0.674322455440357,-1.48383691038986,-1.00834883838811,0.601265940263284,-1.80294626173787,-0.606068700624772,0.617290376734902,0.509830825773838,-0.606068700624772,-0.440979941387944,-1.49221929596514,-0.677350460429645,0.509830825773838,0.617290376734902,0.391147298344216,-0.0967449137038387,-0.849596271277311,-0.460604679874543,-0.606068700624772,1.72305958698233,0.713356520180967,-1.20833602545167,0.617290376734902,NA,NA,NA,NA,NA,NA,NA,NA,NA,NA,NA,NA,NA,NA,NA,NA,NA,NA,NA,NA,NA,NA,NA,NA,NA,NA,NA,NA,NA,NA,NA,NA,NA,NA,NA,NA,NA,NA,NA,NA,NA,NA,NA,NA,NA,NA
714_S3_5-9,1.08789318708465,-1.34763773106522,-1.08096468705624,0.755730488815279,0.0872037135423935,-1.08096468705624,-0.655076722386603,-1.78827129209182,-0.97245615141957,0.853887367195659,-1.34501117952925,0.688958080785201,-1.89149182117949,-1.09535535402007,0.634631315140825,-1.50996481143751,-1.30188995203785,0.563031200575631,-1.65048039267493,-1.08096468705624,0.0938076100016872,0.0623476906757466,-1.08096468705624,-0.781212491869909,-0.718154611005562,-1.09067327635969,0.0623476906757466,0.0938076100016872,-0.0698923628128624,-0.646602752675076,-1.34501117952925,-0.949395787534677,-1.08096468705624,1.53027752799972,0.377019872174621,-0.89041297062965,0.0938076100016872,0.752064928766099,NA,NA,NA,NA,NA,NA,NA,NA,NA,NA,NA,NA,NA,NA,NA,NA,NA,NA,NA,NA,NA,NA,NA,NA,NA,NA,NA,NA,NA,NA,NA,NA,NA,NA,NA,NA,NA,NA,NA,NA,NA,NA,NA,NA,NA
714_S3_10-14,0.223674136859056,-1.56903902770984,-1.11915254990572,0.186300223612113,-0.291435150426196,-1.11915254990572,-0.973346156330034,-1.32712292912672,-1.61455168764072,1.1372717963493,-1.3839392473727,0.229917532224014,-1.56741273912767,-1.6463225354977,0.0451581446038431,-1.54781903606482,-1.70551190395893,0.276653151524622,-1.35927350047934,-1.11915254990572,0.239692617562447,NA,-1.11915254990572,-1.45371039355691,-0.956152091882878,-1.66616322555374,NA,0.239692617562447,-2.08353797039379,-1.04608055933653,-1.3839392473727,-0.996439969772496,-1.11915254990572,1.32684845991401,0.705740777114324,0.775436084396856,0.239692617562447,0.509830825773838,0.0623476906757466,NA,NA,NA,NA,NA,NA,NA,NA,NA,NA,NA,NA,NA,NA,NA,NA,NA,NA,NA,NA,NA,NA,NA,NA,NA,NA,NA,NA,NA,NA,NA,NA,NA,NA,NA,NA,NA,NA,NA,NA,NA,NA,NA,NA
715_P1_1-5,0.758410545558543,1.50056980727307,-1.0595420180949,-0.348007571585546,0.299462526550368,-1.0595420180949,0.910392117993174,0.574406835425154,-0.383631900247343,1.00878698547475,-0.881395636009267,-0.729514975383374,0.777120110738671,-1.10317279207494,-0.474245336091115,0.36237049344625,-0.511653706935657,0.72869231513169,-0.0810985171373129,-1.0595420180949,-0.593262721267409,0.377570897348267,-1.0595420180949,-0.945269255753993,0.010723542137263,-1.09790728546662,0.377570897348266,-0.593262721267409,1.40298592251321,0.133663432001484,-0.881395636009267,-0.93844391728591,-1.0595420180949,-0.312492614731499,1.09037060954202,1.86259001361161,-0.593262721267409,1.43685033967202,1.43049883633196,0.377570897348267,NA,NA,NA,NA,NA,NA,NA,NA,NA,NA,NA,NA,NA,NA,NA,NA,NA,NA,NA,NA,NA,NA,NA,NA,NA,NA,NA,NA,NA,NA,NA,NA,NA,NA,NA,NA,NA,NA,NA,NA,NA,NA,NA
715_P1_10-14,1.75053447463015,0.589407128771998,-0.185212357091353,2.99447746772356,1.31378330036487,-0.185212357091353,1.103403970722,1.27225100701491,1.2911128552448,0.675081937800793,0.414932780707209,2.12514419652934,1.16826194320064,-0.526336800777197,2.1512785901562,0.956364264142046,1.16212081953267,1.42933448612466,0.477579654800468,-0.185212357091353,0.10194694838865,0.602300982621946,-0.185212357091353,-0.155145070491134,0.423465653418673,-0.526336800777197,0.602300982621946,0.10194694838865,2.68031125997863,1.6920860883023,0.414932780707209,0.636274594324451,-0.185212357091353,0.399614400974426,0.546281067844167,0.956348585391481,0.10194694838865,1.22254515989258,1.0430495154786,0.602300982621946,1.92610772343855,NA,NA,NA,NA,NA,NA,NA,NA,NA,NA,NA,NA,NA,NA,NA,NA,NA,NA,NA,NA,NA,NA,NA,NA,NA,NA,NA,NA,NA,NA,NA,NA,NA,NA,NA,NA,NA,NA,NA,NA,NA,NA
715_P1_20-24,2.97144022827066,0.192508959472377,-0.587671957423559,3.2678643955664,0.181163276261303,-0.587671957423559,1.44933985676764,-0.0422258042788486,1.01565495137506,-0.43672373973715,-0.1263379878948,2.93703951853431,-0.136808968318676,-1.01324458342064,2.81103239187056,0.101824554904066,0.762129433317513,0.138047928388847,-0.579603138185511,-0.587671957423559,-0.308426982006719,0.332277223174017,-0.587671957423559,-0.626688130739673,-1.03918051645823,-1.01324458342064,0.332277223174018,-0.308426982006719,2.13353916645404,0.722804669801645,-0.1263379878948,0.132320297304414,-0.587671957423559,-0.528768160625633,-0.533296424921518,-0.215767538546718,-0.308426982006719,0.264803028307105,0.0325092707525586,0.332277223174017,2.48201132130699,-0.283778779606379,NA,NA,NA,NA,NA,NA,NA,NA,NA,NA,NA,NA,NA,NA,NA,NA,NA,NA,NA,NA,NA,NA,NA,NA,NA,NA,NA,NA,NA,NA,NA,NA,NA,NA,NA,NA,NA,NA,NA,NA,NA
715_P1_30-34,3.03050866476196,0.278247170574938,-2.07020913362209,2.83432496403443,0.986702988019856,-2.07020913362209,0.590714348502618,-1.00195629315821,-1.20738396945818,-1.86720300228237,-1.84870598286265,2.82604041245242,-0.963268170034635,-2.32906208509593,2.40973005430324,-0.582671193697124,-1.58342971777106,1.01259213801122,-0.897601533328373,-2.07020913362209,-1.72033413968729,-1.64522601676227,-2.07020913362209,-2.13543559103119,-1.13892030301891,-2.32906208509593,-1.64522601676227,-1.72033413968729,-0.435383913844163,-1.716043710358,-1.84870598286265,-1.6970099072776,-2.07020913362209,-1.08555040487968,-1.74028205391431,-2.00470955031358,-1.72033413968729,-1.48668467347231,-1.61118561517627,-1.64522601676227,1.50665115046361,-0.767731819987152,-0.799864734303221,NA,NA,NA,NA,NA,NA,NA,NA,NA,NA,NA,NA,NA,NA,NA,NA,NA,NA,NA,NA,NA,NA,NA,NA,NA,NA,NA,NA,NA,NA,NA,NA,NA,NA,NA,NA,NA,NA,NA,NA
715_P2_1-5,0.452808545728055,-0.0723388248573782,-1.97686646507831,0.324059086718546,0.0308293866055389,-1.97686646507831,1.93487372908752,-0.852244000120056,-0.617892116600335,-0.91437686730552,-1.86755797456476,0.885566671316798,-0.641117981748061,-1.57496882656164,0.368641675180786,-0.0783157526359501,-1.44668306506167,0.181993277625207,-0.527308421068072,-1.97686646507831,-1.69478275386169,-1.12782721345248,-1.97686646507831,-1.23102243423618,-0.968537180384174,-1.57496882656164,-1.12782721345248,-1.69478275386169,-1.00487440842797,-1.06890610681327,-1.86755797456476,-1.94822345110451,-1.97686646507831,-1.53713541063656,-1.04265074768735,-1.8878761358652,-1.69478275386169,-2.03968114396045,-1.13638828782239,-1.12782721345248,-0.891827415783353,-0.341854631345965,-0.552897670832957,1.11796263158598,NA,NA,NA,NA,NA,NA,NA,NA,NA,NA,NA,NA,NA,NA,NA,NA,NA,NA,NA,NA,NA,NA,NA,NA,NA,NA,NA,NA,NA,NA,NA,NA,NA,NA,NA,NA,NA,NA,NA
715_P2_10-14,-0.479407655371376,-0.757921617167451,-1.97570513906541,-0.240851309012079,-0.776385247137409,-1.97570513906541,-0.268467445148986,-0.412123291989821,-0.597020177418651,-1.03877721668001,-1.87405988812724,-0.641558978549928,-0.787403867371437,-1.65858233812133,-0.50753350903521,-0.855243245046088,-1.46277357418846,-0.731826842882922,-0.625017207706575,-1.97570513906541,-1.70600005833406,-1.12783089701699,-1.97570513906541,-1.36171515087008,0.170396220454718,-1.65858233812133,-1.12783089701699,-1.70600005833406,-0.924562813066344,-1.12363469813416,-1.87405988812724,-1.68314280757306,-1.97570513906541,-0.993407768908452,-1.11623620074295,-1.94609790620668,-1.70600005833406,-1.66098094721163,-1.20842749225233,-1.12783089701699,0.109463149171433,0.424220489963929,-1.02915020759754,-1.29127044190647,-1.12743628071476,NA,NA,NA,NA,NA,NA,NA,NA,NA,NA,NA,NA,NA,NA,NA,NA,NA,NA,NA,NA,NA,NA,NA,NA,NA,NA,NA,NA,NA,NA,NA,NA,NA,NA,NA,NA,NA,NA
715_P2_20-24,0.20480096084239,-0.466184543208482,-2.06178662081584,0.511370627688686,-0.180970810421783,-2.06178662081584,0.408738093373424,1.25583093527786,-0.656474106973355,-1.13887942024147,-1.87570209959433,0.588596495544309,1.00122884235416,-1.68465129025673,0.16066850062273,0.615733617543984,-1.25050127094662,-0.370895578235428,0.154044252518645,-2.06178662081584,-1.83059290971952,-1.11358709000319,-2.06178662081584,-1.4341016840227,0.642337530733821,-1.68465129025673,-1.11358709000319,-1.83059290971952,-0.679229765508536,-1.04629795885257,-1.87570209959433,-1.36739707780563,-2.06178662081584,-1.04127691698996,-1.14516019483442,-1.90340460423756,-1.83059290971952,-1.58319995925505,-1.08345237111663,-1.11358709000319,0.735193649847594,1.00872729292671,0.00191512960618757,-0.15017638210993,0.105542506511145,1.19587014812313,NA,NA,NA,NA,NA,NA,NA,NA,NA,NA,NA,NA,NA,NA,NA,NA,NA,NA,NA,NA,NA,NA,NA,NA,NA,NA,NA,NA,NA,NA,NA,NA,NA,NA,NA,NA,NA
715_P3_1-5,0.550660301790874,0.105783424037739,-1.75061053587972,1.57858402576312,-0.179152996579764,-1.75061053587972,1.99724698937957,-0.651304303839751,0.0771662395983561,-0.380356588078374,-1.75337316377811,0.325311108904765,-0.443451837371314,-1.25050704377539,0.700083250616819,0.244295048574808,-0.16468898733532,-0.504001987761705,-0.306717330668531,-1.75061053587972,-1.48441967268074,-0.409201171924073,-1.75061053587972,-0.683722554771119,-0.769374893713578,-1.25050704377539,-0.409201171924073,-1.48441967268074,0.134907121955004,-0.806823286084823,-1.75337316377811,-1.23978064692561,-1.75061053587972,-1.28060309463219,-0.727025172936452,-0.950139158502402,-1.48441967268074,-1.11625578644036,0.0719597846829542,-0.409201171924073,-0.811728428479912,0.0458553761854274,-0.309052901875021,0.710801633260125,0.0641072118128386,-0.72788230886909,-0.177253649956362,NA,NA,NA,NA,NA,NA,NA,NA,NA,NA,NA,NA,NA,NA,NA,NA,NA,NA,NA,NA,NA,NA,NA,NA,NA,NA,NA,NA,NA,NA,NA,NA,NA,NA,NA,NA
715_P3_10-14,0.652010210323757,1.57540075151458,-2.11677097932427,0.463206668759186,1.25290856344407,-2.11677097932427,0.500187351163243,-0.557814688613464,-0.448039371550257,-0.362025835211469,-1.8974705564754,0.00373569926281036,-0.184823729064473,-1.87365210723874,0.817656737286847,0.603392014528818,-1.30570216395646,1.3083701928541,0.406186434650648,-2.11677097932427,-1.82041289038728,-1.17838250140062,-2.11677097932427,-1.57211657488462,-0.922568110459393,-1.87365210723874,-1.1549648419676,-1.82041289038728,-0.410216715144318,-1.16059548386241,-1.8974705564754,-1.66780670722399,-2.11677097932427,-1.01803214415784,0.336687393447087,0.642027155109754,-1.82041289038728,0.0206278657556618,0.13442836315676,-0.379459937651126,-0.164076328600314,2.86206377518893,3.28937118780837,2.84918136923948,0.302044589768685,-0.627222349867964,0.761389849596543,0.453991592522045,NA,NA,NA,NA,NA,NA,NA,NA,NA,NA,NA,NA,NA,NA,NA,NA,NA,NA,NA,NA,NA,NA,NA,NA,NA,NA,NA,NA,NA,NA,NA,NA,NA,NA,NA
715_P3_20-24,1.65735842727041,0.32634025593733,-2.12628002980706,2.56781372969287,0.0207456850238521,-2.12628002980706,0.927891617438598,-0.477694705580834,-1.13176505290431,-1.59076207583697,-2.07326289810173,1.43502142991028,0.124062203716395,-2.19376711880032,1.53879060086653,-0.00576103907360588,-1.98032313049925,0.814869509736344,0.731088838256766,-2.12628002980706,-1.7965411392984,-1.62493533294932,-2.12628002980706,-2.00849842774707,-0.814863360130806,-2.19376711880032,-1.62493533294932,-1.7965411392984,-1.24034671564027,-1.72738118145453,-2.07326289810173,-1.88889878524405,-2.12628002980706,-1.22726836721666,-1.53314147586822,-2.31222460849625,-1.7965411392984,-2.02816264754197,-1.69189869508099,-1.62493533294932,-0.0965187506029972,-0.248524225474745,-0.793999193706552,-1.15860252886616,-0.390582865227156,-0.854830471891415,0.692245156376827,-0.05871790528759,1.98881221137107,NA,NA,NA,NA,NA,NA,NA,NA,NA,NA,NA,NA,NA,NA,NA,NA,NA,NA,NA,NA,NA,NA,NA,NA,NA,NA,NA,NA,NA,NA,NA,NA,NA,NA
715_P3_30-34,0.348777488068116,-0.0259187894272348,-1.4066970893184,0.525344328292988,0.402817601811875,-1.4066970893184,1.55992849757739,-0.323608305020284,-0.182402158719202,-0.717928815792213,-1.40841818777533,0.509573584816883,-0.378905994648948,-1.38577172183328,-0.0138980945773023,-0.0666257860887197,-0.5042018740167,0.0924133050889328,-0.629390036437438,-1.4066970893184,-1.1297508343862,-0.684190982362877,-1.4066970893184,-1.21803003910468,-1.03690590194152,-1.38577172183328,-0.684190982362877,-1.1297508343862,-0.102883510306134,-0.834547003113235,-1.40841818777533,-0.809124834327271,-1.4066970893184,-1.11105026036032,-0.597195226675855,-0.515184754840246,-1.1297508343862,-0.199017581695832,-0.339967053771291,-0.684190982362877,0.588836394082149,1.1584632000852,-0.159055300367044,-0.445796951478245,0.475962765636763,-0.950846452007306,-0.547574874195058,0.859160240057551,0.97135327563391,0.228984566462553,NA,NA,NA,NA,NA,NA,NA,NA,NA,NA,NA,NA,NA,NA,NA,NA,NA,NA,NA,NA,NA,NA,NA,NA,NA,NA,NA,NA,NA,NA,NA,NA,NA
715_S1_1-5,0.856917490722855,0.867616632655733,0.520746855757071,0.893934282618886,1.05654709088136,0.520746855757071,0.0899088110463223,0.919279946341675,0.304137860343434,0.759750188101639,0.54856761057349,1.02473476520961,0.912654134667528,-1.0543828419351,0.945673939017163,0.921204939505431,0.472383252947546,0.995864657767355,0.987071581838157,0.520746855757071,0.640740205582385,0.775481200301942,0.520746855757071,-0.907878362033106,0.954606828988637,-1.1323500777711,0.833738113949633,0.640740205582385,0.802242305050904,0.726426574533703,0.54856761057349,0.762694384781081,0.520746855757071,1.01262587606973,0.686424255535824,0.660451995413094,0.640740205582385,1.01482078503437,1.03358084473069,1.04834140004393,1.06004367118309,1.08340199884409,0.954168219611589,0.916426757798839,0.963889156332562,0.96874528479873,0.932842273176867,1.06769360412286,0.948868964158986,0.943919244426704,0.925970328860224,NA,NA,NA,NA,NA,NA,NA,NA,NA,NA,NA,NA,NA,NA,NA,NA,NA,NA,NA,NA,NA,NA,NA,NA,NA,NA,NA,NA,NA,NA,NA,NA
715_S2_10-14,-1.40852480340118,-1.70390183382063,-2.15042457249024,-1.49956671739015,-1.27163331673041,-2.15042457249024,-1.84168186832707,-1.72243835923497,-1.54193340937721,-0.133347290626291,-2.11471297207846,-1.46370440756765,-1.78551766630733,-1.69162115664525,-1.51832432230249,-1.76542686739421,-1.57733732956934,-1.44313150487057,-1.71841134855424,-2.15042457249024,NA,-0.931951075037503,-2.15042457249024,-1.65403188339765,-1.78879922325924,-1.62575053867721,-0.235505143420484,NA,-1.09202231223105,-1.54348620616024,-2.11471297207846,-2.0042049814762,-2.15042457249024,0.113430820488397,0.562061722490933,0.262853925656262,NA,0.617290376734902,0.0938076100016872,0.239692617562447,-0.593262721267409,0.10194694838865,-0.308426982006719,-1.72033413968729,-1.69478275386169,-1.70600005833406,-1.83059290971952,-1.48441967268074,-1.82041289038728,-1.7965411392984,-1.1297508343862,0.640740205582385,NA,NA,NA,NA,NA,NA,NA,NA,NA,NA,NA,NA,NA,NA,NA,NA,NA,NA,NA,NA,NA,NA,NA,NA,NA,NA,NA,NA,NA,NA,NA
716_P1_1-5,-0.189966790160032,-0.0882653469460161,-1.12891084524871,-0.023399474221581,-0.215725500230909,-1.12891084524871,0.524125881472524,-0.0829979086484328,0.689693948218478,0.193926346065231,-0.742380312880312,-0.613241482525374,-0.167347021644303,-1.01937913526713,-0.354664129685521,0.21466879088208,0.134646366935791,-0.102052198891813,-0.728582807887122,-1.12891084524871,-0.743283684552568,0.196166924535836,-1.12891084524871,-0.493836550402359,-1.16865098934407,-1.01937913526713,0.196166924535836,-0.743283684552568,1.07891404132885,0.321468230704869,-0.742380312880312,-0.524821875791609,-1.12891084524871,-0.996242924709037,-0.121709268442722,0.143287756425975,-0.743283684552568,-0.317765010569956,0.412274656168179,0.196166924535836,0.837630873202285,0.466711231577942,0.185643217413846,0.279833577543887,-0.816794560911897,-1.35465630190124,-0.303586083417691,-0.954874048484471,0.232936747445824,-0.712403758636779,0.0332409325340619,1.0862713819914,-0.743283684552568,NA,NA,NA,NA,NA,NA,NA,NA,NA,NA,NA,NA,NA,NA,NA,NA,NA,NA,NA,NA,NA,NA,NA,NA,NA,NA,NA,NA,NA,NA
716_P1_10-14,0.141475727906014,0.219252226504402,-2.01134996132996,0.151207522306184,-0.332405433629775,-2.01134996132996,0.843466583692248,0.26363174279591,-0.575470861342088,-0.994276800534561,-1.80011849247232,-0.174256533642461,0.247139650614834,-1.79487583655677,0.0495981868350102,1.1923688738056,-1.59198112084323,-0.069605401553691,-1.03011803889539,-2.01134996132996,-1.65161580875853,-1.06661341740556,-2.01134996132996,-1.47648833611023,-0.79372552180757,-1.79487583655677,-1.06661341740556,-1.65161580875853,-0.752600353793196,-1.08340187987605,-1.80011849247232,-1.92514861675856,-2.01134996132996,-1.33049198562928,-1.11603558950422,-1.90809791514358,-1.65161580875853,-1.47784341362702,-1.16902423721832,-1.06661341740556,0.118688532608596,0.270426782331307,-0.134427804238071,1.03951636461463,0.335440703610286,-0.94226444763208,-0.102795397765389,0.207971301083468,0.474505623035745,0.752789781000458,-0.133778388142656,0.946371932971331,-1.65161580875853,-0.752475843809047,NA,NA,NA,NA,NA,NA,NA,NA,NA,NA,NA,NA,NA,NA,NA,NA,NA,NA,NA,NA,NA,NA,NA,NA,NA,NA,NA,NA,NA
716_P1_30-34,-0.208808892870985,0.270061710296731,-1.07952469198832,-0.214215580356444,-0.248473771019241,-1.07952469198832,-0.4192213140596,-1.25466361212388,0.234440593631127,-0.165738027105191,-0.861866442293944,-0.326440493437152,-1.11470737127941,-0.610171836738122,-0.222619439798352,-0.0400249905285899,0.423307023127241,-0.485580902919066,-1.45290444246601,-1.07952469198832,-0.925761991153458,-0.489794162365486,-1.07952469198832,-0.343909506039472,-0.529308711322491,-0.610171836738122,-0.677245279371542,-0.925761991153458,0.701327069667941,-0.326104569757401,-0.861866442293944,-0.460790063330021,-1.07952469198832,-0.445285805444825,0.0407368792036152,0.828539106764157,-0.925761991153458,0.460574185537191,0.424040935949504,-0.63863858553029,1.00626037525191,1.23872666513466,1.13451921269914,-0.0412074093046248,-0.85522564600827,-0.645937409741795,-0.686299992817923,-0.00446675879194475,-0.187034978813279,-0.826061435776385,0.0200824161771453,-0.225783284606698,-0.925761991153458,0.310859874540031,-0.977791061518702,NA,NA,NA,NA,NA,NA,NA,NA,NA,NA,NA,NA,NA,NA,NA,NA,NA,NA,NA,NA,NA,NA,NA,NA,NA,NA,NA,NA
716_P2_1-5,-0.845993634865074,-0.887254112539184,-2.53626368623014,-0.403805200987476,-1.01347447184858,-2.53626368623014,-0.818322450004057,1.13587518068136,-1.17425997100075,-1.58787991587979,-2.4886879035035,-0.874287298008689,-0.411828835384907,-2.19238778550449,-0.869759190266055,-0.751138264007327,-1.86367841798047,-1.01069880323538,-0.845441582067181,-2.53626368623014,-2.23446912049263,-1.6022346431835,-2.53626368623014,-1.92185980911827,0.637149690863671,-2.19238778550449,-1.6022346431835,-2.23446912049263,-1.39557000754134,-1.81238300484544,-2.4886879035035,-2.62234773466824,-2.53626368623014,-1.76802383191103,-1.64923827557263,-2.72890035529698,-2.23446912049263,-2.54893981017029,-1.51294236575708,-1.6022346431835,-0.775330394510118,0.161392852681474,-0.970002253732112,-0.913930494793935,-1.17195413322311,1.69134919824719,1.84905473648954,-0.76563060052975,-0.870678627793678,-0.699719644215705,-1.04212441617644,0.980036598683483,-2.23446912049263,-1.44980308535974,-1.14992597331973,-0.982331851947173,NA,NA,NA,NA,NA,NA,NA,NA,NA,NA,NA,NA,NA,NA,NA,NA,NA,NA,NA,NA,NA,NA,NA,NA,NA,NA,NA
716_P2_10-14,-0.911766972804398,-1.00255314645046,-2.40603287501248,-0.574010441312088,-1.01747396174262,-2.40603287501248,-0.71763824290709,-0.39262364262133,-1.0341566887739,-1.37482479505908,-2.34996077258726,-0.975990859044719,-0.374470230491117,-1.98888235980703,-0.938732044087612,-0.818917082103659,-1.53344319378796,-1.02315163677685,-0.675423445983031,-2.40603287501248,-2.14814005350489,-1.4174700969417,-2.40603287501248,-1.69399877126539,0.346571749639952,-1.98888235980703,-1.4174700969417,-2.14814005350489,-1.19760054879069,-1.588469387941,-2.34996077258726,-2.31798415999879,-2.40603287501248,-1.48190198225674,-1.45082280843666,-2.46974081679602,-2.14814005350489,-2.14143745732403,-1.2569372858744,-1.4174700969417,-0.388331502698209,0.0864678697078312,-1.05249648412271,-1.1056661290575,-0.999372169303043,-0.175534802289958,1.18753350979524,-0.835270023923141,-0.988324988161274,-0.850272758933647,-1.02049532628228,0.92794656495163,-2.14814005350489,-1.14692805367491,-0.892539260001929,-0.879597500840895,0.410017557684223,NA,NA,NA,NA,NA,NA,NA,NA,NA,NA,NA,NA,NA,NA,NA,NA,NA,NA,NA,NA,NA,NA,NA,NA,NA,NA
716_P2_20-24,0.0872602800038151,-0.395887111680819,-1.4990305164082,1.04373764028476,1.6797956285746,-1.4990305164082,-0.0571832437885271,-0.447832421150724,-0.314063464665574,-0.897909104213939,-1.11640365255669,-0.155479189755508,-0.504091722615721,-1.16753105706421,1.26186238925593,-0.112659784321442,-0.428914721926134,-0.289798265722741,-0.630358325761359,-1.4990305164082,-1.41335086827703,-0.954950164356459,-1.4990305164082,-0.946601937032734,-0.497961052810019,-1.16753105706421,-0.954950164356459,-1.41335086827703,0.418963012938896,-0.242015948686526,-1.11640365255669,-0.371153555601921,-1.4990305164082,-0.462846441945374,-0.826725557230818,-1.24836819637701,-1.41335086827703,-0.979524456081405,-0.518235572769582,-0.954950164356459,0.616666183491391,0.977311386235583,0.31938406093587,-0.605214410250116,-0.811341961816358,-0.298039531499397,-0.0702140916249683,-0.398531904391261,1.63399315228496,-0.305310946258934,-0.902844514131375,1.00117694754534,-1.41335086827703,-0.294292315352991,-0.346844544243985,-0.140392079364973,-0.755476990672227,-0.693705064386354,NA,NA,NA,NA,NA,NA,NA,NA,NA,NA,NA,NA,NA,NA,NA,NA,NA,NA,NA,NA,NA,NA,NA,NA,NA
716_P2_30-34,-0.670360265348672,-1.15562848237633,-2.67590294331529,-0.744193281899484,-0.501327364274616,-2.67590294331529,-1.11129692425444,-1.16470191737656,1.62427165459357,-0.417841006113543,-2.59273815089522,-0.680481747543969,-1.32030156236394,-1.09402045393506,-0.809711748449774,-1.28160898618538,-0.0815257060155047,-0.719087727385567,-1.15726704191416,-2.67590294331529,-2.69240972647617,-0.789277125662984,-2.67590294331529,0.310567792317101,-1.17353813172284,-0.953643561388795,-0.219977909944647,-2.69240972647617,-0.483883090581971,-2.25445683942998,-2.59273815089522,-2.08021085324889,-2.67590294331529,1.35940732627159,-0.482644228520106,0.213970992349048,-2.69240972647617,0.489647754187037,0.0964122735765374,0.125512605811973,-0.36862021723048,1.28672403392924,0.857894240182177,-1.07657196002393,-1.05053028852271,-1.11020351516735,-1.2652597689125,-0.549797665830243,-1.21046669726188,-1.24728846320519,-0.489359843960553,0.961544201989756,-2.69240972647617,0.320820992659155,-1.03554028698481,-0.0726020143294758,-1.7869507230201,-1.62482210425675,-0.617856921689317,NA,NA,NA,NA,NA,NA,NA,NA,NA,NA,NA,NA,NA,NA,NA,NA,NA,NA,NA,NA,NA,NA,NA,NA
716_P3_1-5,1.31039472761262,0.106335849538406,-1.73517922295893,1.65762972535972,0.180084233339243,-1.73517922295893,1.77015887815158,-0.718530166360155,-0.0547317379167083,-0.82499385776707,-1.5827895224814,2.82626075395347,-0.374420764969583,-1.31681202257714,1.20911211691487,-0.266240105493954,-1.17879462823098,0.220485944535722,1.30159172896791,-1.73517922295893,-1.44723601526021,-0.599478711412436,-1.73517922295893,-0.996204037682201,-0.811850603850726,-1.31681202257714,-0.599478711412436,-1.44723601526021,-0.631229254549412,-0.671793477701977,-1.5827895224814,-1.43349213422735,-1.73517922295893,-1.2546338155765,-0.87872148703435,-1.47022769498912,-1.44723601526021,-1.30514174335248,-1.18146896450262,-0.599478711412436,0.425899255511002,-0.0681618935417937,-0.47319253170506,-0.907647142494813,0.0301644613857678,-1.10143142729016,-0.121480541478611,0.0900528929173732,1.6623071171059,-0.781792426884766,-0.403158189226842,0.984526087404828,-1.44723601526021,-0.596385154469184,0.217495284372973,-0.964300151572633,-0.768200928826361,-0.740645864324896,-0.868580680842297,-0.782322099254356,NA,NA,NA,NA,NA,NA,NA,NA,NA,NA,NA,NA,NA,NA,NA,NA,NA,NA,NA,NA,NA,NA,NA
716_P3_10-14,-0.775173903473872,-0.959210071724176,-2.28846264280399,-0.273814194711815,-1.02597575905259,-2.28846264280399,-0.636475751049817,1.71631113718442,-0.853637615103256,-1.25568063354305,-2.22142052728145,-0.83327100849006,0.186423983091503,-1.95630449112684,-0.807886386534332,-0.331183704923842,-1.75561719176012,-0.952119167408668,-0.621362294490468,-2.28846264280399,-1.96539346432815,-1.30687455841267,-2.28846264280399,-1.60207798313666,0.980676051752893,-1.95630449112684,-1.30687455841267,-1.96539346432815,-1.24742031866968,-1.51104095866732,-2.22142052728145,-2.24355617908311,-2.28846264280399,-1.51163177618252,-1.4018921661988,-2.38545849689652,-1.96539346432815,-2.05557197832593,-1.44466909813191,-1.30687455841267,-0.369663206660362,0.277262811899188,-0.928389607513587,-0.904594647040618,-0.96831826279255,1.74268726345165,2.02195064958075,-0.824680776178279,-0.842894148542406,-0.217113417253267,-1.07656320947048,0.981502087577394,-1.96539346432815,-1.22029529089392,-0.838569039466697,-1.05151957342417,-0.195270367225046,1.76056410598703,-0.711809599955429,-1.39117121308925,-0.625325266130707,NA,NA,NA,NA,NA,NA,NA,NA,NA,NA,NA,NA,NA,NA,NA,NA,NA,NA,NA,NA,NA,NA
716_P3_20-24,0.997703903936666,0.00578120384420619,-2.05223951571723,2.04255026498779,1.14056871361452,-2.05223951571723,0.310094165838349,2.33337167796235,-0.647272654563993,-1.12538107765555,-1.63252574493267,2.46293048692255,2.78599211326528,-1.63655900429456,1.1672391707767,3.45344645992692,-1.12575598103947,1.18080952711408,1.661311208679,-2.05223951571723,-1.75846411065089,-1.119793442479,-2.05223951571723,-1.39927061502084,0.0463501873748692,-1.63655900429456,-1.119793442479,-1.75846411065089,0.119112692207709,-0.715778523600456,-1.63252574493267,-1.67501671695755,-2.05223951571723,-0.66176426442678,-1.07117941353816,-1.41945009114063,-1.75846411065089,-1.03832183575097,-0.961446997842547,-1.119793442479,1.90928946230107,2.4559564774586,2.35722120708758,3.27852487516845,2.65788789552645,0.42140076000123,1.11234663410199,1.03051257518631,2.332233685051,3.62632407718006,2.68797442907266,1.00424880096684,-1.75846411065089,0.312178643845806,1.71264457000925,-1.13126030018709,-0.501454919494983,-0.404747201415814,-0.0440117596277336,-1.23525795373249,1.45556584690347,-0.614313841733649,NA,NA,NA,NA,NA,NA,NA,NA,NA,NA,NA,NA,NA,NA,NA,NA,NA,NA,NA,NA,NA
716_P3_30-34,-0.751553321579572,-1.96060782788025,-0.937709638015877,-1.11578793591751,-0.735289484517395,-0.937709638015877,-1.63701727157701,-2.36573220909478,-0.742632867170342,-1.54704658286694,-1.614556528622,-1.14896893438603,-2.5065983662385,-0.599855676648904,-1.35926677356774,-2.0891903296684,-1.4778126848538,-1.17236335677015,-2.42919037143876,-0.937709638015877,-1.41659930016749,-1.82174330414027,-0.937709638015877,-0.708744938437945,-1.33888480487199,-0.599855676648904,-1.95401732742698,-1.41659930016749,-2.15711839905178,-1.91979738208625,-1.614556528622,-0.549782698641036,-0.937709638015877,0.985027766714328,-1.13657461128728,-0.797196378605841,-1.41659930016749,-1.53668842962282,-1.8317301759647,-1.84775268925697,-0.815797239734306,-0.0841628550717161,-0.498549585492215,-2.21241875874304,-1.90606764461834,-1.96349454316264,-1.65300625797334,-0.862446043950687,-1.67725600692801,-2.51173765264447,-0.961157983410364,-0.624014082178134,-1.41659930016749,-0.788208149500725,-2.14424984336522,0.317685172968488,-2.32830865323864,-1.95647893983728,-0.787291780000468,-1.04264730956976,-1.61807808792667,-2.31211307537184,-1.49422610518752,NA,NA,NA,NA,NA,NA,NA,NA,NA,NA,NA,NA,NA,NA,NA,NA,NA,NA,NA,NA
716_S1_1-5,0.188961677641964,-0.989905464203271,-1.11212608474049,-0.514063793028639,0.623033024321119,-1.11212608474049,-1.14449006714839,-1.21139960633341,-0.893405412505205,0.607141863261146,-1.29761073807084,-0.305178572353763,-1.24437021565266,-1.84679528149467,-0.372756197529068,-0.532302295785204,-1.25517417813331,-0.244951178857969,-1.13136607980587,-1.11212608474049,-0.145728917034824,-1.22954526879787,-1.11212608474049,-1.6364606192592,-0.291138802552888,-1.87992679344869,-1.22954526879787,-0.145728917034824,1.68863362462784,-1.23120450255427,-1.29761073807084,-0.974375152063941,-1.11212608474049,1.576020243162,-0.908674149315587,-1.13209145166462,-0.145728917034824,-1.06849813162866,-0.636369795867685,-1.22954526879787,1.23873191156494,2.27148616418867,1.16585495848274,-0.617905862141477,-0.990118000033321,-0.600102139297046,-0.521794415058582,-0.0415236967311226,-0.26974815640462,-1.0343805375143,0.194161065565599,0.826877911831263,-0.145728917034824,0.734215490143239,-0.672163525921892,-0.327348599854606,-1.08973240086054,-0.86819273902973,0.200818074653431,0.165345994655785,-0.502260859095612,-0.989449494508002,-0.0701442623345988,-2.06736122969204,NA,NA,NA,NA,NA,NA,NA,NA,NA,NA,NA,NA,NA,NA,NA,NA,NA,NA,NA
716_S1_20-24,-1.13713961368353,-1.5687217116108,-2.37619146466913,-1.25998633579842,-0.73287343945849,-2.37619146466913,-1.75020621590985,-1.32977260058005,-0.559399348009617,-1.56397680655319,-2.37619146466913,-1.21871845337632,-1.45761418535732,0.213691959715181,-1.22098918995516,-1.33254496859224,-1.78753698799472,-1.04074008647667,-1.45656984161485,-2.37619146466913,-2.02679880508166,-1.8484947181162,-2.37619146466913,-0.953116171202814,-1.40607319102568,0.305192066286517,-1.48395786458519,-2.02679880508166,-1.57613556315536,-1.48481875656022,-2.37619146466913,-1.78419337443896,-2.37619146466913,1.19131883611127,-0.842633966200074,-0.675263399106449,-2.02679880508166,-0.456713119260735,-1.04324167230954,-1.09106429098771,-0.872226207276919,1.32938806656284,0.706893388091223,-1.33082178108734,-1.39144328878988,-1.39908638141454,-1.33552930834231,-1.21668621630234,-1.38949018860311,-1.62774806945024,-0.792885655681717,0.759786298951724,-2.02679880508166,-0.0792765974644056,-1.34730321781479,-0.0182550241889677,-2.13626855837144,-1.93112152041919,-0.199961757201383,-2.58135128292775,-1.03706352458252,-1.83573657764973,-1.05233513328338,-0.623790800254249,-1.0169457001926,NA,NA,NA,NA,NA,NA,NA,NA,NA,NA,NA,NA,NA,NA,NA,NA,NA,NA
716_S1_30-34,-1.73872268815389,-2.07032583391154,NA,-1.83256474619776,-1.62059095094512,NA,-2.20277952018142,-1.98714570059549,-0.671592451134981,-1.53790200812513,-2.37619146466913,-1.78822118002408,-2.05946870164304,0.529915681152312,-1.8468798573276,-2.06046929225012,-1.8418179517764,-1.71936179351362,-2.01496335881558,NA,-2.15042457249024,-1.78602067748863,NA,-0.830172356954331,-2.02626405423605,0.529915681152312,-1.45058845942212,-2.15042457249024,-1.57696445739256,-1.88885585152452,-2.37619146466913,-1.77333298087768,NA,0.62014530720394,-0.967493574263929,-0.785354125393072,-2.15042457249024,-0.606068700624772,-1.08096468705624,-1.11915254990572,-1.0595420180949,-0.185212357091353,-0.587671957423559,-2.07020913362209,-1.97686646507831,-1.97570513906541,-2.06178662081584,-1.75061053587972,-2.11677097932427,-2.12628002980706,-1.4066970893184,0.520746855757071,-2.15042457249024,-1.12891084524871,-2.01134996132996,-1.07952469198832,-2.53626368623014,-2.40603287501248,-1.4990305164082,-2.67590294331529,-1.73517922295893,-2.28846264280399,-2.05223951571723,-0.937709638015877,-1.11212608474049,-2.37619146466913,NA,NA,NA,NA,NA,NA,NA,NA,NA,NA,NA,NA,NA,NA,NA,NA,NA
716_S2_1-5,0.313375314352745,1.09663870464358,-0.910203141895708,0.656729152890491,0.680951610002291,-0.910203141895708,-0.520465579472913,-0.00784361117036948,-0.653792028310999,-0.627834162306198,-1.09429073570902,-0.699536843867326,-0.115032402970729,-1.74221387139081,-0.175278411123245,0.809883126360033,-0.959349266204548,0.10613894368963,-0.603234969052621,-0.910203141895708,-0.321583905603244,-0.645285789907546,-0.910203141895708,-1.53125774972424,-0.62327169477438,-1.78124533688693,-0.645285789907545,-0.321583905603244,1.03145090234156,-1.64887444222109,-1.09429073570902,-0.731638716150505,-0.910203141895708,0.0233260733160601,-1.36380356446321,-1.20431371946959,-0.321583905603244,-1.03588307138981,-0.276294099605547,-0.645285789907546,1.50026536957382,1.99097026975816,1.48484339032546,1.42825802216799,-0.796460626327023,-0.342454207895948,-0.0580930725827544,-0.534823363165013,1.68566199393796,-0.00374256232333848,1.42087250452857,0.771707403838553,-0.321583905603244,-0.314419675465216,-0.492844197804787,-0.0140540477349422,-1.24466624130035,-0.820007173116443,0.860063453510347,0.244307291560674,-0.772056826116596,-0.980707948795102,-0.424419718377397,-1.88860711637542,0.0965979406056626,-0.760378827499406,-0.910203141895708,NA,NA,NA,NA,NA,NA,NA,NA,NA,NA,NA,NA,NA,NA,NA,NA
716_S2_10-14,0.291277528168414,0.701490100527342,-2.07415303700689,0.160393583429983,0.975167468461022,-2.07415303700689,-1.01338635296389,0.116938856050984,-1.72722988715151,-1.71291176695107,-3.4779648472513,0.392956490716465,-0.021328330626812,-2.26577129766448,0.204550698360445,0.708456160646737,-2.08296360646757,0.445138196802133,0.339642944024713,-2.07415303700689,-2.78225163997344,-1.93784309287707,-2.07415303700689,-2.2961584505489,-0.236168655897834,-2.30265271765187,-1.90980473201197,-2.78225163997344,-0.478342473908751,-2.52054997230989,-3.4779648472513,-2.09169859986363,-2.07415303700689,1.59439948911117,-1.09525047156873,-0.483957548359829,-2.78225163997344,-0.00289182845637761,-0.417341250032461,-0.91480260556984,1.76597665567067,3.626885553992,2.83871323358687,1.42652368401708,0.00117881665342139,0.0625460960469744,-0.110043822922117,0.404277956089623,0.00475102089346738,0.319805086472274,1.31327398183122,0.753007815147303,-2.78225163997344,1.73103235213153,0.304722242363519,1.24720877192227,-0.835572198857991,-0.758959800104691,0.710617068202414,-2.30069648786118,0.557506210717653,-0.311653545255608,0.53955651426142,-1.80173267317858,-0.309877629729555,-1.87170733054776,-2.07415303700689,1.355881990932,NA,NA,NA,NA,NA,NA,NA,NA,NA,NA,NA,NA,NA,NA,NA
716_S2_20-24,-0.0548030054213293,0.351797582712037,-1.97839136692894,-0.118102406759347,0.689968478007982,-1.97839136692894,-1.16774889940148,-0.200697312431853,-1.96343952706865,-1.73847564613256,-2.9638707717313,0.0500912348114524,-0.353340128436016,-2.35810258040437,-0.0863333598174118,0.338764915344018,-2.2439009597915,0.110590168699401,0.0347220057366365,-1.97839136692894,-2.47490044504185,-1.9464688011702,-1.97839136692894,-2.56225633035108,-0.463484020577732,-2.38771725997018,-1.92002495422828,-2.47490044504185,-0.683770243600824,-2.63360500728705,-2.9638707717313,-1.98580954430945,-1.97839136692894,1.47382398332296,-0.992740732228709,-0.566326466768008,-2.47490044504185,-0.108845519044145,-0.51918654082032,-0.9763827619705,1.51898197612568,3.26179420720164,2.47057215666324,1.00792120149198,-0.323302288848076,-0.283025110189582,-0.355878940180389,0.145627219121901,-0.239203423128225,-0.0514941737761623,1.03363404839675,0.772238052975375,-2.47490044504185,1.46845166394292,-0.0381118040889724,0.76645316604262,-1.10992506378847,-0.996985139027954,0.469541400309944,-2.18736327509852,0.240479432250932,-0.615056271598205,0.260312609425798,-1.93272173317038,-0.493411267724,-1.71032000054823,-1.97839136692894,0.758143171874042,-1.12036289719942,NA,NA,NA,NA,NA,NA,NA,NA,NA,NA,NA,NA,NA,NA
716_S3_10-14,-0.930462189214986,-1.5923702740729,-2.05966090421397,-0.942776434909004,-0.574436867062076,-2.05966090421397,-1.20497457085108,-1.22299265834697,-1.32172006632189,0.675551179838893,-2.37965417378441,-0.687139459073989,-1.56614758222432,-2.29410909244675,-1.00548694729071,-1.6429079225285,-1.69968210003849,-0.791252226640218,-1.43610424249137,-2.05966090421397,-1.85146821317203,1.06565443881777,-2.05966090421397,-2.0829934629434,-1.16085791065216,-2.31612695749812,1.06565443881777,-1.85146821317203,0.174070441319415,-2.44984355195677,-2.37965417378441,-2.04384395740865,-2.05966090421397,0.681720388195907,-0.469997375259413,0.69359956058196,-1.85146821317203,1.0868773157514,1.01281784328913,1.06565443881777,0.220101768481008,0.639492203303801,0.0517619830297483,-1.81058858647019,-1.12109936816436,-1.19779998086801,-1.33203742197579,-0.573972314370675,-1.39526492374205,-1.7022680618412,-0.979671459240593,0.761697519071241,-1.85146821317203,0.0374440823040417,-1.21153542995542,-0.605249802803256,-1.74400067990895,-1.57811837246218,-1.02569521846997,-1.25570704769958,-0.864678580386392,-1.39231157270988,-1.30906793397649,-1.81847776600429,0.726924311322395,-2.20732788608051,-2.05966090421397,-0.550974786095018,-2.3162692836909,-2.31446483880397,NA,NA,NA,NA,NA,NA,NA,NA,NA,NA,NA,NA,NA
716_S3_20-24,-1.61874737012468,-2.06513379587715,-2.37619146466913,-1.78729190641921,-1.34334434043738,-2.37619146466913,-1.52112728313605,-1.83638980346543,-1.78351219201009,-1.79987984193283,NA,-1.70516193979125,-1.94096702883093,-1.90335401145993,-1.72126946950578,-1.8628901336363,-2.11756689836936,-1.57277267489396,-1.9441935168153,-2.37619146466913,-2.11471297207846,-2.04684879797397,-2.37619146466913,-2.16040367513214,-1.91311792521101,-1.83451862015589,-1.72419613437634,-2.11471297207846,-2.22088716596601,-1.28784574355911,NA,-2.22001904983522,-2.37619146466913,0.674932257264249,-0.944521126841772,-1.0427534689489,-2.11471297207846,-0.849596271277311,-1.34501117952925,-1.3839392473727,-0.881395636009267,0.414932780707209,-0.1263379878948,-1.84870598286265,-1.86755797456476,-1.87405988812724,-1.87570209959433,-1.75337316377811,-1.8974705564754,-2.07326289810173,-1.40841818777533,0.54856761057349,-2.11471297207846,-0.742380312880312,-1.80011849247232,-0.861866442293944,-2.4886879035035,-2.34996077258726,-1.11640365255669,-2.59273815089522,-1.5827895224814,-2.22142052728145,-1.63252574493267,-1.614556528622,-1.29761073807084,-2.37619146466913,-2.37619146466913,-1.09429073570902,-3.4779648472513,-2.9638707717313,-2.37965417378441,NA,NA,NA,NA,NA,NA,NA,NA,NA,NA,NA,NA
717_P1_10-14,1.49583876006248,-0.278271568720548,-2.08711195389713,2.32906663259964,-0.191824394935693,-2.08711195389713,1.32860667630498,-0.913046772859294,-0.834527126820061,-1.5230389205206,-2.00443625408799,1.95640359755152,-0.884064193693579,-2.01440272745705,1.39498484236904,-0.0694337227586374,-1.87842877908582,-0.228068542584976,-1.10284256768652,-2.08711195389713,-1.78424575459995,-1.32856932010929,-2.08711195389713,-1.79382178771785,-1.01594741261789,-2.01440272745705,-1.32856932010929,-1.78424575459995,-1.26498936974836,-1.46654531383169,-2.00443625408799,-1.88875400711599,-2.08711195389713,-1.3814634776661,-1.50669126747886,-2.65529820756327,-1.78424575459995,-2.18062593956163,-1.77918457361119,-1.32856932010929,0.542109774221931,-0.168387228262236,-0.758834391841173,-0.709611774992624,-0.0112189135097548,-1.15328147263241,-0.82544274000254,0.195106973851088,1.71601412125363,-0.902589128299959,-0.407880292787595,0.963964383821215,-1.78424575459995,-0.853337720625347,0.213389348692136,-1.18214672424914,-1.06194902850605,-0.983333207737449,-0.915596953168361,-1.23859274492703,-0.737071282529219,-0.882734069424491,1.13414634980359,-2.41476441724941,-1.1679270350033,-1.55506789325686,-2.08711195389713,-0.925252173323869,-0.055827894109412,-0.382089499318478,-1.50452066322724,-2.00443625408799,NA,NA,NA,NA,NA,NA,NA,NA,NA,NA,NA
717_P1_20-24,-0.36493529941693,0.892017156882534,-1.68062915751933,-0.509888232094283,0.134118297198359,-1.68062915751933,-0.564226907976326,-0.280692749077306,0.122935728790119,-1.31690312149586,-1.7995781916693,-0.914055188843186,-0.523475438558746,-1.47552445460616,-0.484312445887019,-0.642709982451662,-0.461427149844308,-0.625509150735035,-0.744596446276819,-1.68062915751933,-1.50453953437026,-1.00454252893718,-1.68062915751933,-1.40453333488169,-0.644017099876501,-1.47552445460616,-0.966424826258756,-1.50453953437026,0.122319922070923,-1.23245286703783,-1.7995781916693,-1.03332477782091,-1.68062915751933,-0.479141633008636,-1.04188041797006,-0.798712062498663,-1.50453953437026,1.05096303130762,0.837299932860303,0.162563823709416,0.00980498003583294,1.42921564377693,0.0349419721974358,-1.04335873221514,-1.02773249349738,-0.368900021643439,-0.566989820116996,-0.67953370251922,-0.0502979306487015,-0.795071107385724,-0.939079094094398,0.850465614928321,-1.50453953437026,-0.53725070071762,-1.00722145200572,1.20034348021274,-1.2996118388279,-0.956088308184118,1.09741067716355,-0.930660167774406,-1.09304964693347,-0.996336851683032,-0.893116100842243,-0.486187568318267,-0.0481616816605253,-1.06313475453108,-1.68062915751933,1.11399212479214,1.37538749001477,0.998725469596102,-1.47190210593414,-1.7995781916693,-1.23203100540634,NA,NA,NA,NA,NA,NA,NA,NA,NA,NA
717_P2_1-5,-0.3172980447592,1.01779755504431,-1.97338517825546,-0.122638388939113,0.669745278006665,-1.97338517825546,0.523731255554381,-0.00365717119396054,-0.556647029252806,-0.189930457794339,-1.91299132043703,-0.23075614631821,-0.0372861502226632,-1.55192309777485,-0.16137358807943,0.682069722196313,-0.925249909752846,2.03927990719909,-0.354384462441273,-1.97338517825546,-1.72209244598746,-0.982395200127403,-1.97338517825546,-1.23242934137136,-0.95277190241742,-1.55192309777485,-0.850217942920408,-1.72209244598746,-0.596776321057057,-1.00869922798637,-1.91299132043703,-2.1179507923933,-1.97338517825546,-0.914030836323072,0.269519426219538,0.63558461079156,-1.72209244598746,-0.674256958358436,-0.420866791133308,-0.896383168785263,-0.342718931705255,1.07854070573825,1.4670226104635,0.980600612407531,-0.0689655646662693,-0.589957122985125,0.132347304409874,0.338260600675861,-0.0727313567927339,0.243289699232226,0.307819234263478,0.273696250072049,-1.72209244598746,-0.460127215187956,-0.27133477398354,-0.361123344919827,-0.946430695574105,-1.01479095689724,0.508389642556274,-1.07290512339302,1.38338663415133,-0.900771281172766,1.46640101520252,-1.37151307685401,-0.572585389884237,-1.4248420530462,-1.97338517825546,-0.22097290823274,-0.209155884732708,-0.49654767610618,-1.11287881346744,-1.91299132043703,0.914350210957681,-0.46019408116294,NA,NA,NA,NA,NA,NA,NA,NA,NA
717_P2_10-14,0.506695728261451,-0.68732760720697,0.0930093016901099,0.0301207298507948,-0.964108372384242,0.0930093016901099,-0.674019073354675,-1.1396243662839,0.59012628990328,-0.136257856926249,-0.513073790419571,-0.0398146554749296,-1.31814937554557,0.626711435702178,0.0765037183047109,-1.51215257798571,0.261505761019069,-0.750300929408997,-1.85413410406442,0.0930093016901099,0.192021953337645,-0.267017892923412,0.0930093016901099,0.792772489463824,-1.38730854214542,0.626711435702178,-0.436820491579735,0.192021953337645,0.0792006187689132,-0.0790061815338337,-0.513073790419571,0.875659147388113,0.0930093016901099,-0.869110316297893,-0.416686028342079,-0.662449016673036,0.192021953337645,0.0880922526728709,-0.115587408646691,-0.349101286982671,-0.803499445721877,-1.06798784982759,-1.35795799147767,-1.68693639721496,-1.75965843314962,-1.18432532589506,-1.19907218367274,-1.52895406754954,0.172036426720671,-1.82450497081823,-1.35555541955289,-0.0631000479221745,0.192021953337645,-1.49286237489923,-1.71896206906615,-0.699359670158184,-1.86227863392609,-1.41706924777039,-0.960251193482931,0.500890556432767,-1.60045869377372,-1.65987134382324,-1.30360638594956,0.460331340266104,-1.25290750966377,0.700620644213414,0.0930093016901099,-0.0115476666688432,0.18214266355102,0.0414790159767259,0.1200669562274,-0.513073790419571,-1.86689968014782,0.13886668347492,-0.459825096101153,NA,NA,NA,NA,NA,NA,NA,NA
717_P2_20-24,-0.552084081732877,-1.6996353095826,0.216796891322807,-1.10390998348236,-0.471841553684293,0.216796891322807,-1.9619858162854,-2.24589585299896,-0.837289521340301,-1.43289893740453,-1.48867701851016,-0.602823619970589,-2.35440292787105,0.560942687081933,-0.968363051737132,-1.80858615898596,-0.795718657711671,-0.81225603581764,-2.31722532625657,0.216796891322807,-1.28023689180588,-1.8146885697122,0.216796891322807,-0.00121562218936568,-0.976127943916184,0.560942687081933,-1.96344207592964,-1.28023689180588,-1.75205735397443,-1.79568530218065,-1.48867701851016,0.4953829271253,0.216796891322807,1.25434193355521,-0.992966114707753,-0.605000533448928,-1.28023689180588,-1.08866103515383,-1.39186614061696,-1.8982064013521,-0.752788093424351,0.300129123324158,-0.123752636460848,-2.00014473899306,-1.78240405873847,-1.65020829386637,-1.36638402466671,-0.506654411181898,-1.25815027598362,-2.38571133229602,-0.574039286199091,-0.474675622762033,-1.28023689180588,-0.311060687034061,-2.00945432098403,-0.232923527652323,-2.05034226520247,-1.64329971997744,-0.643828001502584,-0.581476527713882,-1.20911149145216,-2.0211865529692,-1.32349805796855,0.759202364851743,-1.76430655903454,0.368217112941911,0.216796891322807,-1.32010813781902,-1.67370857981435,-1.81701669532363,-1.71034070592903,-1.48867701851016,-2.18975754744462,0.0494712972361432,-1.2169235630545,-0.936746830860279,NA,NA,NA,NA,NA,NA,NA
717_P3_1-5,0.254919292055608,1.1236359737451,-2.02856041298577,0.166971479673473,0.452961294371278,-2.02856041298577,0.403719332047137,0.399623944951054,-0.477748368001011,-0.0482949965081481,-1.97571671814497,1.15560710801745,-0.212753254365589,-1.72777455987704,0.153114276348988,0.353329444138502,-1.68539123924987,0.229458339857318,-1.04737731599455,-2.02856041298577,-1.74327995455219,-1.01074404659726,-2.02856041298577,-1.338106956877,-0.521071337643147,-1.72777455987704,-1.01074404659726,-1.74327995455219,-1.30823241731956,-1.25981192113439,-1.97571671814497,-1.77025671270489,-2.02856041298577,-1.23894882219308,0.588851481195802,0.929270436409775,-1.74327995455219,-1.45744888593085,-1.16682749011781,-1.01074404659726,-0.22404398607369,1.95041854521011,3.2432786624313,1.87354317467331,-0.346681009356349,-0.295376569619033,0.287678937361627,0.613541658300569,0.471784296995471,0.282438833470011,-0.212858580395627,0.909831149661853,-1.74327995455219,-0.525541340548992,-0.61577500656455,-1.22660030651551,-0.48177805341432,-0.602417324862138,-0.257341664748404,-1.01733533053318,2.21168401708009,-0.371401087366991,-0.0243608197730915,-2.25091115646894,-1.36208084056965,-1.48098391786262,-2.02856041298577,-0.59198089391584,-0.0783397988991149,-0.375161769004569,-1.18971327953891,-1.97571671814497,1.68415487798867,-1.09965674451035,-0.275131059590922,-0.719898946550957,-2.07250139130287,NA,NA,NA,NA,NA,NA
717_P3_10-14,-0.126560973401444,-0.349632200232405,-2.18614935336989,0.810714432856625,-0.472349989931849,-2.18614935336989,0.0966199191667194,1.6710720091275,-0.921510565230763,-1.33235973646323,-2.09785707088925,-0.301977376434906,0.71726547565519,-1.85030018769295,-0.180302863346553,0.067669423340954,-2.02348172756551,-0.46882191068312,-0.441572390323381,-2.18614935336989,-1.90425453702435,-1.38738756629597,-2.18614935336989,-1.56290212198702,0.891965698062099,-1.85030018769295,-1.38738756629597,-1.90425453702435,-1.58412517964486,-1.41418557309759,-2.09785707088925,-2.05612280482917,-2.18614935336989,-1.6096148409109,-1.38882742720145,-2.87075244824747,-1.90425453702435,-2.50656680808875,-1.80878284289223,-1.38738756629597,-0.598627998128217,0.0589395181563553,-0.415821877215239,-0.387039137053378,-0.417875335223697,1.13813874383909,1.88446923742845,0.0242876597295014,-0.290853528199351,0.302079517204613,-0.552667236168506,0.932324521275275,-1.90425453702435,-0.787110377975338,0.696823302652409,-1.35473797434617,-0.456828581682377,-0.166746111989455,-0.841090765074474,-1.38695516589794,-0.567282408327245,-0.409462186269518,-0.277433185330165,-2.4381570739764,-1.5011932816895,-1.68667157466024,-2.18614935336989,-1.00087722797068,-0.38334725750848,-0.701721806146896,-1.4252392726536,-2.09785707088925,0.443988407107619,-1.22132184322748,-0.343927730974108,-1.77628186798345,-2.36042407288386,2.62594760149463,NA,NA,NA,NA,NA
717_P3_20-24,1.12127641307404,-0.182478081458729,-1.50617086907457,2.36750331604771,1.12887158749118,-1.50617086907457,1.35165182721233,1.27119908292749,0.251938200448056,-0.386724648117473,-1.47433977617327,0.926504046556397,2.05072790212423,-1.11252032797308,1.02651310716082,3.25798080882861,-0.224044102608782,1.23331262677753,-0.187618636534333,-1.50617086907457,-1.2877346152243,-0.320688312716953,-1.50617086907457,-0.657812412852743,0.00543625109159566,-1.11252032797308,-0.320688312716953,-1.2877346152243,0.0728468830232247,-0.575308066066721,-1.47433977617327,-1.12325286110189,-1.50617086907457,-0.882539773090303,-0.60104203592541,-0.845539376627194,-1.2877346152243,-0.658523704083837,-0.16895651269811,-0.320688312716953,2.21348289341214,2.62268668224436,2.41001349926449,2.66973332954382,-0.282536753606335,0.00795635979557796,0.620838964703411,0.303720867637014,2.5333881644701,0.893267369750173,2.3641468873583,0.963711631465007,-1.2877346152243,0.415044075843472,0.507841890281259,-0.475227534369934,-0.799699340278238,-0.478275547625798,0.03028539763755,-0.374703163314873,-0.339562165326736,-0.687953375627139,-0.632330346914376,-0.950292335902791,-0.618823112870674,-0.847875636395998,-1.50617086907457,-0.394338423965499,0.503014445674126,0.21914615831682,-0.555768401470749,-1.47433977617327,-0.0482728720946494,-1.05036503871988,1.27402865025232,-1.40345416082465,-0.78953854621106,0.465618899426932,-0.362221174827338,NA,NA,NA,NA
717_S2_1-5,0.0211742949434928,-0.978622351994371,-1.34174665977104,-0.0727037564469301,0.552996799601521,-1.34174665977104,-0.807663984653303,-0.765481327101503,-1.5407449448156,1.07399158588903,-1.49181488483145,0.0629156178090686,-0.993654002201552,-2.0878523872339,-0.137906902688305,-0.590351367535253,-1.64037452711291,0.161420784160832,-0.782302686113324,-1.34174665977104,-0.603669592251312,-1.70281947635588,-1.34174665977104,-1.89756832789861,-0.576528435237147,-2.11502633194084,-1.70281947635588,-0.603669592251312,-1.10821060949545,-1.357746152742,-1.49181488483145,-1.25742239193504,-1.34174665977104,1.43691947187861,0.0269190225450025,0.828818267283988,-0.603669592251312,0.324732475877739,-0.133892475329449,-1.70281947635588,0.876154622860891,2.25748230431423,1.85190653716446,-0.479988659544054,-0.717223698717195,-0.640885733801408,-0.492175292153587,-0.0951507389851929,-0.312908251652471,-0.990538151164834,-0.197900420374656,0.902081501587549,-0.603669592251312,1.17603651631794,-0.332480193080662,-0.150889403824301,-1.28881112271606,-1.1389711640835,0.151876248093442,-0.112032160485837,-0.0111566086054022,-0.923376718530014,0.0348966946823529,-1.93994075267937,-0.269378338152403,-1.31354056404322,-1.34174665977104,0.0375393639121897,-0.468298260970789,-0.537725033910131,0.751868705603264,-1.49181488483145,-0.800176831450174,-0.202559274955653,-0.625218502873105,-0.420691707334142,-1.95981652717612,-0.608911616582311,-1.01938416823051,0.0709515071110682,NA,NA,NA
717_S2_20-24,-1.61874737012468,-2.06513379587715,-2.37619146466913,-1.78729190641921,-1.34334434043738,-2.37619146466913,-1.52112728313605,-1.83638980346543,-1.78351219201009,-1.79987984193283,NA,-1.70516193979125,-1.94096702883093,-1.90335401145993,-1.72126946950578,-1.8628901336363,-2.11756689836936,-1.57277267489396,-1.9441935168153,-2.37619146466913,-2.11471297207846,-2.04684879797397,-2.37619146466913,-2.16040367513214,-1.91311792521101,-1.83451862015589,-1.72419613437634,-2.11471297207846,-2.22088716596601,-1.28784574355911,NA,-2.22001904983522,-2.37619146466913,0.674932257264249,-0.944521126841772,-1.0427534689489,-2.11471297207846,-0.849596271277311,-1.34501117952925,-1.3839392473727,-0.881395636009267,0.414932780707209,-0.1263379878948,-1.84870598286265,-1.86755797456476,-1.87405988812724,-1.87570209959433,-1.75337316377811,-1.8974705564754,-2.07326289810173,-1.40841818777533,0.54856761057349,-2.11471297207846,-0.742380312880312,-1.80011849247232,-0.861866442293944,-2.4886879035035,-2.34996077258726,-1.11640365255669,-2.59273815089522,-1.5827895224814,-2.22142052728145,-1.63252574493267,-1.614556528622,-1.29761073807084,-2.37619146466913,-2.37619146466913,-1.09429073570902,-3.4779648472513,-2.9638707717313,-2.37965417378441,NA,-2.00443625408799,-1.7995781916693,-1.91299132043703,-0.513073790419571,-1.48867701851016,-1.97571671814497,-2.09785707088925,-1.47433977617327,-1.49181488483145,NA,NA
717_S3_1-5,0.419827153312361,-1.44246663763689,-1.36165202851217,-0.0327936560689907,-0.0782852959468952,-1.36165202851217,-1.01463816177322,-2.00865769527694,-1.13424003176301,0.954550019163124,-1.65498204423253,-0.0395053023844047,-2.12347378854459,-1.69567330846635,-0.136246478495068,-1.73768186966638,-1.43497333481027,-0.11753705930808,-1.88024059493651,-1.36165202851217,-0.645237482160055,-0.743530264581293,-1.36165202851217,-1.37172153511041,-0.878214205701945,-1.71436088777534,-0.743530264581293,-0.645237482160055,-1.50139251548519,-1.59350781437141,-1.65498204423253,-1.28898254205434,-1.36165202851217,1.39667767191389,0.234476470691028,0.826531319611145,-0.645237482160055,0.974830265578851,0.902039288058117,-0.743530264581293,0.977778259360287,1.16587868301283,0.760950311321333,-1.5432699601139,-1.37085292927013,-1.3847842668907,-1.23361095211156,-0.0997163199619347,-0.686095021967623,-1.88648632861948,-0.519656233799744,0.852502247296827,-0.645237482160055,0.256979543703082,-1.42080978389072,-0.077044103075296,-1.70484227238372,-1.43655170365201,-0.614862166197704,-0.192675773616193,-1.12522756015051,-1.6045735664096,-1.12665118445978,-2.173631474239,-0.184879248006882,-1.41793513994863,-1.36165202851217,0.060707901377951,-1.1770233916712,-1.29010937641844,0.641681293582812,-1.65498204423253,-1.77479048274446,0.152977679310589,-0.831448966221408,0.0167148898337602,-1.73221755829078,-1.64879775486172,-1.93677086035685,-0.277721164834779,-0.911369217121987,-1.65498204423253,NA
