,711_E-1-S,711_E-1-M,711_E-1-D,711_E-2-S,711_E-2-M,711_E-2-D,711_E-3-S,711_E-3-M,711_E-3-D,712_E-1-M,712_E-1-D,712_E-2-S,712_E-2-M,712_E-2-D,712_E-3-S,712_E-3-M,712_E-3-D,713_E-1-S,713_E-1-M,713_E-1-D,713_E-1-X0,713_E-1-X1,713_E-2-S,713_E-2-M,713_E-2-D,713_E-2-X0,713_E-2-X1,713_E-3-S,713_E-3-M,713_E-3-D,713_E-3-X0,713_E-3-X1,714_E1_5-9,714_E1_20-24,714_E1_30-34,714_E2_1-5,714_E2_5-9,714_E2_20-24,715_E1_1-5,715_E2_1-5,715_E2_20-24,715_E2_30-34,715_E3_1-5,715_E3_10-14,715_E3_20-24,715_E3_30-34,716_E1_1-5,716_E1_10-14,716_E1_20-24,716_E1_30-34,716_E3_1-5,716_E3_10-14,716_E3_30-34,717_E2_1-5,717_E2_10-14,717_E2_20-24,717_E3_1-5,717_E3_10-14,717_E3_30-34
711_E-1-S,NA,NA,NA,NA,NA,NA,NA,NA,NA,NA,NA,NA,NA,NA,NA,NA,NA,NA,NA,NA,NA,NA,NA,NA,NA,NA,NA,NA,NA,NA,NA,NA,NA,NA,NA,NA,NA,NA,NA,NA,NA,NA,NA,NA,NA,NA,NA,NA,NA,NA,NA,NA,NA,NA,NA,NA,NA,NA,NA
711_E-1-M,0.13599381819097,NA,NA,NA,NA,NA,NA,NA,NA,NA,NA,NA,NA,NA,NA,NA,NA,NA,NA,NA,NA,NA,NA,NA,NA,NA,NA,NA,NA,NA,NA,NA,NA,NA,NA,NA,NA,NA,NA,NA,NA,NA,NA,NA,NA,NA,NA,NA,NA,NA,NA,NA,NA,NA,NA,NA,NA,NA,NA
711_E-1-D,0.469667835584231,0.090432158913966,NA,NA,NA,NA,NA,NA,NA,NA,NA,NA,NA,NA,NA,NA,NA,NA,NA,NA,NA,NA,NA,NA,NA,NA,NA,NA,NA,NA,NA,NA,NA,NA,NA,NA,NA,NA,NA,NA,NA,NA,NA,NA,NA,NA,NA,NA,NA,NA,NA,NA,NA,NA,NA,NA,NA,NA,NA
711_E-2-S,0.545245529417433,0.362904359511468,-0.865530010718683,NA,NA,NA,NA,NA,NA,NA,NA,NA,NA,NA,NA,NA,NA,NA,NA,NA,NA,NA,NA,NA,NA,NA,NA,NA,NA,NA,NA,NA,NA,NA,NA,NA,NA,NA,NA,NA,NA,NA,NA,NA,NA,NA,NA,NA,NA,NA,NA,NA,NA,NA,NA,NA,NA,NA,NA
711_E-2-M,0.304485515473512,0.362359931927209,-0.158483648106385,0.36961499450329,NA,NA,NA,NA,NA,NA,NA,NA,NA,NA,NA,NA,NA,NA,NA,NA,NA,NA,NA,NA,NA,NA,NA,NA,NA,NA,NA,NA,NA,NA,NA,NA,NA,NA,NA,NA,NA,NA,NA,NA,NA,NA,NA,NA,NA,NA,NA,NA,NA,NA,NA,NA,NA,NA,NA
711_E-2-D,0.212490097227401,-0.11118252397422,-0.388548810395434,-0.394292054111536,1.2056218259883,NA,NA,NA,NA,NA,NA,NA,NA,NA,NA,NA,NA,NA,NA,NA,NA,NA,NA,NA,NA,NA,NA,NA,NA,NA,NA,NA,NA,NA,NA,NA,NA,NA,NA,NA,NA,NA,NA,NA,NA,NA,NA,NA,NA,NA,NA,NA,NA,NA,NA,NA,NA,NA,NA
711_E-3-S,1.01527626076147,0.405777599132862,0.468559370052361,0.564951343581922,1.30980542302622,-0.406721951847764,NA,NA,NA,NA,NA,NA,NA,NA,NA,NA,NA,NA,NA,NA,NA,NA,NA,NA,NA,NA,NA,NA,NA,NA,NA,NA,NA,NA,NA,NA,NA,NA,NA,NA,NA,NA,NA,NA,NA,NA,NA,NA,NA,NA,NA,NA,NA,NA,NA,NA,NA,NA,NA
711_E-3-M,0.545044712936567,-0.363492129905468,0.0258477545935181,0.323957328086464,0.816603171505561,-1.02637224654458,0.00370000126114003,NA,NA,NA,NA,NA,NA,NA,NA,NA,NA,NA,NA,NA,NA,NA,NA,NA,NA,NA,NA,NA,NA,NA,NA,NA,NA,NA,NA,NA,NA,NA,NA,NA,NA,NA,NA,NA,NA,NA,NA,NA,NA,NA,NA,NA,NA,NA,NA,NA,NA,NA,NA
711_E-3-D,-0.722564156965268,0.316420538688477,0.368184420659024,0.699050926490386,0.832427949902999,-0.267347437895024,1.38324646259199,0.250867741999571,NA,NA,NA,NA,NA,NA,NA,NA,NA,NA,NA,NA,NA,NA,NA,NA,NA,NA,NA,NA,NA,NA,NA,NA,NA,NA,NA,NA,NA,NA,NA,NA,NA,NA,NA,NA,NA,NA,NA,NA,NA,NA,NA,NA,NA,NA,NA,NA,NA,NA,NA
712_E-1-M,1.53078916788143,1.6515489348738,0.868039027188272,0.806746826521217,0.796494248274407,1.538861237732,2.00533687605746,1.38654534271071,1.49028909391404,NA,NA,NA,NA,NA,NA,NA,NA,NA,NA,NA,NA,NA,NA,NA,NA,NA,NA,NA,NA,NA,NA,NA,NA,NA,NA,NA,NA,NA,NA,NA,NA,NA,NA,NA,NA,NA,NA,NA,NA,NA,NA,NA,NA,NA,NA,NA,NA,NA,NA
712_E-1-D,0.87964228123761,0.985113975532155,0.713357343764175,0.253809957828107,0.86096883724423,1.0571470326312,0.928102046929357,0.893292648919418,0.678506540219482,0.919788610934028,NA,NA,NA,NA,NA,NA,NA,NA,NA,NA,NA,NA,NA,NA,NA,NA,NA,NA,NA,NA,NA,NA,NA,NA,NA,NA,NA,NA,NA,NA,NA,NA,NA,NA,NA,NA,NA,NA,NA,NA,NA,NA,NA,NA,NA,NA,NA,NA,NA
712_E-2-S,-0.322503752733527,-1.27157502936177,-1.35942196087908,0.325922230642677,-1.332083485799,-0.516476151791538,-0.795110894645417,-0.09807371132686,-0.881138732243311,-1.41683130089401,0.623779687904354,NA,NA,NA,NA,NA,NA,NA,NA,NA,NA,NA,NA,NA,NA,NA,NA,NA,NA,NA,NA,NA,NA,NA,NA,NA,NA,NA,NA,NA,NA,NA,NA,NA,NA,NA,NA,NA,NA,NA,NA,NA,NA,NA,NA,NA,NA,NA,NA
712_E-2-M,-0.0749432245732214,-1.14297228054261,-0.987906820222155,0.394856949297454,-0.837071108957483,-0.439683541858982,-0.738128835771093,0.247022757662354,-1.81252124048667,-1.50698316143086,0.467819495033005,0.565095246894214,NA,NA,NA,NA,NA,NA,NA,NA,NA,NA,NA,NA,NA,NA,NA,NA,NA,NA,NA,NA,NA,NA,NA,NA,NA,NA,NA,NA,NA,NA,NA,NA,NA,NA,NA,NA,NA,NA,NA,NA,NA,NA,NA,NA,NA,NA,NA
712_E-2-D,0.906822626898962,0.958785511886983,0.191345330102527,0.448602509587093,1.14974165231253,-0.715688414084622,0.444431399732306,-1.74905893130722,1.45603551552243,1.54234236960172,0.448822216521063,0.66157157959567,0.879022605613126,NA,NA,NA,NA,NA,NA,NA,NA,NA,NA,NA,NA,NA,NA,NA,NA,NA,NA,NA,NA,NA,NA,NA,NA,NA,NA,NA,NA,NA,NA,NA,NA,NA,NA,NA,NA,NA,NA,NA,NA,NA,NA,NA,NA,NA,NA
712_E-3-S,-2.72119619306582,-1.83590166090882,0.109978976857974,0.185258764478482,-0.738407267589642,-0.620015593536337,-0.826099598924311,0.679859876532764,-2.63788102557533,0.640302841561278,0.85535701903228,-0.42839065505675,-0.13571858789174,0.714189670968767,NA,NA,NA,NA,NA,NA,NA,NA,NA,NA,NA,NA,NA,NA,NA,NA,NA,NA,NA,NA,NA,NA,NA,NA,NA,NA,NA,NA,NA,NA,NA,NA,NA,NA,NA,NA,NA,NA,NA,NA,NA,NA,NA,NA,NA
712_E-3-M,-1.09018709982926,-0.90455833786346,0.567945791538879,0.823605449258595,0.91161065776951,-0.304580195939804,-0.479721753606906,0.231303303339396,-1.05554187159599,2.00489241883378,1.03282754389904,0.248445811486418,0.51705273514311,0.709983210672515,-0.510276860835006,NA,NA,NA,NA,NA,NA,NA,NA,NA,NA,NA,NA,NA,NA,NA,NA,NA,NA,NA,NA,NA,NA,NA,NA,NA,NA,NA,NA,NA,NA,NA,NA,NA,NA,NA,NA,NA,NA,NA,NA,NA,NA,NA,NA
712_E-3-D,0.847930074083601,0.824293929972444,0.246330317867495,0.221292211099076,1.17924605445485,-0.8459104464684,1.03327690351717,-1.06816639668823,1.36043501899243,1.58268910121833,0.412846364723721,0.54986923355909,0.77845393367676,-0.712134604636667,0.73811459415585,0.610911465276094,NA,NA,NA,NA,NA,NA,NA,NA,NA,NA,NA,NA,NA,NA,NA,NA,NA,NA,NA,NA,NA,NA,NA,NA,NA,NA,NA,NA,NA,NA,NA,NA,NA,NA,NA,NA,NA,NA,NA,NA,NA,NA,NA
713_E-1-S,-0.13139171937244,-0.373177987853037,-0.78281869550155,-0.87961320961196,-0.103340615698199,1.0789885901197,0.296697993221102,-0.243693147434621,-0.444652376381218,-0.17949777425989,0.815829084927711,-0.325052727684779,-0.658794079224996,-0.234687891308202,-1.06268645078347,0.0114064542361484,-0.325084039380735,NA,NA,NA,NA,NA,NA,NA,NA,NA,NA,NA,NA,NA,NA,NA,NA,NA,NA,NA,NA,NA,NA,NA,NA,NA,NA,NA,NA,NA,NA,NA,NA,NA,NA,NA,NA,NA,NA,NA,NA,NA,NA
713_E-1-M,-0.064917347513562,-0.378115605384936,-0.675181818646263,-0.995389239628174,-1.09521472986515,1.29816846684772,0.518128535489939,-0.0661289134084273,-0.295271826449493,0.626906850355412,0.935515575944966,-1.56498082640968,-1.29645979269806,-0.111568314326087,-1.86928141143976,0.173975844831705,-0.0647701060327343,0.087497514723792,NA,NA,NA,NA,NA,NA,NA,NA,NA,NA,NA,NA,NA,NA,NA,NA,NA,NA,NA,NA,NA,NA,NA,NA,NA,NA,NA,NA,NA,NA,NA,NA,NA,NA,NA,NA,NA,NA,NA,NA,NA
713_E-1-D,0.897443078989082,-0.216274940970178,-2.60784168889846,-0.234862820812761,-1.82791856925712,-1.01915061895379,0.208095721746531,-0.381074935786006,-0.771024576360246,-3.84309805350128,1.04187174462174,1.07628107637405,1.10231840071523,0.641057985475715,0.226405776692592,1.37239535383772,0.742799807365234,-2.88009763526937,-3.42812836070986,NA,NA,NA,NA,NA,NA,NA,NA,NA,NA,NA,NA,NA,NA,NA,NA,NA,NA,NA,NA,NA,NA,NA,NA,NA,NA,NA,NA,NA,NA,NA,NA,NA,NA,NA,NA,NA,NA,NA,NA
713_E-1-X0,0.415635124930752,0.487168667001421,0.500696556328361,0.668263585141993,0.922924328081239,0.104677396170388,0.172190500448825,-0.156435788428034,0.240393849942099,0.769646926115701,0.257913938080202,0.75678073601685,0.661600823101927,-0.0955331260362655,0.397480432460431,0.262403757305784,-0.491975937116156,0.483284164540509,0.510729651657197,0.846468821429879,NA,NA,NA,NA,NA,NA,NA,NA,NA,NA,NA,NA,NA,NA,NA,NA,NA,NA,NA,NA,NA,NA,NA,NA,NA,NA,NA,NA,NA,NA,NA,NA,NA,NA,NA,NA,NA,NA,NA
713_E-1-X1,-0.391148306960795,-0.546140545643036,-0.110199209293773,-0.41453804933615,-0.161966061866128,-0.560614040469787,-0.706186029088442,-0.77131580145477,-0.567778511613315,-0.0593872348681572,-0.0778585703567135,-0.0676305008754845,-0.220231463672448,-0.869225844849337,-0.373114198383017,-0.540552025642908,-0.988560527923004,-0.515792129682523,-0.341608397703612,0.0139004734792768,-0.475111164793484,NA,NA,NA,NA,NA,NA,NA,NA,NA,NA,NA,NA,NA,NA,NA,NA,NA,NA,NA,NA,NA,NA,NA,NA,NA,NA,NA,NA,NA,NA,NA,NA,NA,NA,NA,NA,NA,NA
713_E-2-S,0.418009113554548,-1.23602658433313,0.265311020922339,0.315879003636983,0.0794556247680334,-0.162720426354889,0.381749332797631,0.842855637145014,0.267660636892997,1.13986225576595,0.55477073100119,-0.208273961330074,-0.000143201680999297,1.23165819868603,-1.67608554768329,-0.40019715022527,1.10471627575693,-0.48886666879346,-0.385161963854381,0.689940874183482,0.67976295731706,-0.703021783629383,NA,NA,NA,NA,NA,NA,NA,NA,NA,NA,NA,NA,NA,NA,NA,NA,NA,NA,NA,NA,NA,NA,NA,NA,NA,NA,NA,NA,NA,NA,NA,NA,NA,NA,NA,NA,NA
713_E-2-M,-0.157045927691623,-0.753440698607709,0.196741851104781,0.153202091684939,-0.111178252019461,-0.00045122423752972,1.31545146554817,1.28286809938237,1.9351423096981,0.920283745669399,0.44557508769244,-0.340728943118863,-0.0705667893281311,1.52007086138009,0.471841716681796,1.11037952081235,1.53433000404005,-0.732837410739342,-0.557555098928182,0.365511217192383,1.01669874613568,-0.886640584678546,-0.466042914779985,NA,NA,NA,NA,NA,NA,NA,NA,NA,NA,NA,NA,NA,NA,NA,NA,NA,NA,NA,NA,NA,NA,NA,NA,NA,NA,NA,NA,NA,NA,NA,NA,NA,NA,NA,NA
713_E-2-D,0.0400166042623828,-0.36272033995817,0.131050604961974,0.151389889092421,0.407495957411974,-0.724308967314022,0.215511712085992,0.149537940820277,0.701962938406859,1.46553988010511,0.582119922535606,-1.86993608235302,-1.75871676224811,0.11495489259733,-1.76147736769201,-1.02423758889525,-0.0743786151120185,-0.852665451928232,-0.757533761613662,-0.868707973502391,0.0777653095415596,-0.821716255981351,-0.265007617223347,0.299611963084828,NA,NA,NA,NA,NA,NA,NA,NA,NA,NA,NA,NA,NA,NA,NA,NA,NA,NA,NA,NA,NA,NA,NA,NA,NA,NA,NA,NA,NA,NA,NA,NA,NA,NA,NA
713_E-2-X0,0.281110284901727,-0.48546553875219,-0.487865955555619,0.0451291208841398,-0.0572500050065958,-0.701439494464604,-0.787031641724249,-0.625637417213835,-1.25321728488146,-0.572009579762548,0.252923080841647,0.672829106717479,0.653516790892946,-0.124456815547226,0.890654045872886,1.04404899863345,-0.241226374619656,-0.801434482154149,-1.10521049257036,0.06804737029005,-1.04748558147166,-1.14973186205959,1.67507182981257,1.19572331313106,-0.893822603088873,NA,NA,NA,NA,NA,NA,NA,NA,NA,NA,NA,NA,NA,NA,NA,NA,NA,NA,NA,NA,NA,NA,NA,NA,NA,NA,NA,NA,NA,NA,NA,NA,NA,NA
713_E-2-X1,0.595154028902107,0.629200840282087,0.670767634281822,-0.0461324518049323,0.581601497564283,-0.0653999894825112,0.423767573838336,0.259457834183499,0.528093007027984,0.629561478874341,-0.196521143472341,0.554937257513632,0.267792555656229,-0.0408648277826065,0.455995738020255,0.927893871445764,-0.110054598967691,-0.195732441700452,0.2878049518361,0.609371361305845,0.20584280512108,-0.336864321027728,0.78021613598777,0.38840042085523,0.253864691903349,-0.422015759252386,NA,NA,NA,NA,NA,NA,NA,NA,NA,NA,NA,NA,NA,NA,NA,NA,NA,NA,NA,NA,NA,NA,NA,NA,NA,NA,NA,NA,NA,NA,NA,NA,NA
713_E-3-S,0.368554959454825,0.332933509385959,0.0621737935985477,0.228462866352941,0.545259463519819,0.624865450270636,1.0339836342578,0.756927874482764,1.57782124223464,1.74121031125269,0.936146358674745,-2.09125232061449,-1.93371625969564,1.16369563162906,-2.15414157032858,0.871586879747539,1.08523997260389,0.00938537702943791,-0.119039063608067,-1.13791372948181,0.80603339546003,-0.361812159978793,0.645760942531976,0.632288384504136,0.186626921867045,-0.67835072812992,0.514906365011799,NA,NA,NA,NA,NA,NA,NA,NA,NA,NA,NA,NA,NA,NA,NA,NA,NA,NA,NA,NA,NA,NA,NA,NA,NA,NA,NA,NA,NA,NA,NA,NA
713_E-3-M,0.478073839034965,-0.438198410184204,-0.381391810454275,-0.395345567848503,0.332899220714517,-1.05722290735349,0.416049845659912,0.736778885272208,0.0289212351334326,0.983331254288114,0.755256237598403,-0.380531283277107,-0.236319390491671,-1.59782087922575,-1.29763468347386,0.297846181736585,-0.723488865609358,-0.736360556349174,-0.614712501872131,-1.54004621037544,0.0830125050151973,-0.48425486862669,0.856757907588697,1.29339479545925,0.221721802797755,-1.35382458861942,0.429850782301373,0.180509731944687,NA,NA,NA,NA,NA,NA,NA,NA,NA,NA,NA,NA,NA,NA,NA,NA,NA,NA,NA,NA,NA,NA,NA,NA,NA,NA,NA,NA,NA,NA,NA
713_E-3-D,0.327906591905503,0.407391709657392,0.406310523629516,0.00428809722443983,0.361853486605493,-0.168080170323914,0.0487616374157345,-0.193896186813544,0.196628235684289,0.34616760888137,-0.282507700815257,0.535155551850878,0.309356040186543,-0.241794197416851,0.405716015050251,0.354481579874668,-0.350204385319144,-0.111951707133393,0.136160082014697,0.245481534158924,-0.0837827719011249,-0.0382639325312768,-0.0364900399912087,-0.225119151802476,0.0324285591801631,-1.00664539999926,-0.0171094787607015,0.367567192298453,0.153395065834783,NA,NA,NA,NA,NA,NA,NA,NA,NA,NA,NA,NA,NA,NA,NA,NA,NA,NA,NA,NA,NA,NA,NA,NA,NA,NA,NA,NA,NA,NA
713_E-3-X0,0.327906591905503,0.407391709657392,0.414004399124399,0.00428809722443983,0.370055188983432,-0.177838742819961,0.0487616374157345,-0.193896186813544,0.196628235684289,0.334574302339874,-0.284543890943911,0.541035275441274,0.309356040186543,-0.241794197416851,0.405716015050251,0.354481579874668,-0.350204385319144,-0.162792297583061,0.141626149057196,0.282827268790706,-0.0837827719011249,-0.0762162469627469,-0.0364900399912087,-0.225119151802476,0.0324285591801631,-1.00664539999926,-0.0171094787607015,0.367567192298453,0.153395065834783,NA,NA,NA,NA,NA,NA,NA,NA,NA,NA,NA,NA,NA,NA,NA,NA,NA,NA,NA,NA,NA,NA,NA,NA,NA,NA,NA,NA,NA,NA
713_E-3-X1,-0.391148306960795,-0.546140545643036,-0.110199209293773,-0.41453804933615,-0.226875116296119,-0.57602864062423,-0.706186029088442,-0.77131580145477,-0.567778511613315,-0.0930591527907123,-0.0609020595845958,-0.0676305008754845,-0.220231463672448,-0.869225844849337,-0.373114198383017,-0.540552025642908,-0.988560527923004,-0.584950193462762,-0.3848677094604,-0.00968430558420938,-0.475111164793484,NA,-0.703021783629383,-0.886640584678546,-0.821716255981351,-1.14973186205959,-0.336864321027728,-0.361812159978793,-0.48425486862669,-0.0382639325312768,-0.0762162469627469,NA,NA,NA,NA,NA,NA,NA,NA,NA,NA,NA,NA,NA,NA,NA,NA,NA,NA,NA,NA,NA,NA,NA,NA,NA,NA,NA,NA
714_E1_5-9,0.135666808156963,-0.265250656419755,0.960649124253041,0.690106720832965,-1.2460575537517,1.25860958353597,1.30659095757279,0.813337974674886,-1.20938740221556,-1.22893001862235,0.981777805362326,-1.90273962604029,-1.77157289056281,1.39094130993462,0.812578587267917,1.09748477393501,1.29164526730899,0.17950651570539,-3.485246182953,-2.26116644522525,0.822877561881783,0.818332864242809,0.338980344419728,0.078679114306815,-0.0343883207029531,-0.546735953653069,1.15940300496508,-1.93252854809814,-2.26506246228385,0.706244366101472,0.954178048481183,0.855253593804698,NA,NA,NA,NA,NA,NA,NA,NA,NA,NA,NA,NA,NA,NA,NA,NA,NA,NA,NA,NA,NA,NA,NA,NA,NA,NA,NA
714_E1_20-24,-1.66708923434889,-2.73153805813745,-1.71523632446228,-1.22643682292971,-2.8800866955148,-0.433359156388234,-1.49251801551128,-1.74946516757866,-3.07409107416615,-2.37952257565134,0.29904919005434,-0.608822053758005,-0.754905787564311,-1.0610062211747,-1.44328122447812,-1.33116301021524,-1.31157038939762,-0.625349822706825,-3.03013381853406,0.0326973433365277,0.192652318473391,0.00850876227596798,-1.56559331419863,-1.68250186682615,-2.44502925965163,-0.985129388575062,0.280417777272635,-3.28271848237765,-2.5243127585518,-0.161549714756918,0.112341468944404,0.061672255255472,-2.46617771668036,NA,NA,NA,NA,NA,NA,NA,NA,NA,NA,NA,NA,NA,NA,NA,NA,NA,NA,NA,NA,NA,NA,NA,NA,NA,NA
714_E1_30-34,0.152321732631875,-0.777319091877081,-0.782122847005186,-0.0958962698087966,-2.12230449234646,0.0814361138431686,0.554439649042436,-0.676685358463262,-1.5248772689378,-2.84312588253655,1.01978875597643,0.946710178446872,1.09368856001439,0.923988044164554,-0.13724392253426,1.13873299621441,0.976394761431488,-1.39124472287549,-3.49204655297368,0.204205961031905,1.0752483468501,0.124638373924167,0.337177792885242,-0.0612917329773411,-1.09334140124943,-0.123641966822899,0.742077747413992,-2.17986013187424,-2.14944107888054,0.669496466211632,0.595152030381942,0.0565195549413782,-1.65611791537031,0.496676356212057,NA,NA,NA,NA,NA,NA,NA,NA,NA,NA,NA,NA,NA,NA,NA,NA,NA,NA,NA,NA,NA,NA,NA,NA,NA
714_E2_1-5,1.57381728324108,1.65481155016092,1.49960219955886,1.30574998359409,1.50436311099573,1.7634007533815,1.96465143517412,1.92795328654746,1.61663268014135,1.69047964789977,0.945552783226225,1.10638908440661,1.31076054160969,1.61712163097799,1.65270581884148,1.84511209267242,1.62152502099777,1.54129783656014,1.68145713698908,1.52996617692498,1.61345659611447,0.774045853904946,1.33483710198283,1.2160880706605,1.48237255778601,1.58971724835324,1.18966158530201,1.62455531591854,1.73294489207108,0.851284453510032,0.880328918309348,0.772919922865416,1.72149413252022,1.15880481824376,1.46620904731686,NA,NA,NA,NA,NA,NA,NA,NA,NA,NA,NA,NA,NA,NA,NA,NA,NA,NA,NA,NA,NA,NA,NA,NA
714_E2_5-9,0.152321732631875,-0.777319091877081,-0.782122847005186,-0.0958962698087966,-2.12230449234646,0.0814361138431686,0.554439649042436,-0.597847814436709,-1.5248772689378,-2.84312588253655,1.01452847981388,0.946710178446872,1.09368856001439,0.923988044164554,-0.0420774765929844,1.13873299621441,0.976394761431488,-1.39124472287549,-3.49204655297368,0.204205961031905,1.12755715544309,0.14054052662698,0.337177792885242,-0.0612917329773411,-1.09334140124943,-0.0472696419047673,0.763132895047387,-2.17986013187424,-2.18820200838744,0.6862265532373,0.616254362501927,0.0660631820953182,-1.4862346615223,0.534659837611937,NA,1.46620904731686,NA,NA,NA,NA,NA,NA,NA,NA,NA,NA,NA,NA,NA,NA,NA,NA,NA,NA,NA,NA,NA,NA,NA
714_E2_20-24,-1.25236053754377,-2.47529562961378,-2.58731533603299,-2.44699425535226,-2.8922353445633,-1.69107548768854,-1.29771579457105,-1.44391163101533,-3.02046093034511,-2.81040861595694,0.0105804533402361,-0.505614631632437,-0.732595455979228,-1.36346380667727,-0.892940289434359,-0.82380696009083,-1.34616848792639,-3.24329541692924,-3.18136544472529,-1.38196966077882,0.121574907361094,-0.85215498581169,-1.20068910763,-1.51056870744395,-2.6379666781767,-0.823288515647983,-1.04491172958331,-3.03634765023974,-3.08164016659979,-0.571361909330636,-0.718073441459226,-0.909543353529141,-1.00611915024715,0.482065542177946,0.53433461800183,1.08680794231873,0.53433461800183,NA,NA,NA,NA,NA,NA,NA,NA,NA,NA,NA,NA,NA,NA,NA,NA,NA,NA,NA,NA,NA,NA
715_E1_1-5,0.789536678150586,0.63813973881174,-0.168589761359426,0.60030609343688,0.621528049370094,-0.708288076398137,0.110067657779942,-0.720556204773276,1.39527770246427,1.05977211705242,0.808323983028183,-0.254527911324424,0.319193616235326,-0.271542046742735,-0.466751999390445,0.446940779538188,-0.647555365206804,-0.850864166386437,-0.938868240297585,-1.06354642152592,0.310452556023455,-0.541757431504556,0.464408925551616,0.272076902209803,-0.0350144904064375,-0.821021025406913,0.534996932784359,0.361529038218155,-1.26003987548694,0.205960058477608,0.205960058477608,-0.541757431504556,-0.109758013350257,-2.32006752559431,-1.30709174572085,1.59337553017918,-1.30709174572085,-3.10044830215433,NA,NA,NA,NA,NA,NA,NA,NA,NA,NA,NA,NA,NA,NA,NA,NA,NA,NA,NA,NA,NA
715_E2_1-5,1.2989860730326,0.302109273590573,0.103335998098383,0.625140384479004,1.475973428664,-0.342908826334488,0.307112351528847,-0.488877577926604,1.07636145994421,1.98213311607948,0.742352304211431,-0.279156070049788,-0.0943228015334063,1.20835775304152,0.18179398937264,-0.640335972862886,0.453768179950755,0.473548032782579,0.67433693389511,0.676128550793658,0.209540565293808,-0.855166375804885,0.178942877283107,1.02061648263436,-0.460595271025794,0.285176834360052,0.247756089119955,1.17654374156919,-0.459359501061452,-0.0811431861668153,-0.0811431861668153,-0.855166375804885,1.86620968069361,-0.812003001152232,1.08185175500339,1.74217484223565,1.08185175500339,-0.785051663967512,0.271301116833093,NA,NA,NA,NA,NA,NA,NA,NA,NA,NA,NA,NA,NA,NA,NA,NA,NA,NA,NA,NA
715_E2_20-24,0.791151415007968,0.681899704674071,-0.100115977088006,0.666819565118337,0.721987202734268,-0.875429900391589,0.0164826060055074,-1.47030727419111,1.41753561847097,0.852051616133382,0.671204821183089,-0.127018458585227,0.398918973785625,-0.562874689270074,-0.183299770922455,0.495107049570843,-0.801370003415592,-1.12279170744843,-1.09062551555886,-0.729755716619593,0.255942208743667,-0.539008221944229,0.985025375679745,0.852797221676577,0.0729338157472721,-0.838191688759978,0.449540594239575,0.342388230856391,-1.37177970838848,0.162727271977266,0.162727271977266,-0.539008221944229,0.602151742995774,-2.11709934922652,-0.544512229878333,1.57454392205075,-0.544512229878333,-2.57604047215057,0.255658085985728,0.278512484725351,NA,NA,NA,NA,NA,NA,NA,NA,NA,NA,NA,NA,NA,NA,NA,NA,NA,NA,NA
715_E2_30-34,0.791151415007968,0.681899704674071,-0.0257358360419936,0.614764473395178,0.613251797108415,-0.870279504928743,0.155802945531223,-1.57770747841462,1.31186353743675,0.780180109798732,0.00789347903922811,0.416250164677409,0.732619552283298,-0.562874689270074,0.646710736753636,0.495107049570843,-0.743723882447462,-0.920144863549204,-0.78185994594791,0.079165250095722,-0.258289001272715,-1.00646444699394,1.04004308667269,0.96764793811838,0.286297182876887,-0.0086979361308411,-0.30644160892296,0.490383798809946,-1.12609184421619,-0.455601003885459,-0.455601003885459,-1.00646444699394,0.794343014542852,-1.69972134116914,0.371175080639051,1.23445821913367,0.371175080639051,-1.75289929377855,0.185736145700598,0.278512484725351,NA,NA,NA,NA,NA,NA,NA,NA,NA,NA,NA,NA,NA,NA,NA,NA,NA,NA,NA
715_E3_1-5,2.84269286253024,2.60301483231367,1.28226167985726,1.4374228238913,1.37137169183948,1.19675208376205,1.76316066601938,1.23082749128386,2.07554533979366,1.94037547743864,0.767275464656446,0.605769988856817,1.01962189904965,1.85870056030758,1.59406055387619,1.96664678912365,1.69303884788983,1.42529634443441,1.28327622637079,1.98430096437342,0.729596771208729,1.0972705265455,1.13969545609146,1.34461451180251,1.78392707477652,1.286501718314,1.28038697785906,1.97641700799549,1.52496854713726,0.982020594708141,1.32091144811519,1.14109196070235,1.35225741520719,0.34934197900722,1.95877004398725,1.76481611926941,1.99830654583301,0.953877195733652,1.93232960950428,2.07303957616974,1.76764490472894,1.29733188452796,NA,NA,NA,NA,NA,NA,NA,NA,NA,NA,NA,NA,NA,NA,NA,NA,NA
715_E3_10-14,2.10614922405755,1.02011243527247,0.501057400209166,0.722694313875422,0.742036062973223,-0.608664481961009,0.646031944263565,0.474512340769132,1.50749793653963,1.32556745624182,0.504028920930323,0.0846941642966284,0.474328059559682,0.638750857600474,0.485476012647203,0.754541844617633,0.493700154460084,-0.585924595591177,-0.616096555940021,0.440900893591973,0.103759722375451,-0.626259492351474,1.56815868677743,1.5822997229266,0.639212832364471,0.0649896217782301,0.177925023966457,1.10162555412532,0.587654611907238,-0.0542574054266152,-0.0542574054266152,-0.626259492351474,1.03172664475071,-1.21553877225309,0.446145930301521,1.38937290380071,0.446145930301521,-1.70006361774316,0.866299545024427,1.32843546785805,0.759936469956328,0.690178896027739,1.4084690292098,NA,NA,NA,NA,NA,NA,NA,NA,NA,NA,NA,NA,NA,NA,NA,NA
715_E3_20-24,0.831856323548583,0.983747932779707,-0.232126026434623,0.507507472306962,0.911856579504873,-1.21984246772088,0.843960455789203,-0.65847513068143,1.21617727721681,0.889343412993447,0.405814836278666,0.0823965106077612,0.281731290918379,0.651613733035656,0.48116691889258,0.92910537399156,0.431232751129698,-0.758322075938831,-0.956264615503613,-0.328244303342016,0.310246696112086,-0.658530584464435,1.34057086246017,1.55149004414005,0.893614851804431,0.345187685377674,0.289977030768726,1.21181255196369,-0.591985794464957,-0.165454509357275,-0.145900314729331,-0.658530584464435,1.0990757208553,-1.20058327140746,0.172662562637496,1.30677831143033,0.172662562637496,-1.95035695380908,0.989821488888179,1.27214251962503,1.2132504613092,0.8939999130859,1.3647300141143,0.652982486671082,NA,NA,NA,NA,NA,NA,NA,NA,NA,NA,NA,NA,NA,NA,NA
715_E3_30-34,0.757238750253953,0.726102420318936,0.413353128742845,0.692883327896815,1.59835247440305,-0.615831928200105,0.634427411933196,-1.25088686569083,0.958426861218337,1.62509885869368,0.776602026299812,0.514358015250504,0.539435491513573,-0.0576236471532603,0.438817962163506,0.599690968818926,-0.36981244022663,0.208808011112143,0.415249539984037,0.380316163746967,0.0466544651280149,-0.671775275164465,1.14064350975969,1.56502515334137,0.680530317284528,-0.937461210881907,0.35424920315002,1.06219255511617,-1.44788707133791,-0.0128233104911933,-0.0128233104911933,-0.671775275164465,1.4708786998391,-1.13351884111417,0.907153953448251,1.94640656230252,0.907153953448251,-1.00740519386096,0.853356313963367,0.445949219135201,0.909858710477162,0.899003693894097,1.28569352328073,0.809624069482099,0.696305336897405,NA,NA,NA,NA,NA,NA,NA,NA,NA,NA,NA,NA,NA,NA
716_E1_1-5,-0.465545330395071,0.482062708281911,0.683799940288929,1.0610455066543,0.982028494630516,0.468622043810339,0.559291130315432,0.386856743423962,-1.11475456221281,2.06276834435062,0.685904389540472,1.08207219908372,0.674603854658049,1.20037885193515,-2.4628505318209,0.222018425925953,0.991364435446328,0.335475552190207,0.350505791038622,1.23500723475997,0.726877602444336,-0.244125999807433,0.580061544402844,1.52921039393,0.748014040824697,0.53973955571821,0.685049914445263,1.27180175424801,0.248285467873416,0.684725732285431,0.684725732285431,-0.244125999807433,1.10082238871819,-1.40295073499935,0.995038549285371,1.53389850911599,0.995038549285371,-0.986683671134936,1.3551027750139,0.155523392000697,1.31438341179813,1.22753402916567,1.64714072723754,1.69563826059303,1.49071168059628,1.07208977794698,NA,NA,NA,NA,NA,NA,NA,NA,NA,NA,NA,NA,NA
716_E1_10-14,0.027882117123761,0.214909673926223,0.213403840847718,0.928417569689797,0.668817126793836,0.0387429032157418,0.655180037235493,-1.11226048200777,0.158045657939232,1.46405079375381,0.624086724336038,0.392253075028721,-0.0850088196678714,1.05818713822031,-2.77623046848294,-0.643714421192026,0.40608588576156,-0.174857731192428,-0.129437354046707,0.446646754781223,0.55902962859454,-0.382647397249196,0.494755176949591,1.69047616419717,0.383506009737301,-0.45169840310155,0.587028802936251,0.932236691177499,-1.24677781632527,0.441143467058319,0.441143467058319,-0.382647397249196,0.437876634459382,-1.68355800600558,-0.112302609835653,1.45163586317023,-0.112302609835653,-1.92066515442467,1.52829949747965,0.55557039336698,1.55473607937236,1.58123749115186,1.88005660732896,1.32040622826833,1.1642374642907,1.04256404809493,0.214589287709657,NA,NA,NA,NA,NA,NA,NA,NA,NA,NA,NA,NA
716_E1_20-24,0.735046656405697,0.640922980040365,0.0778371469144858,0.475634917173306,0.629202533519456,-0.375771659528405,0.507260382651185,-1.46566829709162,0.856224141008714,1.02525903996307,0.473252825018028,0.850491083439887,0.754639174201499,-0.192790701426561,-0.544878237437985,0.576086762607066,-0.412093495328525,-0.408791769867365,-0.286121482325733,0.164007463688272,0.376259072091878,-0.46288179035166,1.10874132815612,1.328784919492,0.512901981800039,-0.912017522847132,0.569274274215126,0.801006402608485,-1.56255498115958,0.302141419090279,0.302141419090279,-0.46288179035166,-0.160151332377246,-1.98478067119162,-0.466127693942381,1.50228734927986,-0.466127693942381,-2.16377491765336,0.845055766638857,0.354816336280524,0.814986062837027,0.814986062837027,1.70617211394192,1.07310282728606,1.00576982614916,0.372965454289381,1.01837254811951,1.12856854924893,NA,NA,NA,NA,NA,NA,NA,NA,NA,NA,NA
716_E1_30-34,0.826364250827458,0.739345182934639,0.120869846619155,0.0930367110449851,0.512272082462446,-0.625779326860464,0.914778875406217,-1.34301339151979,1.00610648892678,0.974241310237995,0.249366703277646,0.493090873095106,0.509009109305411,-0.16803364323122,0.260140072876548,0.744785385189121,-0.415387958971772,-0.493371355969283,-0.418407065098477,-0.0879542917905558,0.185592310500821,-0.738964066935147,1.26081569766253,2.03877788640143,1.21630801755854,-0.544748426871799,0.2568419126466,0.921002455958428,-1.50817607341436,0.0209373676421386,0.0209373676421386,-0.738964066935147,0.353648091910559,-1.98923080402589,-0.0706574038185502,1.42033335620154,-0.0706574038185502,-1.92476342962917,0.602327077802384,0.478709755723173,0.937522906384086,0.938211982860275,1.4887574755203,0.922447952939447,0.769987920238071,0.423381457975272,1.18478828679471,1.23734241385356,0.265977787147595,NA,NA,NA,NA,NA,NA,NA,NA,NA,NA
716_E3_1-5,0.524247671250687,1.28978993566636,1.10535606884446,1.27119679713117,1.0693277929333,0.999763131880007,1.37194182483714,1.1667849605084,0.481719237629319,1.80247856865119,1.26280795710111,1.18025308859801,1.07906574034517,1.52791667075292,-0.0478523466073105,1.70896947888848,1.40371757223273,0.80944788089591,0.462108374099171,1.5727879309406,0.781420731822576,0.0623712334263603,1.33993920207366,1.3670581217467,0.869506627825804,0.941853492958696,0.565332608716249,0.886007208818944,0.953515111835918,0.748763812019084,0.675625567258704,0.0623712334263603,1.06225372091135,-0.649485922511587,1.28059076257195,1.25437240810916,1.28059076257195,0.448410857754401,1.44866301549144,1.57601853876753,1.3769788104634,1.32607646148017,0.888457505235969,1.53550286459661,1.43324864663794,1.2288224674176,0.851284245745479,0.774507107180486,1.20440353468843,1.3409579684965,NA,NA,NA,NA,NA,NA,NA,NA,NA
716_E3_10-14,0.490305082885244,0.130039547918662,-0.338850449112052,-0.182907684766615,0.444976513654969,-0.765837064198952,0.58352335180875,-0.6849460738454,1.93230278276196,1.5857859193953,0.548192664102215,-1.26125098921143,-1.20346082258133,0.605580763609501,-2.27703537438862,-1.06310303901745,0.518514899668233,-0.487612423749853,-0.631098381711026,0.126235370665352,0.0514348436641101,-0.932486162775922,0.0491062623235107,1.46394763601315,-1.23409323494625,-0.647635953348294,-0.167816543261699,0.504156413104817,-0.626801723434112,-0.0767974435296826,-0.0767974435296826,-0.932486162775922,-0.102887131743744,-2.7197817656023,-0.396785933168184,1.46463804372519,-0.396785933168184,-2.46448515526767,0.00283179221574001,0.809220309439494,0.0143474690889907,0.0143474690889907,2.23487868506394,0.509447555456133,0.659449062058924,0.193659457353932,0.446721154419836,-0.109430408403306,0.11181314621877,0.132782500903554,0.816625262632273,NA,NA,NA,NA,NA,NA,NA,NA
716_E3_30-34,0.847284300268754,0.837755727070073,0.138386150421279,0.205573387221118,0.844440269233437,-0.74862019807816,1.07543114270484,-0.624234918108646,1.32357165219089,1.05059162648177,0.158603540750218,0.592204997766739,0.829399434547084,0.45998456544313,0.495301016160309,0.693297366131838,-0.0980016438662812,-0.631348683740381,-0.461286863607117,0.164227221422645,-0.325449002705261,-1.00866420233128,1.22555917741649,1.91055243346082,-0.143671136498221,-0.642320457613425,-0.0725176576964246,1.2294366492591,-0.639495387023786,-0.414948158391138,-0.414948158391138,-1.00866420233128,0.417535704324914,-1.99082894730663,0.147627052253032,1.39826919258465,0.147627052253032,-1.93028363637191,-0.104949701752426,1.33641799337931,-0.144322749062354,-0.144322749062354,1.77396933791298,0.830847713916101,0.689153963706057,-0.368570865899348,1.27437973500927,0.854175116345664,-0.133309984063649,-0.789774493674309,1.37383931480926,1.27594328646313,NA,NA,NA,NA,NA,NA,NA
717_E2_1-5,-0.957650233434832,-0.00649415718162312,0.403486154070354,0.664573477112196,1.54283815805347,-0.423003838078855,0.541807579540433,-1.29304080172495,1.51322495813505,2.23113552176267,1.16872428052696,-0.849239377557937,-0.854101019468016,1.05988390289668,-2.59641008425422,-1.78890369193565,0.895214289199495,0.521159107254161,0.680878207425894,0.373972046924569,0.146503562021973,-0.552379877969339,-1.66872471816316,1.04629814429315,-1.26368928460499,-1.60606371155309,0.510016356624229,1.05154177923786,-1.33470505999486,0.136851071442598,0.136851071442598,-0.552379877969339,-2.85790162862094,-2.9248860283251,-2.06979832683023,2.07062714610146,-2.06979832683023,-2.6379821859143,0.39038512600101,0.269859310190195,0.46497289721778,0.46497289721778,1.82031071424508,0.417621066460448,0.775351895702301,0.529883357745214,0.268755993515705,0.179134734556221,0.503162477114967,0.579711646029013,0.614551420143485,0.344344171885317,1.04819121617146,NA,NA,NA,NA,NA,NA
717_E2_10-14,0.859387862907109,0.741084434907421,0.404810964652878,0.636855938501554,1.59246327909548,-0.696964370751566,0.935790603545383,-1.53182163871148,1.59490520275274,2.00075706762558,1.26710503388029,0.180912335315699,0.593065061362974,0.498570544964908,-0.649696604924394,0.43438675093719,0.243057447155365,0.48601733688706,0.686893311625281,0.500229184152334,0.206347128175864,-0.725561523568895,0.713295417788604,1.29779409026249,-0.85417164752901,-1.16666389994451,0.529479365230299,1.0827601673846,-1.38418420764875,0.0869316522709221,0.0869316522709221,-0.725561523568895,0.188691818901166,-1.8703884721247,0.0249264802742894,2.21547286023933,0.0249264802742894,-1.54339889975468,-0.161054994619642,1.22196572044289,-0.401266032878096,-0.401266032878096,1.86973314579281,0.752019494895431,0.69070301303469,0.37786930223878,1.28369019135236,1.00872370260493,0.349824425674693,0.370381752020167,1.14753159921953,0.567847828475219,1.19489416711133,0.96147564373148,NA,NA,NA,NA,NA
717_E2_20-24,0.847284300268754,0.837755727070073,0.294310862438821,0.521004791685385,1.52277804756099,-0.718455770064742,0.590251140405472,-1.36040782857261,1.3816774365907,1.93277443806026,1.23486424321141,-0.030527281387309,0.371796623439143,0.346590101491236,0.0628470820997874,0.699675702636371,0.246850515944501,0.634811073313976,0.84302348663818,0.0187069328980954,-0.0801269542579939,-0.862951101443067,1.22032336155921,1.42941191795895,-0.612500547273133,-1.4661132281915,0.313307478440238,1.09754918170668,-1.40844077672994,-0.103099898361389,-0.103099898361389,-0.862951101443067,0.789402005154682,-1.608878397849,0.124195252556713,2.28116953809642,0.124195252556713,-1.32599579135182,-0.337733506247453,1.32234454183282,-0.121801296647399,-0.121801296647399,1.95646855369312,0.666390952615035,0.27984586246755,-0.109956097359169,1.25228792359207,0.350038226604844,-0.115744915790561,-0.923864302743212,1.30067203141646,1.27594328646313,NA,1.04819121617146,1.19489416711133,NA,NA,NA,NA
717_E3_1-5,0.105101604778976,0.00707200191211752,0.582939612407586,0.888640455935193,0.604667288865885,0.0147096514299364,0.678947932572596,0.86158234492013,-0.00266491950310814,1.72713879858244,0.866078490594434,-0.826664820858072,-0.654209837623573,1.41634365206114,-2.39095689082449,-0.876812015109931,1.31101236464857,-0.191601558146871,-0.163235661804534,0.504981863604202,0.509427722166163,-0.568888157814353,-0.318153194675277,0.217476610667279,-0.310997701544936,-0.212422359532099,0.611382248700089,0.867923206065119,0.806662284531512,0.2965453977344,0.2965453977344,-0.568888157814353,-0.546285972593813,-2.59890422164794,-0.459246885977826,1.61953023274633,-0.459246885977826,-2.09206502250883,1.06613580246962,1.14232602034283,1.22889829873006,1.22889829873006,2.00641012442313,1.19760876824909,1.10988436121513,1.20237663336015,0.614599825517449,-0.171092391083691,1.19513269138402,1.34756597373175,1.44980345825688,0.141433204277445,1.24263004298791,-0.624916311559984,0.885391363731482,1.24263004298791,NA,NA,NA
717_E3_10-14,1.01561397416891,0.861597699097197,0.141932935060796,0.210845176011704,0.0210316146480274,-0.434770632429528,0.604701180080091,-0.485017774134787,1.30308874618285,1.10958198003209,0.889292947196188,-1.53517093698036,-1.14808974681567,0.692105243239892,-2.27862234657645,-0.893531263515638,0.602183617119107,-0.694857110847572,-0.697209726018169,-0.760497028759734,0.279221034369311,-0.804307518373999,-0.165477328217217,0.921096398409347,-0.699520837683558,-1.02198837657289,0.417769302547558,0.450443071406407,-0.0834932645336221,0.0194178651715565,0.0194178651715565,-0.804307518373999,-1.55388157409456,-3.29787749030901,-1.6647205374105,1.71591454759098,-1.6647205374105,-2.93522248820525,0.211273405031025,1.03060539951521,0.431873645483523,0.431873645483522,2.12606687851598,0.608323399298668,0.828683680857107,0.814637383989272,1.21488178247393,1.06302679976254,0.797786574870826,0.939093883594512,1.15139851837753,0.258041407735196,0.630033607695431,0.0515904767610949,0.394952840343803,0.630033607695431,0.173247956912511,NA,NA
717_E3_30-34,0.652467192607393,-0.0278747438099939,-0.270332637765301,0.127283943720823,1.08211316237951,-1.43192605545486,0.525414372297681,-0.691504244611849,0.76657471349655,1.30722989990989,0.410994520128423,0.331392434847001,0.626766710886088,-1.29087137247277,0.73479707505632,0.416130112520016,-0.404848980368071,-0.382127628984094,-0.115567634687966,0.0765283224691599,-1.51861514929743,-1.26397653698859,0.968060158429915,1.39104108759519,-0.429921225660937,-0.774710516655678,-0.353946399935122,0.837892752890869,-0.625671852107488,-0.774611013061731,-0.774611013061731,-1.26397653698859,0.765291854707471,-1.64890377793675,-0.448112433734368,1.71594051763416,-0.352635417424112,-1.33110313543308,-1.44690115898711,0.190913210014331,-1.55662243514524,-1.41535900444811,1.40437383605066,0.146988781559298,-0.637794433536308,-1.69303929412261,0.327235158018757,-1.14233530755276,-1.47637013280877,-1.44271979257978,1.23123727900672,-0.0622476995428477,-0.544003397685864,-1.08190195820881,-1.322841936609,-1.08068944844202,1.00908130112792,-0.257503733641255,NA
