,711_E-1-S,711_E-1-M,711_E-1-D,711_E-2-S,711_E-2-M,711_E-2-D,711_E-3-S,711_E-3-M,711_E-3-D,712_E-1-M,712_E-1-D,712_E-2-S,712_E-2-M,712_E-2-D,712_E-3-S,712_E-3-M,712_E-3-D,713_E-1-S,713_E-1-M,713_E-1-D,713_E-1-X0,713_E-1-X1,713_E-2-S,713_E-2-M,713_E-2-D,713_E-2-X0,713_E-2-X1,713_E-3-S,713_E-3-M,713_E-3-D,713_E-3-X0,713_E-3-X1,714_E1_1-5,714_E1_5-9,714_E1_20-24,714_E1_30-34,714_E2_1-5,714_E2_5-9,714_E2_20-24,715_E1_1-5,715_E2_1-5,715_E2_20-24,715_E2_30-34,715_E3_1-5,715_E3_10-14,715_E3_20-24,715_E3_30-34,716_E1_1-5,716_E1_10-14,716_E1_20-24,716_E1_30-34,716_E3_1-5,716_E3_10-14,716_E3_30-34,717_E2_1-5,717_E2_10-14,717_E2_20-24,717_E3_1-5,717_E3_10-14,717_E3_30-34
711_E-1-S,NA,NA,NA,NA,NA,NA,NA,NA,NA,NA,NA,NA,NA,NA,NA,NA,NA,NA,NA,NA,NA,NA,NA,NA,NA,NA,NA,NA,NA,NA,NA,NA,NA,NA,NA,NA,NA,NA,NA,NA,NA,NA,NA,NA,NA,NA,NA,NA,NA,NA,NA,NA,NA,NA,NA,NA,NA,NA,NA,NA
711_E-1-M,-0.0685117930221072,NA,NA,NA,NA,NA,NA,NA,NA,NA,NA,NA,NA,NA,NA,NA,NA,NA,NA,NA,NA,NA,NA,NA,NA,NA,NA,NA,NA,NA,NA,NA,NA,NA,NA,NA,NA,NA,NA,NA,NA,NA,NA,NA,NA,NA,NA,NA,NA,NA,NA,NA,NA,NA,NA,NA,NA,NA,NA,NA
711_E-1-D,2.29350923992846,0.861500705171132,NA,NA,NA,NA,NA,NA,NA,NA,NA,NA,NA,NA,NA,NA,NA,NA,NA,NA,NA,NA,NA,NA,NA,NA,NA,NA,NA,NA,NA,NA,NA,NA,NA,NA,NA,NA,NA,NA,NA,NA,NA,NA,NA,NA,NA,NA,NA,NA,NA,NA,NA,NA,NA,NA,NA,NA,NA,NA
711_E-2-S,-0.647994555028253,-0.0920803474818173,0.492666473141557,NA,NA,NA,NA,NA,NA,NA,NA,NA,NA,NA,NA,NA,NA,NA,NA,NA,NA,NA,NA,NA,NA,NA,NA,NA,NA,NA,NA,NA,NA,NA,NA,NA,NA,NA,NA,NA,NA,NA,NA,NA,NA,NA,NA,NA,NA,NA,NA,NA,NA,NA,NA,NA,NA,NA,NA,NA
711_E-2-M,-0.474841899734207,0.363120737093401,-0.663234512366115,0.566808856914279,NA,NA,NA,NA,NA,NA,NA,NA,NA,NA,NA,NA,NA,NA,NA,NA,NA,NA,NA,NA,NA,NA,NA,NA,NA,NA,NA,NA,NA,NA,NA,NA,NA,NA,NA,NA,NA,NA,NA,NA,NA,NA,NA,NA,NA,NA,NA,NA,NA,NA,NA,NA,NA,NA,NA,NA
711_E-2-D,1.87091379235681,-0.0556126067139201,1.48956303249271,-0.838126567310416,0.338804633462145,NA,NA,NA,NA,NA,NA,NA,NA,NA,NA,NA,NA,NA,NA,NA,NA,NA,NA,NA,NA,NA,NA,NA,NA,NA,NA,NA,NA,NA,NA,NA,NA,NA,NA,NA,NA,NA,NA,NA,NA,NA,NA,NA,NA,NA,NA,NA,NA,NA,NA,NA,NA,NA,NA,NA
711_E-3-S,0.841217854969174,0.782700034329335,1.3771535389608,-0.180527894078587,0.363565698793901,1.36685523116652,NA,NA,NA,NA,NA,NA,NA,NA,NA,NA,NA,NA,NA,NA,NA,NA,NA,NA,NA,NA,NA,NA,NA,NA,NA,NA,NA,NA,NA,NA,NA,NA,NA,NA,NA,NA,NA,NA,NA,NA,NA,NA,NA,NA,NA,NA,NA,NA,NA,NA,NA,NA,NA,NA
711_E-3-M,-0.1326019963962,0.352953638608826,0.860266112538075,1.87164246064984,0.215702756116112,0.320044950554515,1.59680518108805,NA,NA,NA,NA,NA,NA,NA,NA,NA,NA,NA,NA,NA,NA,NA,NA,NA,NA,NA,NA,NA,NA,NA,NA,NA,NA,NA,NA,NA,NA,NA,NA,NA,NA,NA,NA,NA,NA,NA,NA,NA,NA,NA,NA,NA,NA,NA,NA,NA,NA,NA,NA,NA
711_E-3-D,1.68027871805675,0.236899806637494,-0.358920211153188,-1.73571816095811,-1.28243767772636,0.309009839942746,0.934951285166984,0.71685530134136,NA,NA,NA,NA,NA,NA,NA,NA,NA,NA,NA,NA,NA,NA,NA,NA,NA,NA,NA,NA,NA,NA,NA,NA,NA,NA,NA,NA,NA,NA,NA,NA,NA,NA,NA,NA,NA,NA,NA,NA,NA,NA,NA,NA,NA,NA,NA,NA,NA,NA,NA,NA
712_E-1-M,-0.986383743174667,-0.251861945618302,-0.921146633337507,0.00395233836727067,0.867557713565873,-1.0777172183543,-0.0346143347359874,-0.215427168280089,-1.14145695222011,NA,NA,NA,NA,NA,NA,NA,NA,NA,NA,NA,NA,NA,NA,NA,NA,NA,NA,NA,NA,NA,NA,NA,NA,NA,NA,NA,NA,NA,NA,NA,NA,NA,NA,NA,NA,NA,NA,NA,NA,NA,NA,NA,NA,NA,NA,NA,NA,NA,NA,NA
712_E-1-D,2.27156833765277,0.61227740599552,-2.17424465799932,0.462944848936273,-0.821689412324978,0.458751451931643,0.964201973435056,0.500146824248468,-0.152409343505502,-0.508981182106658,NA,NA,NA,NA,NA,NA,NA,NA,NA,NA,NA,NA,NA,NA,NA,NA,NA,NA,NA,NA,NA,NA,NA,NA,NA,NA,NA,NA,NA,NA,NA,NA,NA,NA,NA,NA,NA,NA,NA,NA,NA,NA,NA,NA,NA,NA,NA,NA,NA,NA
712_E-2-S,-0.537009682647037,1.24811658726144,-0.713713991737333,-1.18340037317675,0.45541955207169,-0.730370915195583,-0.185214627574588,1.63693469271079,-2.19433233040147,3.54976488626441,0.221103731037976,NA,NA,NA,NA,NA,NA,NA,NA,NA,NA,NA,NA,NA,NA,NA,NA,NA,NA,NA,NA,NA,NA,NA,NA,NA,NA,NA,NA,NA,NA,NA,NA,NA,NA,NA,NA,NA,NA,NA,NA,NA,NA,NA,NA,NA,NA,NA,NA,NA
712_E-2-M,-0.0299922619585331,1.11900191139693,0.253351181952158,-1.46293340921983,-0.0345275591719598,-0.087498424547609,-0.156377671839624,1.4273210135588,-1.77192803343086,0.828701727341939,0.641924126912651,-0.654273045402241,NA,NA,NA,NA,NA,NA,NA,NA,NA,NA,NA,NA,NA,NA,NA,NA,NA,NA,NA,NA,NA,NA,NA,NA,NA,NA,NA,NA,NA,NA,NA,NA,NA,NA,NA,NA,NA,NA,NA,NA,NA,NA,NA,NA,NA,NA,NA,NA
712_E-2-D,1.64251185656413,0.195723259503677,0.257187704990193,-1.32666586201604,-1.23988498203699,1.02307770687428,1.28268684260155,0.503623580781629,-0.497054969651435,-1.40391429444945,0.198024322028058,-1.49408693414152,-1.38616025919757,NA,NA,NA,NA,NA,NA,NA,NA,NA,NA,NA,NA,NA,NA,NA,NA,NA,NA,NA,NA,NA,NA,NA,NA,NA,NA,NA,NA,NA,NA,NA,NA,NA,NA,NA,NA,NA,NA,NA,NA,NA,NA,NA,NA,NA,NA,NA
712_E-3-S,1.07488837734345,1.20278405738416,0.953895467532089,0.06127857397266,0.303949159794446,2.22816569581164,0.725567602250204,1.07501466155222,0.708316733088063,1.35391884249311,1.22164211641646,-0.293442820880484,0.220747704852891,0.803402691242527,NA,NA,NA,NA,NA,NA,NA,NA,NA,NA,NA,NA,NA,NA,NA,NA,NA,NA,NA,NA,NA,NA,NA,NA,NA,NA,NA,NA,NA,NA,NA,NA,NA,NA,NA,NA,NA,NA,NA,NA,NA,NA,NA,NA,NA,NA
712_E-3-M,1.02883675226284,1.90775293386421,1.09519124596823,-0.171851306872758,0.325914391148462,1.5264207133292,0.851370440646425,1.07056990858681,0.0823536996634232,2.35473741288756,1.06859570657078,0.0641468402976376,1.3471216872299,-0.0631571282005401,-2.03363338079211,NA,NA,NA,NA,NA,NA,NA,NA,NA,NA,NA,NA,NA,NA,NA,NA,NA,NA,NA,NA,NA,NA,NA,NA,NA,NA,NA,NA,NA,NA,NA,NA,NA,NA,NA,NA,NA,NA,NA,NA,NA,NA,NA,NA,NA
712_E-3-D,1.29391135652697,0.500197237818819,0.498441805711172,-1.52056860114851,-0.947077898956938,0.969004089791179,0.835110852651799,0.872635233583437,-1.14094296755268,-0.783391479100011,0.6477087625805,-2.04576071080964,-1.17101763488169,0.616196212823144,1.06272053231278,-0.0290065364575831,NA,NA,NA,NA,NA,NA,NA,NA,NA,NA,NA,NA,NA,NA,NA,NA,NA,NA,NA,NA,NA,NA,NA,NA,NA,NA,NA,NA,NA,NA,NA,NA,NA,NA,NA,NA,NA,NA,NA,NA,NA,NA,NA,NA
713_E-1-S,-0.350209711467787,-0.913417811543902,0.553272754076776,-0.362731338503508,0.0979631058967517,-0.343800806905122,0.226149687596341,-0.19650845605668,-1.11795872202714,0.722850644687149,0.890020269166304,1.09046135937455,0.943320959985161,-0.700438919877698,1.31645423722583,1.92007198662674,-0.729491153691718,NA,NA,NA,NA,NA,NA,NA,NA,NA,NA,NA,NA,NA,NA,NA,NA,NA,NA,NA,NA,NA,NA,NA,NA,NA,NA,NA,NA,NA,NA,NA,NA,NA,NA,NA,NA,NA,NA,NA,NA,NA,NA,NA
713_E-1-M,-0.817924310817413,-0.741078979320946,-0.850662263505929,-0.943060184236006,-0.521312830773441,-1.48343797627346,0.0722484260289653,-0.178385772035531,-1.95835073058501,1.17275449190847,-0.617173392666871,2.35898225437514,-0.605031836947787,-1.56873102753289,1.22524768771229,1.77994575935994,-1.76157021916454,-0.904322948268547,NA,NA,NA,NA,NA,NA,NA,NA,NA,NA,NA,NA,NA,NA,NA,NA,NA,NA,NA,NA,NA,NA,NA,NA,NA,NA,NA,NA,NA,NA,NA,NA,NA,NA,NA,NA,NA,NA,NA,NA,NA,NA
713_E-1-D,0.336235447948588,-0.468748923718996,-0.535419945453065,-1.32245017685253,-0.624585766939262,-0.358641619146195,-0.305593549684182,-1.38531653197094,-0.994893727088242,0.729063388311517,0.786390272544983,-1.11203550865156,0.39080243401837,-0.515726551272127,1.45821810054548,2.04720940841395,-0.727199239077328,1.1301729197276,-0.649309634683182,NA,NA,NA,NA,NA,NA,NA,NA,NA,NA,NA,NA,NA,NA,NA,NA,NA,NA,NA,NA,NA,NA,NA,NA,NA,NA,NA,NA,NA,NA,NA,NA,NA,NA,NA,NA,NA,NA,NA,NA,NA
713_E-1-X0,1.29044035965432,1.28128828542333,1.16699132443913,1.44743782052838,1.33594603023602,0.743944360489595,1.05022336121941,1.60532801964983,0.95425156125309,1.50231574207945,1.35476489802259,2.00714308094465,1.54359515174523,0.981534815692096,0.895699045738117,1.13904411630486,1.2740920949171,1.08182581073672,1.40859375247161,1.63725969492817,NA,NA,NA,NA,NA,NA,NA,NA,NA,NA,NA,NA,NA,NA,NA,NA,NA,NA,NA,NA,NA,NA,NA,NA,NA,NA,NA,NA,NA,NA,NA,NA,NA,NA,NA,NA,NA,NA,NA,NA
713_E-1-X1,1.82807914813461,1.26146424180384,0.662030061210217,-0.31750134383836,0.74220784896481,-0.0529219589435999,0.765030799145508,1.56599099679573,0.237866865253686,-0.0547051176152683,0.143359323516023,0.966578227984067,0.161512016285781,-0.130603616273006,1.60672082981804,2.00331031371598,0.58410946066104,-0.817208774191548,-1.12244447798765,0.878686813721676,0.110658083056909,NA,NA,NA,NA,NA,NA,NA,NA,NA,NA,NA,NA,NA,NA,NA,NA,NA,NA,NA,NA,NA,NA,NA,NA,NA,NA,NA,NA,NA,NA,NA,NA,NA,NA,NA,NA,NA,NA,NA
713_E-2-S,0.766139324423128,1.1221679116023,0.123465021879529,0.0172222599213588,-0.966256157368585,-0.290043107334361,1.43969094417861,0.966966602998791,-0.530417424522437,-1.11745956376136,1.22533638389112,0.314452068490076,1.13792358464918,-0.653550178523514,1.4750890198842,1.16133752545153,-0.714308864874764,-0.0654228115988147,-1.82771587310301,0.745987013105017,0.736558112557465,0.731781943315371,NA,NA,NA,NA,NA,NA,NA,NA,NA,NA,NA,NA,NA,NA,NA,NA,NA,NA,NA,NA,NA,NA,NA,NA,NA,NA,NA,NA,NA,NA,NA,NA,NA,NA,NA,NA,NA,NA
713_E-2-M,1.06914979658532,2.47158437955971,0.0209395132748183,0.350797989250236,1.33123907998854,-1.52292444541423,1.57353210797055,2.07197463489149,-0.775258892536396,0.364615593741963,-0.226792949436242,1.71003522590862,2.25302226733185,-0.122590597222183,0.687426251076393,3.12403897128718,0.0230799146631642,0.646509218548594,0.21396176237181,-0.448756613657407,0.652680556571385,-0.628435948467891,0.59566390453948,NA,NA,NA,NA,NA,NA,NA,NA,NA,NA,NA,NA,NA,NA,NA,NA,NA,NA,NA,NA,NA,NA,NA,NA,NA,NA,NA,NA,NA,NA,NA,NA,NA,NA,NA,NA,NA
713_E-2-D,1.0576379081902,-0.0557811570126389,-0.629093340438531,-0.87851140980953,-1.07472743829906,0.483263410868092,0.820602105657782,-0.00031979841049776,0.35295604067368,-1.36111067998231,-0.576764749843093,-1.08783443028545,-0.770645307794629,-0.760236226966809,0.964800081874265,0.751619147589589,-0.741890164250157,-0.966756770936363,-1.70891954551359,-1.02424645257126,1.1567334221697,0.416366927256788,0.262207853232113,0.228057116133876,NA,NA,NA,NA,NA,NA,NA,NA,NA,NA,NA,NA,NA,NA,NA,NA,NA,NA,NA,NA,NA,NA,NA,NA,NA,NA,NA,NA,NA,NA,NA,NA,NA,NA,NA,NA
713_E-2-X0,0.0998167782578734,0.0589362747749073,-0.0103896541405999,-0.130052574583676,-0.0313231176634493,-0.149934951861577,-0.353683094310698,0.285276955067192,-0.322494052381004,0.098137431810637,-0.192791061571701,-0.277020337879372,-0.110382559587955,-0.137380743402837,-0.00616024567350332,-0.275378522867556,-0.229780255906879,-0.201747851641994,-0.102916687496365,-0.0916443440027714,0.207844788722746,-0.033251282053368,0.146942065884454,-0.326979944090173,-0.0334828019266571,NA,NA,NA,NA,NA,NA,NA,NA,NA,NA,NA,NA,NA,NA,NA,NA,NA,NA,NA,NA,NA,NA,NA,NA,NA,NA,NA,NA,NA,NA,NA,NA,NA,NA,NA
713_E-2-X1,1.85505762921028,1.53524971659693,1.09823134450119,1.77363718682817,0.942764165259016,1.20036619211402,1.69572928644608,2.77597993254013,1.39689300699163,0.240463030787777,-0.0356253458202612,0.89598873669962,0.0026773037556443,1.1604182575901,0.935300861132856,1.50045494633099,1.05956426834564,-0.492816288631466,-0.376607235660734,-0.674689956142287,0.769604230627399,-0.896976433729481,0.320369169252181,0.0501626601864747,1.00218565365138,-0.0614033366129207,NA,NA,NA,NA,NA,NA,NA,NA,NA,NA,NA,NA,NA,NA,NA,NA,NA,NA,NA,NA,NA,NA,NA,NA,NA,NA,NA,NA,NA,NA,NA,NA,NA,NA
713_E-3-S,-1.14342161959524,-0.0844363981718313,-0.154456513667671,-0.719849423430818,0.668458136453401,-1.09661671321256,-0.211557240747824,0.794003329036504,-1.3197622192768,-0.327291774710685,-0.162381751430455,-0.189262263747055,0.274680367208709,-1.04642553137629,0.185708143449271,0.756697686525248,-1.2486612375162,-0.197095602580722,-0.620415711497776,-1.65998211713264,1.26042420998421,0.625714340287297,-0.228701900307035,1.06784459671749,-0.452958686167785,-0.207542518995636,1.13339557748999,NA,NA,NA,NA,NA,NA,NA,NA,NA,NA,NA,NA,NA,NA,NA,NA,NA,NA,NA,NA,NA,NA,NA,NA,NA,NA,NA,NA,NA,NA,NA,NA,NA
713_E-3-M,0.677593154579603,-1.02650436958856,-0.438697196633727,-2.13332039086956,-1.34176449955747,-0.538966053990445,-0.413400184575436,-0.867172783418699,-0.943804074406744,-1.85404984827846,0.165034789606682,-3.21652020960094,-2.02590281620543,-1.09817783898123,1.45316895055386,-0.93211890217698,-1.78930768410588,-1.76476560129767,-2.59106382180307,-2.2158808922065,0.812200232682489,1.17916258897135,-0.911540585989221,-0.941979816159203,0.0743384215926713,-0.409006611546289,1.32367100913164,-1.96971894877706,NA,NA,NA,NA,NA,NA,NA,NA,NA,NA,NA,NA,NA,NA,NA,NA,NA,NA,NA,NA,NA,NA,NA,NA,NA,NA,NA,NA,NA,NA,NA,NA
713_E-3-D,1.63581328240063,0.242269423734266,0.099690769281838,1.18934570804287,0.419080675560599,0.680150187009848,0.749269840411482,0.834792504982558,1.00122621246572,-0.741325134127227,-0.946785533797404,0.336704409317481,0.0983862461557539,1.00749927328154,1.38020831135638,1.86320051105987,0.797676908101455,-1.03543546323942,-1.06272708435975,-1.04715631102086,0.596056406747607,-1.03312568983903,0.502147562702065,-0.0588225733691888,0.857665316744118,-0.0495220215026719,0.504054842981735,0.99999210716116,0.930895890135926,NA,NA,NA,NA,NA,NA,NA,NA,NA,NA,NA,NA,NA,NA,NA,NA,NA,NA,NA,NA,NA,NA,NA,NA,NA,NA,NA,NA,NA,NA,NA
713_E-3-X0,2.23426502871578,1.03697589918463,0.414203593523287,1.42642710104367,1.04440028915337,0.702857731067508,1.13407012554147,1.80718216357399,1.00907234430912,0.0596626308466919,-0.389730480555661,1.48058462460462,0.830947759507307,1.10633298497516,1.76424441920007,2.46369829461414,1.20706239052186,-0.628289093380082,-0.379831195250717,0.0634319746711499,0.54539978053375,1.22674420121647,0.974278472349806,-0.00604969587127547,1.02559228490905,-0.0368976411758179,0.193971625343732,1.63643474514048,1.41143096893547,-1.72227590604454,NA,NA,NA,NA,NA,NA,NA,NA,NA,NA,NA,NA,NA,NA,NA,NA,NA,NA,NA,NA,NA,NA,NA,NA,NA,NA,NA,NA,NA,NA
713_E-3-X1,1.15759681059384,0.477344060806879,0.569351120905715,0.602205020741232,0.331197298146486,0.373270346005038,0.888826695838074,1.86522750608518,0.764310197516233,-0.29597734617989,-0.411817017333407,0.670134494176601,-1.17330038107858,0.449973858133093,0.661344900384069,1.10218676377732,0.727674331062668,-1.09827544971318,-0.854782064590224,-0.948856718776007,0.501802099852188,-0.160886870166651,-0.443136472481746,-0.424976183168981,0.714217125509139,-0.0311514682562255,-1.2723963237203,0.865041837026437,1.13118624266816,-0.258737560955937,0.207967940130926,NA,NA,NA,NA,NA,NA,NA,NA,NA,NA,NA,NA,NA,NA,NA,NA,NA,NA,NA,NA,NA,NA,NA,NA,NA,NA,NA,NA,NA
714_E1_1-5,-0.603426264436926,1.22536739365637,-0.923764119607698,-0.408682889343565,0.0914001779827666,-0.270922099440099,-0.514491784532548,0.341428917233345,-1.11549454918224,0.614450187178428,-1.31596654673641,0.44973933609307,-0.0905847393194432,-1.096593198013,0.426647533952638,-0.398950823867648,-0.999632803429921,0.485085312044242,1.48329449870514,-0.830472104837158,0.681672884372365,0.478341865843134,1.62509667542015,2.76088402033759,0.292994954035611,-0.368306749989076,1.13806023736899,-0.463593772611779,-1.46570600296373,0.850029904358643,1.29505221319124,0.696413125038064,NA,NA,NA,NA,NA,NA,NA,NA,NA,NA,NA,NA,NA,NA,NA,NA,NA,NA,NA,NA,NA,NA,NA,NA,NA,NA,NA,NA
714_E1_5-9,-0.474823724631109,-0.159056310373941,-1.13261493010187,-0.0432753414956208,0.444819113691542,-0.65521464172257,0.162258347819262,0.107318855000215,-1.31315983277028,-0.501613745402225,-0.994637621632562,2.47216247870117,0.819565818445141,-1.303731769946,1.08236330678287,1.69538472826715,-1.11730687276819,-0.113716694380357,0.974970111000067,-0.262866573765239,1.60013558324824,0.0606131997732032,-0.507263947119806,1.62202705674668,-0.756483974073517,-0.0614741565888719,1.13123995538566,-0.597612085412464,-1.70249190622108,0.167618958412704,1.11832122298577,0.43020682426056,0.303468496789466,NA,NA,NA,NA,NA,NA,NA,NA,NA,NA,NA,NA,NA,NA,NA,NA,NA,NA,NA,NA,NA,NA,NA,NA,NA,NA,NA
714_E1_20-24,0.119268886220234,-1.21553190604634,-1.3146133981347,0.95541304563641,-0.687867482715837,-0.243907711413373,1.42267204974836,-0.141633853878457,0.266139242908708,2.32879847349513,-1.10264934846978,2.50880666136995,1.30071608074163,-0.155588248012713,1.30212313775505,1.77807181103508,0.551341464394007,-1.47038381773476,-0.800344527089168,-0.560158098116228,1.35299674862614,0.662434482418328,1.25131404564754,0.11031793239804,-0.225726754298458,0.198730870683412,1.08242071591748,0.254853303677791,-0.749284961706896,-0.652432395071002,0.064062646176856,0.494893693967724,-0.677963051149846,0.979685079640732,NA,NA,NA,NA,NA,NA,NA,NA,NA,NA,NA,NA,NA,NA,NA,NA,NA,NA,NA,NA,NA,NA,NA,NA,NA,NA
714_E1_30-34,2.33475762074252,0.556144858772323,-1.37126814848083,0.745531148370577,0.151982948504872,-0.228179402296949,1.1135359970406,0.907258323776114,-0.417742695277338,-0.0851970939695575,-0.744108543529203,1.40658768612078,0.754654155025426,-0.878315040196451,1.02232341392436,1.5811980713666,-0.237150532901248,0.128985969954019,-0.354237432166904,0.193538490733951,1.29498910050966,0.218588227062768,1.20186922624567,-0.743538758970159,-0.466598742092979,0.0359438576736787,0.305878894078595,-0.00141236448729776,-0.776679242052141,-0.847438355236131,-0.105491229739869,-0.231016373984826,-0.126283186366896,0.104761035458176,-0.339589643915317,NA,NA,NA,NA,NA,NA,NA,NA,NA,NA,NA,NA,NA,NA,NA,NA,NA,NA,NA,NA,NA,NA,NA,NA,NA
714_E2_1-5,-0.786100696802246,-0.354696404336143,0.393939767676666,-0.844619477404559,-0.0073832045537276,-0.0119361922649532,0.476022275525319,1.12260491546379,-1.53739474270133,-0.0935331591654447,0.441050597116791,-1.38762298760646,-0.752616188233751,-1.10520905444975,0.597666260426627,-0.284088146317928,-1.27416973711005,-0.731243217300265,-1.11595825088743,-1.1445445174143,1.20998022628506,0.577617278160733,0.321330765940948,1.89041201994083,0.100056494037197,-0.329609151590628,1.43856450314437,-1.08530600784651,-1.90046070145816,1.18832301182469,1.80521934010797,0.785241747850239,0.688923160765712,0.0218989052215892,0.791774607007973,0.375138387285923,NA,NA,NA,NA,NA,NA,NA,NA,NA,NA,NA,NA,NA,NA,NA,NA,NA,NA,NA,NA,NA,NA,NA,NA
714_E2_5-9,-0.613251012899024,0.675966123153819,-0.731431052558189,-0.706711242141803,1.4152153768884,-1.06178405765491,-0.12719251547428,1.3436632443237,-2.02093745864994,3.24811511674573,-0.655400113864158,0.494854926960282,-0.19980135854792,-1.4694029342156,0.780490207621104,0.925880054119191,-1.88090734428767,-0.220885996083679,1.33957849037882,-0.417040230404497,1.52923394040607,-1.61559101199846,-1.55576788142921,1.10411067525559,-1.24058006321153,-0.146210658099827,-0.144662532686006,-0.675529408709802,-2.24232220155175,-0.63129265417052,-0.0197298668497378,-0.356607363785247,0.16337025549552,1.81232107812911,2.66248842105295,2.75281588378069,-0.637190832134907,NA,NA,NA,NA,NA,NA,NA,NA,NA,NA,NA,NA,NA,NA,NA,NA,NA,NA,NA,NA,NA,NA,NA
714_E2_20-24,0.237610604670669,-0.489382507278574,-0.364596347286859,-1.40334467309908,-1.11992109307717,-0.227606797231156,0.192228660798317,-0.30946789253143,-1.19046230931212,-0.360082434847165,0.483125579117511,-0.490824796095705,-1.04512232002403,-0.820160570491125,1.38537108345267,1.11431933293159,0.325016176447821,-0.240165540140992,-1.09291737438691,0.66268882604418,1.10717948795551,-0.662745702778927,0.108873514213204,-0.43755724036177,-0.878935612862653,-0.198738404177125,-0.187455460958762,-0.957601282920805,-1.4781058050795,-0.604282661635952,-0.212797472704203,-0.878131860790838,-0.687662009146079,-0.481147173627879,-1.0006380835936,-0.522296984261165,-0.761903302207094,-0.715153506519475,NA,NA,NA,NA,NA,NA,NA,NA,NA,NA,NA,NA,NA,NA,NA,NA,NA,NA,NA,NA,NA,NA
715_E1_1-5,0.16514350735311,0.413055920089689,-0.592208547641379,-0.4495635394942,0.447857504087468,-1.06534095837306,0.0933509188528738,2.24489466383932,-1.34458455792476,0.258072564070517,-0.735659421701005,2.51966170302415,1.25718657871367,-1.07277256432258,0.565432193082911,1.26824582544639,-0.875867702148456,-0.59382293722683,-0.41087430318858,-0.630865488771383,1.14546385224486,-0.510119872920792,0.751981452563168,0.134136304786621,-0.912475094272616,-0.0972642414674559,-0.442984082586423,0.451093216385652,-1.52776883449127,-1.08506715049839,-0.423988221181081,-0.801374417945019,-0.000958289687786826,0.260770949732918,-1.0849545132084,-0.609683612442261,-0.414716045138027,2.13595209339812,-0.882228069311729,NA,NA,NA,NA,NA,NA,NA,NA,NA,NA,NA,NA,NA,NA,NA,NA,NA,NA,NA,NA,NA
715_E2_1-5,1.47511544679196,2.23817886359197,1.82900552195146,0.244511486562606,1.37048777075103,2.15453754775863,1.30099205176076,1.84241518673662,1.27088144995251,2.39299512204706,1.23964144261812,1.20926110129998,1.6329816990838,0.956255235584173,0.3720807807588,0.47326485449936,1.37637868645351,2.43413017569143,2.42536762923146,2.88479099973295,0.399786521375608,0.482111892723759,1.20108127811753,1.51014477467417,1.23248582905431,-0.523546058942865,1.28564054536581,0.442842984855829,0.374641024621194,1.11437752550215,1.25880225165879,0.858939666197562,-0.244743885185676,1.69414048151416,2.2849283404674,1.58299099626236,0.771555773846959,0.74270736720083,1.97502089491326,1.42158431999293,NA,NA,NA,NA,NA,NA,NA,NA,NA,NA,NA,NA,NA,NA,NA,NA,NA,NA,NA,NA
715_E2_20-24,1.56579610142284,0.0359157434273037,1.54727314416786,-0.537288771640293,1.25814286403943,-0.975475064967417,0.230818834126078,0.858487009458356,-0.986947499434607,-0.634433344457482,0.341792833195061,-0.545976670863044,0.213678513246065,-0.816875049782211,1.18394379302283,0.829268960448568,-0.698328649278964,-0.138290719508758,-0.893497583110132,-0.455757240716108,0.747120789595582,-0.0631474155372042,-0.513538933451684,-1.91979319614601,0.586412452395734,-0.132764187953904,1.18196321493619,-0.888648145077201,-1.10993209491468,0.543743750465277,0.538854504598681,0.609662128664935,-0.351864701512821,-0.314480769796646,-0.0653402621685565,-0.137516488158184,-0.124913582862896,-0.625160648118576,-0.597976485234296,-0.740108676055199,0.961461070888796,NA,NA,NA,NA,NA,NA,NA,NA,NA,NA,NA,NA,NA,NA,NA,NA,NA,NA,NA
715_E2_30-34,1.32648503937996,0.126703734070371,-0.476953489538941,0.228732083260353,-0.896584094136227,0.535505854332596,1.67189590112413,1.54657356554796,0.545268978741718,-0.999582953064342,-0.710847370066122,-0.659640283432779,-0.956974871427126,0.451584271301255,0.775231132243576,-0.1517711749296,0.200185512135147,-1.18998806947583,-1.40246220415288,-0.97260936180742,0.925639653170928,0.75093202481568,0.17159215326988,-1.43584750512889,0.766994721894206,-0.206134904069306,0.798752457729694,-0.964589750244074,0.576338611587058,0.713647233010032,0.900242230179435,0.621903157867355,1.12042412774594,-0.142977345332471,0.109451903879014,-0.769059787777769,0.490539609153774,-0.926540799805815,-0.551535069308481,-1.38504114370299,1.40542065005678,-0.196932902850145,NA,NA,NA,NA,NA,NA,NA,NA,NA,NA,NA,NA,NA,NA,NA,NA,NA,NA
715_E3_1-5,1.08206711806692,0.929395308538125,0.879758824048015,0.554891199365556,0.686737643360216,0.0564795208544483,1.3969340725182,1.75899540233773,0.259272917019242,0.133918418382903,0.421383547164978,0.594324715396936,0.238493246475118,0.388458181807012,0.423356435553007,2.20244838480928,0.0727783055653331,0.0528513335977809,-0.0676661778840978,-1.11285925001824,0.857686384304477,0.551887362891292,0.682305606571258,0.364260933265662,0.691829828745073,-0.703531874200839,-0.826423449592987,0.200147010678851,-0.422351747309442,-0.232011747344693,0.122018636701305,-1.185890321136,2.105438978493,1.04277922435397,0.996901607907702,0.570658776941938,0.90182296329384,0.699538912054317,-0.240618346564491,-0.54400460958387,0.762091018021649,-0.603443932712267,-0.449156694643797,NA,NA,NA,NA,NA,NA,NA,NA,NA,NA,NA,NA,NA,NA,NA,NA,NA
715_E3_10-14,1.05393824624222,2.18945513644487,-0.275673133481438,0.450922237381993,0.631844062329077,-1.52486068680087,0.888349666442523,2.59791970889124,-1.65967448012467,0.278031124322109,-0.32359125952752,2.75449326148458,1.04278715575905,-1.8555459979644,0.662535054261563,1.54827984674756,-1.55638033908435,1.32943235466143,0.851951781115344,-0.78100340526671,1.17172974953435,-0.941955359054168,0.263268755458755,0.489445480791053,-0.66232758133235,-0.177429127496812,-0.409361042861389,-0.282943106572441,-1.97707676537528,-0.119849735897338,0.404232116920294,-0.610069187924854,-0.420259139600552,0.506855950719784,0.810734940393138,-0.207308684776323,0.402649794470805,1.61778948417456,-0.988372730802177,1.39179001258167,1.44529141940801,-0.924028902748794,-1.26720156299293,0.152440763257651,NA,NA,NA,NA,NA,NA,NA,NA,NA,NA,NA,NA,NA,NA,NA,NA
715_E3_20-24,-0.52054817177877,-0.402369882741701,-0.996099156136333,1.26475112556515,0.519118648253131,-1.11403631442165,0.800685936202474,1.47350852036611,-1.48133841114106,-0.335915175221833,-1.46555622818242,0.413348356845371,0.264408566566955,-1.10986443277247,1.12322190359345,0.914908797140094,-1.24156288073537,-0.816591118320076,-0.919350494592645,-1.46559610935892,1.26211346856446,-0.891731365386048,0.0866578437202572,0.768212725427613,-0.871575813026753,-0.11104687590476,0.71243060842063,-0.66608433625398,-2.21731745586581,-0.423856404531313,0.0397516891740823,0.0532144682544266,1.51623206553085,-0.331564862936692,-1.64339860401375,-1.18217801307034,0.754333331326714,0.295159132860788,-1.53573719325662,-0.802795806437994,2.02853613507802,-0.330631329000775,-0.394099221153512,0.759325578668304,0.390342560323394,NA,NA,NA,NA,NA,NA,NA,NA,NA,NA,NA,NA,NA,NA,NA
715_E3_30-34,1.98758207660564,1.24517491308332,-0.502568941746073,1.16978028651214,0.406146638691852,0.849447251697784,1.42665103738613,2.56066551437915,-0.37016576903962,0.143178139893291,-1.37069408298073,0.163083729722772,0.775657578883886,-0.0825888893174771,1.09650246684374,1.12430133516901,-0.273097023953629,0.0190342926720403,-0.969588416912228,-0.284832116109971,1.5429143648706,-0.156278187022452,0.70186566865794,0.371500902989816,-0.0747999789147564,-0.168072255315293,0.813812688795394,0.782591522223464,-0.979936383916975,-0.914692055948192,-0.563711176841929,0.197616434706773,1.06356185073212,-0.082026785470294,0.911189510423784,0.264973307380797,1.12084602481909,-1.09498386713688,-0.610569435899157,-0.368487732743201,1.94371412085544,0.731336712717812,-0.104522788118236,0.75417385423951,1.28151740019033,0.872853355002836,NA,NA,NA,NA,NA,NA,NA,NA,NA,NA,NA,NA,NA,NA
716_E1_1-5,0.62810076079605,0.894279444807324,-0.635543984634747,0.607743851132833,0.33023048370198,-0.566444184151086,-0.258011362377296,0.92396144596985,-1.42408619810735,-0.642373032523837,0.0924727541854926,-0.415578637974877,-0.534970909188909,-1.45475240240053,-0.716650811268522,-1.15167912105922,-1.46928985647867,0.209135838254146,-0.688555504778631,-1.26447872964151,1.44546036826666,0.736299036366554,0.585866822488354,1.92645492570725,0.00705608513342738,-0.195176673326408,0.40491585280882,0.0935406125888731,-1.87351619309584,1.06957974244885,1.65964628527486,-0.375652462734691,-0.618666969489933,-0.204853536775334,0.974616074757633,0.808955270474265,-0.747882537850458,-0.263598967821656,-0.874462403102097,0.0543870744684456,-0.501909817204925,-0.563178317148654,0.0914345503539057,1.08529273772075,-0.0947016546185728,0.861510215184882,1.00527359664982,NA,NA,NA,NA,NA,NA,NA,NA,NA,NA,NA,NA,NA
716_E1_10-14,-0.22417047878012,0.483058502316244,0.423027180258645,-0.418344995766564,0.953734863915471,0.669394242266263,-0.00858265819702487,2.21084486869641,-1.20234780722228,0.903288764955167,-0.356969770198632,0.104086599581516,-0.285513999255003,-0.0329615127839731,1.09108892878559,1.38036257717144,-0.8303406444031,0.108751554058071,-0.228633151336444,-0.654509469047899,1.42197844959232,-0.969559990046395,-0.224589041122023,1.54278215910974,-1.0607595824375,-0.137814832109037,-0.273107399838811,0.721684778185651,-1.97681760004418,-0.931804710278744,-0.567079058280938,-0.790409571664161,1.6145066362479,1.05950428464277,1.46633551646022,1.24479060857057,-0.585000679102951,-0.795434311721906,-0.519523643863571,-0.171869984739955,2.01692414839136,0.43467422390935,-0.959641807089904,0.606704384111036,2.14914456720121,0.557039039776336,-0.835408036799282,0.246476293886955,NA,NA,NA,NA,NA,NA,NA,NA,NA,NA,NA,NA
716_E1_20-24,1.33932928871267,0.34692892221389,0.113351330331942,-1.81358498475139,-0.998389882028404,1.28566791966333,0.388439674949769,0.445951151216829,-1.51223086952651,-0.662242892826927,0.327393437517034,-2.04579604715037,-1.28992229152586,-0.177924491665253,1.03370637571291,0.190552185849139,-1.17769487060181,-0.585547272279538,-1.7004080992233,-0.440637126772388,1.26309135810058,0.703625027527553,-0.597321939523921,-0.453421852674565,-1.27630934693286,-0.161031556444784,0.809518438861395,-1.60816096540682,-1.60037059252378,0.623309623208053,0.982552368006086,0.50611920400011,-1.15916277893306,-1.13317311880361,0.466291013577321,-0.242835502213139,-1.43904860461059,-1.71409502848239,0.473994934354873,-0.870172657455076,1.43527508219474,-0.425545288575957,-0.467899168565011,-0.431288501608791,-1.61775355385564,-1.35327976140176,-0.363447612046131,-1.52768038181613,-1.02324559971335,NA,NA,NA,NA,NA,NA,NA,NA,NA,NA,NA
716_E1_30-34,1.68273709287264,-0.0995732728010857,-0.211421453487383,-1.29819480129605,-0.774713239912409,0.686531333284055,0.3968605019432,-0.316123593087949,-0.18966396826569,-1.13212971497441,-1.14176349893866,-1.68360141784695,-0.867168964810368,-0.0867181653682716,1.88633505722735,-0.202150496739425,-1.02433009597152,-1.28173322197771,-1.90131742590465,-0.648346337836744,0.966557120070354,0.733082819481783,-0.510174469836271,-1.29918812864452,0.106486619360999,-0.253182111795858,1.18400696323066,-1.56573457595504,-0.507209127641596,0.664722079852321,0.95275476842079,0.942047368831902,-0.458181973016472,-1.1978306104863,-0.741595579333644,-0.980708218497305,-0.960420530138359,-2.04017661658832,-0.1526492800522,-1.21927591212454,1.16739353052833,-1.14914574276636,1.06245554902052,-0.435968594651497,-1.38460828110931,-1.73929600860907,-1.67350415306259,-0.720741723425496,-1.39763954570638,-0.788212242787884,NA,NA,NA,NA,NA,NA,NA,NA,NA,NA
716_E3_1-5,1.02876414336242,0.2828200907294,-0.710871562912208,0.178747835616518,0.891041019279862,0.391367632158706,0.0948032566326471,0.16354907941515,-0.616373716603294,0.302957137480904,0.77836161286049,0.0777337923604342,1.10140648542848,0.22467172017945,0.791541020956576,-0.0962263818391726,-0.0816810328295995,0.684410381321867,0.739255831163199,1.06162853765082,0.617431173553391,1.16089538260303,0.943614383986073,-0.163422117530015,0.177636775212551,-0.130196381643992,1.22862191720304,0.254522229012927,-0.743958416568488,0.576950752938143,0.923797669903086,0.849789644367901,0.268911595417545,0.660600708430456,0.694746168960149,1.01382301631316,0.395116836717222,0.714817986552335,0.927349850433808,0.981672619004008,0.800086010462908,0.231776006857679,0.568934013756668,0.946718738809997,0.813576018937553,0.687662577379467,0.4613744900655,0.909179508613742,0.683484890012883,0.543447193859708,0.546502366600136,NA,NA,NA,NA,NA,NA,NA,NA,NA
716_E3_10-14,-0.598121082931196,-1.34974104741588,-0.843026041624396,-0.947998859518496,-0.168367640640959,-1.12251703193158,-0.458766395377069,-0.502683730388245,-1.12992026433463,-0.577091050422725,-1.0082609249844,0.899048833955782,0.646655977775925,-0.934286440189995,1.1175196949453,1.63264685993024,-0.772014350490022,-1.0043682646034,-0.990612621998235,0.122775251466427,1.00971193250981,-0.419834621347059,0.692491932444152,-0.400945417586595,-1.01102086683859,-0.128256691509256,-0.248741700853747,-0.960006794108725,-1.96557809564731,-0.99607523310849,-0.417906930373093,-0.778016517663618,-0.927345421497487,-1.40758900001736,-1.68572825762235,-1.02909751287445,-1.03306341691736,-0.583097708499962,-0.469074154480646,-0.862839466888825,1.77958921152691,-1.02263310464705,-1.23307387520933,-0.329060953388344,-0.931335450748834,-1.06309326896877,-0.723444394860745,-0.346318108338503,-0.438454912317181,-0.818700770141178,-1.21316954222436,0.647707068294587,NA,NA,NA,NA,NA,NA,NA,NA
716_E3_30-34,1.58782738004566,0.104099545456787,0.656006216841938,-1.50074190078495,-0.691503786760557,0.480155236494889,1.18080477862997,0.687568526460906,-0.124103282374833,-0.923643174574557,0.15319047003973,-2.03375124954193,-1.00959656006473,0.175617100969114,1.7722416206616,0.233911185798929,-0.742531463674557,-1.26538270402991,-1.90949642055728,-0.964665881567088,1.14029419111736,0.578490703532995,-0.73017295656969,-0.830211209299018,-0.267412360154018,-0.226267662140203,1.49349654164994,-1.68963967138258,-1.11319139244725,1.03048158898437,1.28129053958871,1.1237777179383,-0.327805191205992,-0.775971108124577,0.298469453404232,-0.288328429361671,-1.00679973703965,-2.0295843161182,-0.3991645364349,-1.20484316066795,1.17806705758641,-1.01105058271604,1.07844813234585,-0.495302363377221,-1.48978427187178,-1.43283772122675,-0.481818242515464,-1.26064631693048,-1.15516248497976,-1.03209787511872,-0.835827826828053,0.3704197901426,-1.09194242060841,NA,NA,NA,NA,NA,NA,NA
717_E2_1-5,2.00712542354417,1.23611864967123,1.12423419360244,-0.160474531731899,0.26442099585305,1.82152823407248,0.605558357132458,1.20884914556203,0.644139527309847,0.313540900399966,0.104595340579096,0.164711946085292,-0.109777221465958,-0.310251310474679,-0.19465553101789,0.827566202088357,0.322720671437552,0.18003171880737,-0.232666673512835,0.799894852452713,0.790585784651703,1.28143037078388,1.56984866237381,0.767419230195711,1.04655973162069,-0.317557773653694,0.767999095823207,0.125734400799721,0.299196881647902,1.00147361199028,1.72460119888575,0.346373179822781,-0.0184722860925501,0.0617865230082616,0.856209260459579,0.615586078465532,0.312391091762708,-0.318720784329117,-0.399035445201705,0.0953618874307669,-0.267183288279994,0.507671769446058,0.826311353086488,0.886738574920407,-0.418271357605108,0.515444985770349,1.01301624397437,-0.284326962755523,0.0994253808614882,0.225890876406929,1.02563771593956,1.07654548672355,-0.027652413505353,0.863286464183969,NA,NA,NA,NA,NA,NA
717_E2_10-14,-1.18071367939883,-0.371167511966567,-1.12178693957533,0.574219498744135,1.58088915234148,-1.82109703790596,-0.652880448500108,1.09231130656596,-2.0659243364994,0.271738808714346,-1.53792314981906,0.746401759316528,-0.130825267866867,-1.6228736316985,0.38674663771584,0.437512023979218,-1.74258378013662,-0.6112581032168,0.229554509286812,-1.77219155185149,1.30846508195005,-0.94182936588904,-0.516796423820259,1.03354729409123,-1.11214367902735,-0.186168243449323,1.04893122899786,-0.703683475028451,-2.91477440568524,0.109028408641884,0.747902091203118,0.623833549095823,0.774531009078765,-0.178722814501619,-0.870393794346362,-0.878569226979688,-0.508084577986286,2.45993414117319,-1.24036773632805,0.880834343623958,0.51410140833086,-1.200790181816,-0.600588649215125,0.340963569393888,0.387195252896813,-0.751798641568768,-0.659863700854162,0.582867137161449,1.62811192015228,-1.88294033388831,-2.30114750589369,0.222964408694256,-1.39409392660557,-2.0689896507882,-0.57024457466424,NA,NA,NA,NA,NA
717_E2_20-24,1.65731845566866,1.24807834370241,-1.42651725401701,1.69658520898986,3.12084982865602,-0.493722015267421,1.57886932316431,2.57938896952041,-0.77683120185654,-0.383061191796234,-1.8733124024643,2.49099917201335,0.814725046179088,-0.60140444005399,1.07091171514207,1.020991125998,-0.0741612273239639,1.16082896485823,0.289221898266212,-0.982086192249781,1.25667474503564,0.300902877058682,0.713806686593658,0.974757624799024,-0.574445030730727,-0.0153936285854208,1.50157400041865,1.21912746938551,-1.71727258780906,0.260112265521566,0.897338525483589,0.963435631574667,0.919269113001077,-0.229277741633922,-0.883456028290727,-1.00181851655392,1.81716666599967,2.7753253148677,-0.921872067484573,0.0733864920163697,1.64416724606231,0.422960866287786,0.271465133279797,1.31032385091418,0.727412432999797,0.564634225953247,0.365283137142542,0.777776327573822,3.15048003618861,-0.537534527438459,-1.35468612107798,0.428651412752662,-0.815609721368997,-0.470832950394013,0.836293974651497,0.919705953250144,NA,NA,NA,NA
717_E3_1-5,1.20003660116377,1.88626908758436,0.589979633648725,-0.0135109519877583,-0.114966887909918,-0.133868031946024,-0.199782620644247,0.799185250047805,-0.813790047861256,0.106612738597892,-0.817546131296572,-0.149593329774871,-0.385036151492404,-1.71565960603704,-1.45834074329061,-0.475795703452428,-1.09270116580181,0.22946613137842,-0.958011270224029,0.11500403269186,0.881992075560616,-0.353134714405422,0.42888512225701,1.96480632282911,0.206555539192801,-0.207638088677265,-0.505338651846829,0.64789999926703,-1.27507585263152,0.682165389232118,0.58635341635477,-0.943876448671136,-0.713242312384537,-0.481489766984176,0.501549737172646,-0.209902509792804,-0.853874665266112,-0.980891864210941,-1.82704516204723,-0.0365914114141567,-0.390350020525469,-0.412276969773498,-1.0033820186203,0.728422598861061,-1.37358885969391,-0.406039331070742,0.486577893664573,0.0347867853242675,0.110157085135864,-1.1071261868434,-0.735918635019185,1.19905072433752,0.537518252131601,-1.03842576972528,-1.02117004783378,-0.530184639411553,0.0136653864428531,NA,NA,NA
717_E3_10-14,-0.0504495614409589,0.570483725202846,0.117655678314128,1.2831915765409,2.98133398064081,-1.87634039146017,1.29682405862438,2.17776509903702,-0.373200313230093,0.252726557939317,0.292707521465876,2.63140339255469,2.10573077963883,-1.39170392225135,1.19868379595871,1.64751610435774,0.114654238964656,0.477884973344696,-0.447181990310627,-0.570253253101214,1.19303008817262,-0.0626286775262119,-0.193866638429548,1.16877872440157,-0.0870369372963321,0.344075397751267,1.32479230752543,0.570672714615178,-1.1874883954576,1.02383077888818,1.49571521254547,0.912714727080554,0.33851417555195,0.996120140777783,1.19379378299408,0.485485231995673,0.808369623427113,1.22380850160317,-0.570908318808045,1.49277063420559,1.31183942687716,-1.72861085000669,0.293016979354796,1.0209508059194,0.420974343735778,0.234660117231791,2.05954569753115,2.11041720401333,2.29832328194942,0.265090448893465,-0.314335888520087,0.671644652405249,-0.331279497300512,-0.501391896629726,1.21952266282583,1.28748668913429,1.35549626760097,1.84115915435461,NA,NA
717_E3_30-34,1.47472603411792,0.184025275422935,0.964205530284613,-1.10707648058973,-0.538480697775259,0.458047389270044,1.14604267353172,0.569405312964938,0.920339356899237,-0.456026230722689,0.523341075043503,-2.33171473945767,-1.07043753515667,0.631535302533574,1.36813788664992,-0.749091197187492,0.238706161954889,-1.2388666944023,-1.80564049622346,-1.47672947537068,0.941804531379091,1.13041588055107,-0.156710880873958,-0.525142470963765,0.224091261907047,-0.358337086805095,1.28185361893697,-1.25188637903583,0.075494389650988,1.26418304440091,1.66896157410436,1.08377267772728,-0.426110894255869,-0.675602705444361,0.198362001906961,-0.298277441870948,-0.980938779371788,-2.17724862779822,-0.818218899266264,-1.30611600032534,0.268083197066995,-0.284988882468228,1.4838178651175,-0.33610962027961,-1.76939172303301,-1.53838867431198,-0.146967743566445,-1.49657397318284,-1.27001677069706,0.104313124654285,0.659495573178601,0.682605223580765,-0.89339352846834,0.974275636917714,0.269015796311854,-2.36142070763144,0.0578088905276051,-1.54357742607985,-0.960184456020308,NA
