,711_E-1-S,711_E-1-M,711_E-1-D,711_E-2-S,711_E-2-M,711_E-2-D,711_E-3-S,711_E-3-M,711_E-3-D,712_E-1-M,712_E-1-D,712_E-1-X,712_E-2-S,712_E-2-M,712_E-2-D,712_E-2-X,712_E-3-S,712_E-3-M,712_E-3-D,712_E-3-X,713_E-1-S,713_E-1-M,713_E-1-D,713_E-1-X0,713_E-1-X1,713_E-1-X2,713_E-2-S,713_E-2-M,713_E-2-D,713_E-2-X0,713_E-2-X1,713_E-2-X2,713_E-3-S,713_E-3-M,713_E-3-D,713_E-3-X0,713_E-3-X1,713_E-3-X2,714_E1_1-5,714_E1_5-9,714_E1_20-24,714_E1_30-34,714_E2_1-5,714_E2_5-9,714_E2_20-24,715_E1_1-5,715_E1_20-24,715_E2_1-5,715_E2_10-14,715_E2_20-24,715_E3_1-5,715_E3_10-14,715_E3_20-24,715_E3_30-34,716_E1_1-5,716_E1_10-14,716_E1_20-24,716_E1_30-34,716_E2_1-5,716_E2_10-14,716_E2_20-24,716_E3_1-5,716_E3_10-14,716_E3_30-34,717_E1_1-5,717_E1_10-14,717_E1_30-34,717_E2_1-5,717_E2_10-14,717_E2_20-24,717_E3_1-5,717_E3_10-14,717_E3_20-24,717_E3_30-34
711_E-1-S,NA,NA,NA,NA,NA,NA,NA,NA,NA,NA,NA,NA,NA,NA,NA,NA,NA,NA,NA,NA,NA,NA,NA,NA,NA,NA,NA,NA,NA,NA,NA,NA,NA,NA,NA,NA,NA,NA,NA,NA,NA,NA,NA,NA,NA,NA,NA,NA,NA,NA,NA,NA,NA,NA,NA,NA,NA,NA,NA,NA,NA,NA,NA,NA,NA,NA,NA,NA,NA,NA,NA,NA,NA,NA
711_E-1-M,-1.43711360317705,NA,NA,NA,NA,NA,NA,NA,NA,NA,NA,NA,NA,NA,NA,NA,NA,NA,NA,NA,NA,NA,NA,NA,NA,NA,NA,NA,NA,NA,NA,NA,NA,NA,NA,NA,NA,NA,NA,NA,NA,NA,NA,NA,NA,NA,NA,NA,NA,NA,NA,NA,NA,NA,NA,NA,NA,NA,NA,NA,NA,NA,NA,NA,NA,NA,NA,NA,NA,NA,NA,NA,NA,NA
711_E-1-D,0.203430957208017,0.985602824332916,NA,NA,NA,NA,NA,NA,NA,NA,NA,NA,NA,NA,NA,NA,NA,NA,NA,NA,NA,NA,NA,NA,NA,NA,NA,NA,NA,NA,NA,NA,NA,NA,NA,NA,NA,NA,NA,NA,NA,NA,NA,NA,NA,NA,NA,NA,NA,NA,NA,NA,NA,NA,NA,NA,NA,NA,NA,NA,NA,NA,NA,NA,NA,NA,NA,NA,NA,NA,NA,NA,NA,NA
711_E-2-S,-0.612510287043327,-0.608633118241522,0.568563947127821,NA,NA,NA,NA,NA,NA,NA,NA,NA,NA,NA,NA,NA,NA,NA,NA,NA,NA,NA,NA,NA,NA,NA,NA,NA,NA,NA,NA,NA,NA,NA,NA,NA,NA,NA,NA,NA,NA,NA,NA,NA,NA,NA,NA,NA,NA,NA,NA,NA,NA,NA,NA,NA,NA,NA,NA,NA,NA,NA,NA,NA,NA,NA,NA,NA,NA,NA,NA,NA,NA,NA
711_E-2-M,-1.27830269279398,-0.725459934019864,0.924421393916929,-0.633092496970404,NA,NA,NA,NA,NA,NA,NA,NA,NA,NA,NA,NA,NA,NA,NA,NA,NA,NA,NA,NA,NA,NA,NA,NA,NA,NA,NA,NA,NA,NA,NA,NA,NA,NA,NA,NA,NA,NA,NA,NA,NA,NA,NA,NA,NA,NA,NA,NA,NA,NA,NA,NA,NA,NA,NA,NA,NA,NA,NA,NA,NA,NA,NA,NA,NA,NA,NA,NA,NA,NA
711_E-2-D,-0.549305597649195,-0.241425867242568,0.738649284691517,-0.660157021480839,1.3634939307273,NA,NA,NA,NA,NA,NA,NA,NA,NA,NA,NA,NA,NA,NA,NA,NA,NA,NA,NA,NA,NA,NA,NA,NA,NA,NA,NA,NA,NA,NA,NA,NA,NA,NA,NA,NA,NA,NA,NA,NA,NA,NA,NA,NA,NA,NA,NA,NA,NA,NA,NA,NA,NA,NA,NA,NA,NA,NA,NA,NA,NA,NA,NA,NA,NA,NA,NA,NA,NA
711_E-3-S,0.0409632792315061,0.262981797178789,0.913725326291545,0.360345625807885,-0.372429762720055,1.63191801989556,NA,NA,NA,NA,NA,NA,NA,NA,NA,NA,NA,NA,NA,NA,NA,NA,NA,NA,NA,NA,NA,NA,NA,NA,NA,NA,NA,NA,NA,NA,NA,NA,NA,NA,NA,NA,NA,NA,NA,NA,NA,NA,NA,NA,NA,NA,NA,NA,NA,NA,NA,NA,NA,NA,NA,NA,NA,NA,NA,NA,NA,NA,NA,NA,NA,NA,NA,NA
711_E-3-M,0.803714027551198,1.23099265867919,0.0158756466824177,0.537885822968752,0.375039806625386,0.595527066786733,0.219141937066153,NA,NA,NA,NA,NA,NA,NA,NA,NA,NA,NA,NA,NA,NA,NA,NA,NA,NA,NA,NA,NA,NA,NA,NA,NA,NA,NA,NA,NA,NA,NA,NA,NA,NA,NA,NA,NA,NA,NA,NA,NA,NA,NA,NA,NA,NA,NA,NA,NA,NA,NA,NA,NA,NA,NA,NA,NA,NA,NA,NA,NA,NA,NA,NA,NA,NA,NA
711_E-3-D,0.895946080034266,0.766320112419681,0.616856082020624,0.647683434526022,1.25224605171494,0.895366447200906,1.47346913139963,0.737007826053118,NA,NA,NA,NA,NA,NA,NA,NA,NA,NA,NA,NA,NA,NA,NA,NA,NA,NA,NA,NA,NA,NA,NA,NA,NA,NA,NA,NA,NA,NA,NA,NA,NA,NA,NA,NA,NA,NA,NA,NA,NA,NA,NA,NA,NA,NA,NA,NA,NA,NA,NA,NA,NA,NA,NA,NA,NA,NA,NA,NA,NA,NA,NA,NA,NA,NA
712_E-1-M,1.12089515399612,2.55137384204967,0.745336039903155,1.50328161774661,0.886078421783073,1.50703098275944,1.31607245592605,0.146778911961252,1.21503105345871,NA,NA,NA,NA,NA,NA,NA,NA,NA,NA,NA,NA,NA,NA,NA,NA,NA,NA,NA,NA,NA,NA,NA,NA,NA,NA,NA,NA,NA,NA,NA,NA,NA,NA,NA,NA,NA,NA,NA,NA,NA,NA,NA,NA,NA,NA,NA,NA,NA,NA,NA,NA,NA,NA,NA,NA,NA,NA,NA,NA,NA,NA,NA,NA,NA
712_E-1-D,1.0679648441055,0.685522773808966,-0.217270245738766,0.950541846568538,1.2434235967709,0.636968396585174,1.54905416419884,0.526749869123615,0.399104998541961,0.953932777368666,NA,NA,NA,NA,NA,NA,NA,NA,NA,NA,NA,NA,NA,NA,NA,NA,NA,NA,NA,NA,NA,NA,NA,NA,NA,NA,NA,NA,NA,NA,NA,NA,NA,NA,NA,NA,NA,NA,NA,NA,NA,NA,NA,NA,NA,NA,NA,NA,NA,NA,NA,NA,NA,NA,NA,NA,NA,NA,NA,NA,NA,NA,NA,NA
712_E-1-X,0.29436265218536,1.40799260120034,-0.182841240636835,0.217380161307657,-0.685513181678829,0.977107820810884,0.131756796819218,0.745041793336795,0.506415392585314,0.585018670002352,-0.753835301626408,NA,NA,NA,NA,NA,NA,NA,NA,NA,NA,NA,NA,NA,NA,NA,NA,NA,NA,NA,NA,NA,NA,NA,NA,NA,NA,NA,NA,NA,NA,NA,NA,NA,NA,NA,NA,NA,NA,NA,NA,NA,NA,NA,NA,NA,NA,NA,NA,NA,NA,NA,NA,NA,NA,NA,NA,NA,NA,NA,NA,NA,NA,NA
712_E-2-S,-1.02296569891556,-0.859689480676995,0.289725795569316,-0.846134705916707,0.150049771800906,1.59604165813365,0.0497916934291387,-0.140051721010101,1.10774595959875,0.504445227403892,0.764811217401336,-0.801939995880213,NA,NA,NA,NA,NA,NA,NA,NA,NA,NA,NA,NA,NA,NA,NA,NA,NA,NA,NA,NA,NA,NA,NA,NA,NA,NA,NA,NA,NA,NA,NA,NA,NA,NA,NA,NA,NA,NA,NA,NA,NA,NA,NA,NA,NA,NA,NA,NA,NA,NA,NA,NA,NA,NA,NA,NA,NA,NA,NA,NA,NA,NA
712_E-2-M,0.148722520390622,-0.318593666667151,0.849801309219199,-0.428041306847948,-0.247636958649081,1.23469290408835,0.533328317279561,0.681137130791558,0.916418013072544,1.56313431215283,0.965621336112961,0.904582431637622,-0.385851634673192,NA,NA,NA,NA,NA,NA,NA,NA,NA,NA,NA,NA,NA,NA,NA,NA,NA,NA,NA,NA,NA,NA,NA,NA,NA,NA,NA,NA,NA,NA,NA,NA,NA,NA,NA,NA,NA,NA,NA,NA,NA,NA,NA,NA,NA,NA,NA,NA,NA,NA,NA,NA,NA,NA,NA,NA,NA,NA,NA,NA,NA
712_E-2-D,-0.994429867646242,-0.578356193425541,-0.264999880652327,-1.27678696472516,0.0880234498786866,1.47992983791099,1.06316326621205,-0.0338147770371819,0.743671820986027,0.38476160613716,-0.450255823620686,0.0828885059505502,-0.0308176900801136,0.803241866931075,NA,NA,NA,NA,NA,NA,NA,NA,NA,NA,NA,NA,NA,NA,NA,NA,NA,NA,NA,NA,NA,NA,NA,NA,NA,NA,NA,NA,NA,NA,NA,NA,NA,NA,NA,NA,NA,NA,NA,NA,NA,NA,NA,NA,NA,NA,NA,NA,NA,NA,NA,NA,NA,NA,NA,NA,NA,NA,NA,NA
712_E-2-X,-0.149712594475282,0.50361858460921,1.02363268080036,0.615080922303107,0.116671483427245,0.761473842536949,1.08103148977994,0.430573456505063,0.256614088625332,-0.175363638584115,0.615911977896721,0.364912767202606,0.708591761063913,0.697899733607415,0.502098667767415,NA,NA,NA,NA,NA,NA,NA,NA,NA,NA,NA,NA,NA,NA,NA,NA,NA,NA,NA,NA,NA,NA,NA,NA,NA,NA,NA,NA,NA,NA,NA,NA,NA,NA,NA,NA,NA,NA,NA,NA,NA,NA,NA,NA,NA,NA,NA,NA,NA,NA,NA,NA,NA,NA,NA,NA,NA,NA,NA
712_E-3-S,0.770739227316311,0.459567082435483,-0.115565182172619,0.606948115052538,0.971427127519182,0.542929325385944,0.718841002695245,0.202422732204407,0.0722505207479896,0.550065073154547,0.379833637362768,-0.377156308713593,0.435478699333055,0.353750695845502,0.369690053042615,0.21520159219295,NA,NA,NA,NA,NA,NA,NA,NA,NA,NA,NA,NA,NA,NA,NA,NA,NA,NA,NA,NA,NA,NA,NA,NA,NA,NA,NA,NA,NA,NA,NA,NA,NA,NA,NA,NA,NA,NA,NA,NA,NA,NA,NA,NA,NA,NA,NA,NA,NA,NA,NA,NA,NA,NA,NA,NA,NA,NA
712_E-3-M,-0.116229741736056,0.798438262410614,-0.0467718019133613,-0.918526818736127,-1.40235661457743,1.05266918270606,-0.125137324446603,0.0905753681258135,1.24517353004625,0.65930290942403,-0.413548359899016,-1.80013181669898,-1.19388875286864,-0.70918658191863,-1.53801133743928,1.24724152245489,-0.138631836229679,NA,NA,NA,NA,NA,NA,NA,NA,NA,NA,NA,NA,NA,NA,NA,NA,NA,NA,NA,NA,NA,NA,NA,NA,NA,NA,NA,NA,NA,NA,NA,NA,NA,NA,NA,NA,NA,NA,NA,NA,NA,NA,NA,NA,NA,NA,NA,NA,NA,NA,NA,NA,NA,NA,NA,NA,NA
712_E-3-D,-0.718757583720776,-0.217144245178096,0.538654358174166,-1.37707384444985,0.999280665005702,0.634687867891522,1.30842584374854,0.364138944064435,0.459561570613738,1.16247110110466,-0.0233966566353663,0.542425614839345,0.895204521999626,0.978124637001263,0.120926122952364,0.285002669771828,0.189477461575968,0.650518149878278,NA,NA,NA,NA,NA,NA,NA,NA,NA,NA,NA,NA,NA,NA,NA,NA,NA,NA,NA,NA,NA,NA,NA,NA,NA,NA,NA,NA,NA,NA,NA,NA,NA,NA,NA,NA,NA,NA,NA,NA,NA,NA,NA,NA,NA,NA,NA,NA,NA,NA,NA,NA,NA,NA,NA,NA
712_E-3-X,-0.00108627657491823,-0.199688406892821,-0.444943019639034,-0.0631851973259699,0.296095195258087,0.952807115491168,0.748017674771366,-0.752630051127935,0.746763248948568,-0.184781180923137,0.331924895156774,0.313813006054898,-0.654564697850443,-0.103988775158705,0.369164041048367,-0.316529344135284,-0.418626832014649,-0.163818379826423,0.528746906648045,NA,NA,NA,NA,NA,NA,NA,NA,NA,NA,NA,NA,NA,NA,NA,NA,NA,NA,NA,NA,NA,NA,NA,NA,NA,NA,NA,NA,NA,NA,NA,NA,NA,NA,NA,NA,NA,NA,NA,NA,NA,NA,NA,NA,NA,NA,NA,NA,NA,NA,NA,NA,NA,NA,NA
713_E-1-S,-1.2137037738446,-1.83505193649376,1.90724085743683,-1.05502822208286,0.309011249327754,0.172438857718877,0.306392719299388,1.43105885084059,0.559254566325889,2.95999474070962,1.30080967057253,1.72793409799906,-1.10659481308982,-0.348949807524311,0.329519700210283,0.737358448621138,0.988789230504226,1.18522229705061,0.111565796539403,0.658495390760617,NA,NA,NA,NA,NA,NA,NA,NA,NA,NA,NA,NA,NA,NA,NA,NA,NA,NA,NA,NA,NA,NA,NA,NA,NA,NA,NA,NA,NA,NA,NA,NA,NA,NA,NA,NA,NA,NA,NA,NA,NA,NA,NA,NA,NA,NA,NA,NA,NA,NA,NA,NA,NA,NA
713_E-1-M,-0.948465827248669,-0.426741871094468,0.79169389321078,-0.890141683253564,-0.902721325507594,0.383304220185272,0.155333308448537,1.14102181216588,0.696339284273839,1.82018768909449,1.30665948914427,0.93764806214071,-1.65118745201887,-0.872642218802835,0.372691036116389,-0.479034261241935,0.874751564234595,-0.6825443481646,0.30904855237326,0.535497386474266,-0.769993470337794,NA,NA,NA,NA,NA,NA,NA,NA,NA,NA,NA,NA,NA,NA,NA,NA,NA,NA,NA,NA,NA,NA,NA,NA,NA,NA,NA,NA,NA,NA,NA,NA,NA,NA,NA,NA,NA,NA,NA,NA,NA,NA,NA,NA,NA,NA,NA,NA,NA,NA,NA,NA,NA
713_E-1-D,0.881374523769497,0.927950892262832,0.809665283244221,1.16616339374423,1.49665724212836,-0.280866491862465,2.21967978227778,1.16480453735295,0.917672083670482,1.63113628789351,0.422931931677948,1.07026659234014,1.60066633257398,1.07231489184704,-0.147042693959602,0.994370180160082,0.441036293323206,1.63232584444258,-0.0308440637937076,1.03965115651529,1.09801009700338,0.621424263612318,NA,NA,NA,NA,NA,NA,NA,NA,NA,NA,NA,NA,NA,NA,NA,NA,NA,NA,NA,NA,NA,NA,NA,NA,NA,NA,NA,NA,NA,NA,NA,NA,NA,NA,NA,NA,NA,NA,NA,NA,NA,NA,NA,NA,NA,NA,NA,NA,NA,NA,NA,NA
713_E-1-X0,-0.153553643727016,-0.803166839439194,0.0238475148778515,0.0444901348580318,0.368463024066479,-0.32689901191343,1.46390846647957,-0.72739492393055,-0.0129925886461067,-0.148872465035784,-1.18608822562804,0.814726621793261,-0.255828656371136,0.963926035985395,-1.07470050763523,-0.0518346022927989,0.208238839194195,0.844331416274185,-1.19898359967864,0.015820616210136,-0.534064062976014,-0.542488048932102,-0.989369123699726,NA,NA,NA,NA,NA,NA,NA,NA,NA,NA,NA,NA,NA,NA,NA,NA,NA,NA,NA,NA,NA,NA,NA,NA,NA,NA,NA,NA,NA,NA,NA,NA,NA,NA,NA,NA,NA,NA,NA,NA,NA,NA,NA,NA,NA,NA,NA,NA,NA,NA,NA
713_E-1-X1,0.308374864813661,-0.00157973858677678,-0.0802526494813038,-0.650831879020023,0.612613749090043,-0.825901380653131,-0.225638217855441,-0.0308087893367366,-0.578496759154329,0.45386541421091,-0.629296637426131,0.097548727014058,-0.610352365937323,-1.11969901291772,-0.840422218374771,-0.0734948129491959,-0.398990394938447,0.22176219903852,-0.869463659911131,-0.0440359762381304,-0.869845258671614,-0.829597689253564,-0.477392828190429,-0.354866749522041,NA,NA,NA,NA,NA,NA,NA,NA,NA,NA,NA,NA,NA,NA,NA,NA,NA,NA,NA,NA,NA,NA,NA,NA,NA,NA,NA,NA,NA,NA,NA,NA,NA,NA,NA,NA,NA,NA,NA,NA,NA,NA,NA,NA,NA,NA,NA,NA,NA,NA
713_E-1-X2,-0.384240186902374,0.940436885881408,-2.34951046888402,-0.342010883931163,-1.07761604005467,1.29750510058713,0.00623400774129778,-1.3759610746969,0.84860703045747,-0.700638787403683,-1.66786270094497,-2.51961403670509,-1.63274531339681,-1.06796757193044,-1.59865921691635,0.833732588510248,-1.16853502127563,-2.95107722278547,0.829957127596533,-0.661178208239555,1.29216049079921,-1.06738331135452,1.14227109243071,0.495371268715458,0.249373778993189,NA,NA,NA,NA,NA,NA,NA,NA,NA,NA,NA,NA,NA,NA,NA,NA,NA,NA,NA,NA,NA,NA,NA,NA,NA,NA,NA,NA,NA,NA,NA,NA,NA,NA,NA,NA,NA,NA,NA,NA,NA,NA,NA,NA,NA,NA,NA,NA,NA
713_E-2-S,0.334346282719921,0.81899571001368,0.686757537379697,0.599405930057815,0.457757068427802,0.223749481217187,1.338887288674,0.666935134494477,-0.181507590863241,0.730791485284043,0.0958181161443291,-0.126266424004953,0.675400979922225,0.892327691474721,0.110324692985447,-2.07586896345089,0.606979502884699,0.686483891465995,-0.122764084985346,0.904227221857046,0.9230592031388,0.350161036836304,0.383250630504411,-0.308213271513132,-0.24626935449107,0.364216370718892,NA,NA,NA,NA,NA,NA,NA,NA,NA,NA,NA,NA,NA,NA,NA,NA,NA,NA,NA,NA,NA,NA,NA,NA,NA,NA,NA,NA,NA,NA,NA,NA,NA,NA,NA,NA,NA,NA,NA,NA,NA,NA,NA,NA,NA,NA,NA,NA
713_E-2-M,-0.0691490616328652,-0.42137801819632,-0.816248789574656,-0.523166025369958,-0.958167691422191,-1.4570729618926,0.581184566308692,0.242066353342689,-0.194673893205813,0.28147273743633,-1.0663339139971,0.281249557419778,-0.814114874623682,0.258267590648028,-1.7279148312667,-0.0544572801975838,-0.210257448538125,0.167633828645041,-1.29002236291672,-0.842218080327127,-0.49602773418547,-0.568859908335124,-0.741642857938952,-2.51491394315158,-0.735611047537945,-0.0448835883547911,-0.083288532278059,NA,NA,NA,NA,NA,NA,NA,NA,NA,NA,NA,NA,NA,NA,NA,NA,NA,NA,NA,NA,NA,NA,NA,NA,NA,NA,NA,NA,NA,NA,NA,NA,NA,NA,NA,NA,NA,NA,NA,NA,NA,NA,NA,NA,NA,NA,NA
713_E-2-D,0.864695341582367,1.38057589464957,-0.755878628386197,0.0995137572473655,0.325361446756074,1.32190660852138,-0.233460863430204,0.99354968721307,0.782184650429317,0.274597061959382,0.376234508852291,-1.71916759447288,-0.501738119866606,-0.358410351686886,-0.518899006420317,1.08387760108313,0.0305732122053395,-0.925431260158123,0.933533106465376,-0.271843252649926,1.8391127642773,0.066825756922157,1.21254912093025,0.934770616579597,0.280470362118581,-2.3355523264982,0.695165351638173,0.443640869400413,NA,NA,NA,NA,NA,NA,NA,NA,NA,NA,NA,NA,NA,NA,NA,NA,NA,NA,NA,NA,NA,NA,NA,NA,NA,NA,NA,NA,NA,NA,NA,NA,NA,NA,NA,NA,NA,NA,NA,NA,NA,NA,NA,NA,NA,NA
713_E-2-X0,0.361924938272025,0.0827723562383973,-0.0295506400574861,0.19060444811874,0.713097210934765,0.0376618498500436,0.496812142869984,-0.00409633707553638,-0.754977927227662,0.413361584534669,-0.0305571113559556,0.0220139119626687,0.233663926443821,0.121392955859624,-0.01649997828963,-0.106129883726491,0.177696738414982,-0.0293993434496548,-0.87487905095193,0.145107529586855,0.433471440009209,0.393137647494422,-0.060612707578397,-0.236877339959264,-0.740993604377322,-0.243226592759231,-0.0511083858789493,-0.560691704543635,0.0074769812226083,NA,NA,NA,NA,NA,NA,NA,NA,NA,NA,NA,NA,NA,NA,NA,NA,NA,NA,NA,NA,NA,NA,NA,NA,NA,NA,NA,NA,NA,NA,NA,NA,NA,NA,NA,NA,NA,NA,NA,NA,NA,NA,NA,NA,NA
713_E-2-X1,-1.07110910477378,-1.68652387708165,-0.683687130465686,-0.38589823588316,-0.259894826310235,-0.78022009531323,0.751464087340757,-1.59240626153553,-0.0778643551499741,-1.15909541414768,-0.941853032854092,0.408742487109025,-0.672430670977742,0.423083514036327,-1.22732783285696,0.0744297944774831,-0.109419593478229,0.30904221793151,-1.17609519775323,-0.72731349525777,-1.03007533372755,-1.01545855643264,-1.3759343889629,-0.000747938696164577,-0.630215690054116,0.0802682610359342,0.0375205774573337,-3.2455173696521,0.560091166132634,-0.472799850531961,NA,NA,NA,NA,NA,NA,NA,NA,NA,NA,NA,NA,NA,NA,NA,NA,NA,NA,NA,NA,NA,NA,NA,NA,NA,NA,NA,NA,NA,NA,NA,NA,NA,NA,NA,NA,NA,NA,NA,NA,NA,NA,NA,NA
713_E-2-X2,-0.650237584059179,-0.980129265036512,-0.757971625381321,-0.40902402112091,-0.633015787482477,-1.25174544131235,0.906661826244017,-0.90301860065366,-0.0364294940849487,-0.481052678177221,-1.02743814160522,0.51481757768431,-0.761484915192269,0.532956883496932,-1.62103124024381,0.11943370526425,-0.0715136984244458,0.400148879401552,-1.32628677771933,-0.81514209999355,-0.714176438224115,-0.67689615209187,-1.08006991927475,-2.50453165886664,-0.648671878373862,0.134602584132038,0.0834604270701194,-2.98886677306209,0.644584027972992,-0.467194144811786,-3.20539307445781,NA,NA,NA,NA,NA,NA,NA,NA,NA,NA,NA,NA,NA,NA,NA,NA,NA,NA,NA,NA,NA,NA,NA,NA,NA,NA,NA,NA,NA,NA,NA,NA,NA,NA,NA,NA,NA,NA,NA,NA,NA,NA,NA
713_E-3-S,0.170567905664948,0.631634466945954,0.455378165380805,0.58153639265188,0.279384181436742,-0.843996107063842,1.54609932323352,0.644175801013174,0.450479480050871,1.78444142988573,0.363753754900092,1.05401822921446,-0.326945532825477,1.01958981922655,-0.239710294578282,0.297984825457593,0.238064833381842,1.00281535622657,-0.0331706057725362,-0.448850790075721,0.199083340704728,0.496517358590815,0.153749903825844,-1.0382780222021,-0.184602889917387,0.69282783217659,0.515912814102163,-0.471105663656919,1.10370452997615,-0.146364697554549,-1.84353133877293,-1.16422946857518,NA,NA,NA,NA,NA,NA,NA,NA,NA,NA,NA,NA,NA,NA,NA,NA,NA,NA,NA,NA,NA,NA,NA,NA,NA,NA,NA,NA,NA,NA,NA,NA,NA,NA,NA,NA,NA,NA,NA,NA,NA,NA
713_E-3-M,0.308374864813661,-0.00157973858677678,-0.0802526494813038,-0.650831879020023,0.612613749090043,-0.825901380653131,-0.225638217855441,-0.0308087893367366,-0.578496759154329,0.45386541421091,-0.629296637426131,0.097548727014058,-0.610352365937323,-1.11969901291772,-0.840422218374771,-0.0734948129491959,-0.398990394938447,0.22176219903852,-0.869463659911131,-0.0440359762381304,-0.869845258671614,-0.829597689253564,-0.477392828190429,-0.354866749522041,NA,0.249373778993189,-0.24626935449107,-0.735611047537945,0.280470362118581,-0.740993604377322,-0.630215690054116,-0.648671878373862,-0.184602889917387,NA,NA,NA,NA,NA,NA,NA,NA,NA,NA,NA,NA,NA,NA,NA,NA,NA,NA,NA,NA,NA,NA,NA,NA,NA,NA,NA,NA,NA,NA,NA,NA,NA,NA,NA,NA,NA,NA,NA,NA,NA
713_E-3-D,0.55663673503789,0.63593209315993,0.55415197304341,0.187901815630819,0.192235566283317,-0.381262231132069,1.11956187063075,0.532597653321328,-0.359619132422302,0.901019516688192,-1.20604241039137,0.742433669326178,0.232693212449699,0.727712787607682,-0.534470234407919,-0.257601260086439,0.115238074642048,0.667379158806852,-0.645796688077569,0.765165122826689,0.168665369400383,0.0957225011938444,-0.127488139922419,-0.00074793869616493,-0.247309262552443,0.415980819397222,-0.570880438204819,-0.0868099449269107,0.768330385203977,-0.274299705584403,-0.000747938696165395,0.0561419330209054,0.380404161270636,-0.247309262552443,NA,NA,NA,NA,NA,NA,NA,NA,NA,NA,NA,NA,NA,NA,NA,NA,NA,NA,NA,NA,NA,NA,NA,NA,NA,NA,NA,NA,NA,NA,NA,NA,NA,NA,NA,NA,NA,NA,NA,NA
713_E-3-X0,-1.07110910477378,-1.68652387708165,-0.683687130465686,-0.38589823588316,-0.259894826310235,-0.78022009531323,0.751464087340757,-1.59240626153553,-0.0778643551499741,-1.15909541414768,-0.941853032854092,0.408742487109025,-0.672430670977742,0.423083514036327,-1.22732783285696,0.0744297944774831,-0.109419593478229,0.30904221793151,-1.17609519775323,-0.72731349525777,-1.03007533372755,-1.01545855643264,-1.3759343889629,-0.000747938696164577,-0.630215690054116,0.0802682610359342,0.0375205774573337,-3.2455173696521,0.560091166132634,-0.472799850531961,NA,-3.20539307445781,-1.84353133877293,-0.630215690054116,-0.000747938696165395,NA,NA,NA,NA,NA,NA,NA,NA,NA,NA,NA,NA,NA,NA,NA,NA,NA,NA,NA,NA,NA,NA,NA,NA,NA,NA,NA,NA,NA,NA,NA,NA,NA,NA,NA,NA,NA,NA,NA
713_E-3-X1,-1.0301420610224,-1.61211786686736,-0.910288057510085,-0.626732426232531,-0.805573593256721,-1.31526563109824,0.493717936216153,-1.51553420564718,-0.287551200884911,-1.10252225520116,-1.17387797763405,0.194860927084444,-0.931578205973934,0.167529920864923,-1.59788929855098,-0.160033434661516,-0.313126799693755,0.0807359896197049,-1.40957569137139,-0.974480134871483,-1.01415231766532,-0.995895823094448,-1.33537044635453,-2.32038581713189,-0.82021406619992,-0.122160298625517,-0.16680464573897,-2.98886677306209,0.363989173344404,-0.659562866935371,-2.96874898741708,-2.98886677306209,-1.75487485893613,-0.82021406619992,-0.180167848258107,-2.96874898741708,NA,NA,NA,NA,NA,NA,NA,NA,NA,NA,NA,NA,NA,NA,NA,NA,NA,NA,NA,NA,NA,NA,NA,NA,NA,NA,NA,NA,NA,NA,NA,NA,NA,NA,NA,NA,NA,NA
713_E-3-X2,-0.751169456632543,-1.18634231167682,-1.41999823825317,-0.451069072075068,-0.802740419717124,-0.848583197743541,0.455505316840488,-1.48181268348611,0.0373812604986679,-1.34716077618183,-0.989126747331136,-0.703855994552831,-1.00357077771011,0.155271015664196,-1.61986969111096,0.224640487418016,-0.116822900716626,-0.341387742951588,-1.03714336188758,-1.07805867184439,-0.43172384871744,-0.769630111090221,-0.885037409036555,-1.97267710864287,-0.562430005147342,-1.53532966612437,0.153600472430381,-2.69705611967912,0.363989173344404,-0.424255267344917,-2.67020226627228,-0.966417245460398,-1.37932469099986,-0.562430005147342,0.131978709988058,-2.67020226627228,0.363989173344404,NA,NA,NA,NA,NA,NA,NA,NA,NA,NA,NA,NA,NA,NA,NA,NA,NA,NA,NA,NA,NA,NA,NA,NA,NA,NA,NA,NA,NA,NA,NA,NA,NA,NA,NA,NA,NA
714_E1_1-5,-1.26333314465382,-0.169547259939149,1.162240650817,-0.900112999234212,-0.996309019995791,1.69418150108401,-1.35884408371129,-0.101854597252871,1.1013792578667,1.73768518333507,0.416236740467514,0.550164590788492,-1.24466269781184,-1.22534510985748,0.548097539067907,1.05961080089403,0.459028699772762,-0.181801461313988,1.32362651418687,0.107101163433471,0.483401852578359,-0.961006843379006,2.09987902098555,1.46870121110144,-0.660464261758265,-1.93071705767425,1.3628206565981,0.5733196164853,-0.129085862071635,0.505880594214555,0.742553911655318,0.892129416134866,1.63003779893907,-0.660464261758265,1.18611336094907,0.742553911655318,0.475146105548379,0.209832617262743,NA,NA,NA,NA,NA,NA,NA,NA,NA,NA,NA,NA,NA,NA,NA,NA,NA,NA,NA,NA,NA,NA,NA,NA,NA,NA,NA,NA,NA,NA,NA,NA,NA,NA,NA,NA
714_E1_5-9,1.16860334678282,1.94368859245522,0.637634731795849,1.46405944731726,1.00287810787789,1.7753197453991,1.39277279401547,0.280638582686856,1.56472130295922,-0.0694563383820771,0.749294411059661,0.559440159656883,0.78702755011612,0.645526938668359,0.201116280409012,0.218830859622098,0.572724702924233,0.496753591029467,1.1470136193655,1.0205215019813,1.36610468041725,-0.280117759562532,1.73885612251013,-0.0657005815375609,-0.333908917471026,-1.6021174775436,0.588131889950266,0.0870423725105405,0.200998804297277,0.375532478895096,-1.11576593037673,-0.526406011525451,2.33607082727746,-0.333908917471026,0.88948586255641,-1.11576593037673,-1.08061801037675,-1.2772189218701,1.90808840176337,NA,NA,NA,NA,NA,NA,NA,NA,NA,NA,NA,NA,NA,NA,NA,NA,NA,NA,NA,NA,NA,NA,NA,NA,NA,NA,NA,NA,NA,NA,NA,NA,NA,NA,NA
714_E1_20-24,1.04469496511674,1.38948513492627,0.802657960301156,1.08087799080533,0.939875592984157,1.19952181911374,1.4714547838099,0.701045362581991,0.878966046259376,1.74604349964057,0.874366672449043,0.365621004960841,-0.238153784023923,0.733323727017212,0.383581099229245,0.351570223657713,0.440662789300704,0.567887554615911,0.613518852104246,-0.128227881891164,1.76256889513268,1.18735864975986,1.30424364094271,-0.589816277731018,-0.486000758762295,-1.33828728387176,0.586659413069078,-0.287483605797746,0.583532548088891,0.234467861842515,-1.06802325453591,-0.671669777445623,1.27152774991399,-0.486000758762295,0.08570104502185,-1.06802325453591,-1.05481723956595,-0.925464555625059,0.852280785151202,2.77379366743607,NA,NA,NA,NA,NA,NA,NA,NA,NA,NA,NA,NA,NA,NA,NA,NA,NA,NA,NA,NA,NA,NA,NA,NA,NA,NA,NA,NA,NA,NA,NA,NA,NA,NA
714_E1_30-34,0.313828703759639,1.46880195375513,0.0454400727089827,0.293512721248839,0.148535898033805,1.16590928630294,1.17637285063344,-0.354419841575146,0.711992035583289,0.126178575097847,-0.24592088406656,-2.60228192407551,0.353105799158113,1.2287349474977,-0.268414091579801,0.501360526466796,-0.132440474092665,-0.42710468149183,0.862624752693215,0.627413294359691,1.37344761822126,-0.286742281408858,0.864557371174217,0.39740291084855,0.096206183703278,-2.27565489841988,-0.0534241181021669,0.28869455609996,-1.30595443798794,0.0284298706890055,0.422346880850608,0.537719073799094,1.06711326470933,0.096206183703278,-0.314434065648137,0.422346880850608,0.193261949841167,-0.426659130200873,1.00608632895667,0.354794304416489,0.146486470876457,NA,NA,NA,NA,NA,NA,NA,NA,NA,NA,NA,NA,NA,NA,NA,NA,NA,NA,NA,NA,NA,NA,NA,NA,NA,NA,NA,NA,NA,NA,NA,NA,NA
714_E2_1-5,-0.856096139027539,-0.662007594123162,1.01259242627069,-0.908817231985094,0.16714382567436,1.57226494476396,-0.159476770025914,0.273229294361125,0.891086091044048,0.654664638100971,1.31545460489312,0.914084362582875,0.38717890243707,0.00448740691950217,1.47295572076947,0.757837911628515,0.511139225908979,-0.19757119147102,1.25232231390749,-0.805674284840305,-0.813041467612589,-0.636932911313741,1.72263019824244,1.13525424926189,-0.552373463860437,-0.294913280659438,1.15285531604054,0.342144890985604,0.309489100592422,0.350610701657265,0.509019128256864,0.616371516669359,0.140375073972742,-0.552373463860437,0.958798402694702,0.509019128256864,0.25399190196611,0.475062073815262,-0.621332466781518,1.79691689668135,0.367739280840865,1.27843410442238,NA,NA,NA,NA,NA,NA,NA,NA,NA,NA,NA,NA,NA,NA,NA,NA,NA,NA,NA,NA,NA,NA,NA,NA,NA,NA,NA,NA,NA,NA,NA,NA
714_E2_5-9,-0.711131758247543,-0.479528907843683,1.51802470031198,0.0256805233831932,1.45726717263754,0.828578524177108,0.495697861916112,0.699393782706815,0.829736656659178,1.71175056482413,1.29781326213622,1.48164092741412,-0.220395163688346,-0.0996404925411923,0.83970379448878,-0.395624907418606,0.753272317345806,0.62732603619732,0.718656774605277,0.450368899137494,-1.45948849096986,-1.22361936443815,0.7598145697446,-0.00918819475455907,-0.583529426837629,1.1750581675383,0.178794979167958,-1.13715146818913,1.58844255337699,0.240624667762994,-1.02101365203177,-0.858889932365474,-1.09504915823674,-0.583529426837629,0.666103523695569,-1.02101365203177,-0.988601722330384,-0.447590776314178,-0.534739111813026,1.6175775462917,1.06111435526562,1.5146478392191,0.439296254611642,NA,NA,NA,NA,NA,NA,NA,NA,NA,NA,NA,NA,NA,NA,NA,NA,NA,NA,NA,NA,NA,NA,NA,NA,NA,NA,NA,NA,NA,NA,NA
714_E2_20-24,-0.34849508690399,-0.0994502401389351,-0.331687714743864,-0.861519470152995,0.710456437289296,0.105166191106289,1.43796251616495,0.235034208999358,1.2999688240423,0.727198525262896,-1.41983765527381,0.216214654195261,0.0749798989615208,0.942372208918546,-0.110984370759983,0.456041584450506,0.58878986698849,-1.19247028998797,0.159557187677593,-0.194497674618126,0.866509054114906,1.22916782792836,1.25096995064205,-0.415683067125984,-0.656490644769022,-1.38513801028732,0.287915214438897,-1.45078421683287,-0.304402439131285,0.180372111557953,-0.88098227799792,-1.2389154768153,0.0497437951634995,-0.656490644769022,-0.256881869299239,-0.88098227799792,-1.31842920996304,-1.16485049724475,0.568345089701712,0.663259049054817,0.53668508507637,0.101848751636799,1.15289687101708,1.07674575221356,NA,NA,NA,NA,NA,NA,NA,NA,NA,NA,NA,NA,NA,NA,NA,NA,NA,NA,NA,NA,NA,NA,NA,NA,NA,NA,NA,NA,NA,NA
715_E1_1-5,0.783842376382784,1.18186782953753,-0.729090064438616,0.235770390285486,-0.281032430578958,-0.554374994156394,1.12922254327767,0.726961302308683,0.514047675934894,-0.390666409553683,-0.220452744138918,0.0516748770189618,-0.443490643739738,0.467504626374486,-1.05004044142548,0.350182022876138,0.284173650059289,0.113348035229884,-0.459915690057151,-0.965934507605366,1.40875320523089,0.752826958980478,0.553292024842046,-1.840496676869,-0.153287233315254,-0.845254645705529,0.533273673748576,-0.138227710529007,0.580085695233485,-0.0966601768616596,-2.51006257745098,-1.21177778011709,0.813386645872904,-0.153287233315254,0.424932099385503,-2.51006257745098,-2.28925898995163,-2.25606214832211,0.886721057711666,-0.426929224432656,0.692996677021623,0.187095553802562,0.321376710112289,-0.651076617774005,-0.510622721867807,NA,NA,NA,NA,NA,NA,NA,NA,NA,NA,NA,NA,NA,NA,NA,NA,NA,NA,NA,NA,NA,NA,NA,NA,NA,NA,NA,NA,NA
715_E1_20-24,-0.0691490616328652,-0.42137801819632,-0.816248789574656,-0.523166025369958,-0.958167691422191,-1.4570729618926,0.581184566308692,0.242066353342689,-0.194673893205813,0.28147273743633,-1.0663339139971,0.281249557419778,-0.814114874623682,0.258267590648028,-1.7279148312667,-0.0544572801975838,-0.210257448538125,0.167633828645041,-1.29002236291672,-0.842218080327127,-0.49602773418547,-0.568859908335124,-0.741642857938952,-2.51491394315158,-0.735611047537945,-0.0448835883547911,-0.083288532278059,NA,0.443640869400413,-0.560691704543635,-3.2455173696521,-2.98886677306209,-0.471105663656919,-0.735611047537945,-0.0868099449269107,-3.2455173696521,-2.98886677306209,-2.69705611967912,0.5733196164853,0.0870423725105405,-0.287483605797746,0.28869455609996,0.342144890985604,-1.13715146818913,-1.45078421683287,-0.138227710529007,NA,NA,NA,NA,NA,NA,NA,NA,NA,NA,NA,NA,NA,NA,NA,NA,NA,NA,NA,NA,NA,NA,NA,NA,NA,NA,NA,NA
715_E2_1-5,0.528694855420941,1.26014429728284,-1.23916305178762,0.904235228780581,1.59797753997943,1.65913315842149,1.29500770453279,0.0873575657795891,0.941460757399578,0.786918219979422,-1.45403655419639,-1.09200670768989,0.935419912139261,0.49313902025871,0.166842558331314,0.995009357338905,-0.148552538534076,-0.608364111967845,1.03827358221768,0.703939775182455,1.67590310951859,0.825872977243105,1.69032162905981,0.572654574083139,-0.173422057455728,-2.27447128282203,0.551445590094656,-0.0147200665633556,-1.1629504670239,-0.133946855742478,0.125205217918008,0.186308158859296,0.878539094919901,-0.173422057455728,0.40380651725817,0.125205217918008,-0.100931891195116,-0.536876445313175,0.577156450805148,0.701478389990254,0.744860045905427,0.463844020838769,0.875619751195808,1.42782292214492,-0.744075901670486,0.258298691204686,-0.0147200665633556,NA,NA,NA,NA,NA,NA,NA,NA,NA,NA,NA,NA,NA,NA,NA,NA,NA,NA,NA,NA,NA,NA,NA,NA,NA,NA,NA
715_E2_10-14,-0.208447049939279,-0.0482929462233723,0.917269549841806,0.37542813336638,-0.406652615308479,0.0509053138807347,0.161524960531282,0.624014130822395,-0.438983713907184,0.222981327963589,0.789165190291145,0.867586628595754,0.204550336710373,0.978643476990572,0.460706305178245,0.67825240787656,0.286655666270254,0.5388423058071,0.252853761907422,1.00680573257595,0.0761652292777902,0.147047722828734,-0.133254839461795,0.530761564295007,-0.141841071397995,0.638538494524818,0.444686810993459,0.0483552920085081,0.989243225031537,-0.153414508157648,0.167480206254162,0.232665254707597,-0.774858775114025,-0.141841071397995,0.338068373770288,0.167480206254162,-0.0426089002005286,0.323856475126962,1.29064304776349,0.320161106847078,0.88698392510531,0.480379534360197,1.12229929660022,0.0853385743101797,0.634097786707491,-0.119347033254978,0.0483552920085081,0.761551005832841,NA,NA,NA,NA,NA,NA,NA,NA,NA,NA,NA,NA,NA,NA,NA,NA,NA,NA,NA,NA,NA,NA,NA,NA,NA,NA
715_E2_20-24,0.0860964529955488,0.407634728073952,0.981478735286546,0.522742825606256,-0.0729370576473667,0.468259006025025,0.668267983158717,0.727006858202264,0.098081064199894,0.899219675317232,0.892153924665136,0.945780355977528,0.627111268101854,1.03597778685378,0.599056873798156,0.792293115024682,0.463681360314131,0.656385130120603,0.425404643170568,1.04659779867963,0.71356791982924,0.769944635851652,0.414292906861587,0.659620731193238,0.0561404686993819,0.760705873396965,0.597802662908144,0.222549695053554,1.08249316617344,0.0485743686197589,0.335255303442914,0.401592809006104,0.112862121087458,0.0561404686993819,0.482526994602332,0.335255303442914,0.142509492289763,0.477812043778461,1.3062495926103,0.589055678600977,0.97568075696069,0.610489292043224,0.128817221332447,0.486651178664003,0.761073597233612,0.29114742516113,0.222549695053554,0.840743282814294,-1.83507651450302,NA,NA,NA,NA,NA,NA,NA,NA,NA,NA,NA,NA,NA,NA,NA,NA,NA,NA,NA,NA,NA,NA,NA,NA,NA
715_E3_1-5,-0.767111959186966,-0.998948282709431,0.53211092588645,0.121894046064265,-0.565747430427556,0.35279227127736,0.71219460829328,0.556953096850862,-0.0529527374942429,1.14618973108937,0.186454324131421,0.679361797524443,-0.196635246224852,-0.560559213983864,0.350588701823163,0.0985354435861642,0.144117412152035,0.442381518786859,0.113858602462368,0.466933096608259,-2.10026234576501,-1.18036469920596,0.400819184913351,0.202486175170745,-0.627874635241185,0.203881695521849,0.302855863509769,-0.246388390845971,0.805464078660144,-0.237070273278127,-0.127837060582019,-0.114682868460148,0.417304439457158,-0.627874635241185,0.249232468887022,-0.127837060582019,-0.332191968871807,-0.0141001672214301,0.659350274759923,0.56062995754123,0.796084559298888,0.698419941665863,-0.290404096967023,-0.779153734014757,0.378992584861883,0.427721446230719,-0.246388390845971,0.247222651426514,0.430051152220641,0.574962677495718,NA,NA,NA,NA,NA,NA,NA,NA,NA,NA,NA,NA,NA,NA,NA,NA,NA,NA,NA,NA,NA,NA,NA,NA
715_E3_10-14,0.388294668006273,1.17279025626406,-0.87267270147228,-0.0223859929894781,-1.03946325576688,-0.550677516265553,0.735400390852137,0.357647748791434,0.335157281065012,0.0342554474756666,-0.647565928274467,0.40866544348784,-0.751874874675373,0.955412036666909,-1.46927177716989,0.340692989778962,0.135879429926698,-1.03693072757705,-0.747387142605802,-0.355105493628258,1.06394818725518,0.592947366451196,0.689101434578139,-2.57614447230691,-0.2076968193253,-1.77460824429874,0.0316969365439555,-0.0280677111895749,-0.881534775173252,-0.075198914335629,-2.39859345624625,-1.47864051143988,0.88127800924804,-0.2076968193253,0.0544979976181745,-2.39859345624625,-2.25975745022954,-2.49460570619482,0.571743409321153,-0.108021195968987,-0.0798822605850283,-1.38515274744866,1.20938138783865,-0.410668142987483,-0.681889273946756,0.22180028380682,-0.0280677111895749,-0.216541424301202,0.428078998865838,0.555354074180554,0.384711482906472,NA,NA,NA,NA,NA,NA,NA,NA,NA,NA,NA,NA,NA,NA,NA,NA,NA,NA,NA,NA,NA,NA,NA
715_E3_20-24,0.476961642186748,0.74002590240303,0.849622118105251,0.527400133279911,0.0237220620578647,0.380560554713535,1.12814186484376,0.422946636939219,0.183835309093437,1.01077650026821,-0.210214027362567,0.778299272114504,0.55003774201311,1.00362454803489,0.310674596965395,0.0809904298994228,0.215760429957776,0.827725647477899,0.0686107631425298,0.995565528958079,0.318195745223013,0.250838086689253,0.399923963691776,0.285778472853514,-0.211400241020211,0.566728291716854,-0.282680147682685,-0.0316569329738214,0.93243163055836,-0.231852684251508,0.0769237171746077,0.141145385857663,0.321539777425081,-0.211400241020211,-0.0321235506650603,0.0769237171746077,-0.133197180289306,0.231145560934598,1.36453138223473,1.19613037442933,0.863820928597233,-0.0996701613487988,1.28066992057255,0.583067765257767,0.524846440293314,0.460118283098089,-0.0316569329738214,0.6530509171012,-0.0306806703906133,0.158861998775171,0.35646637374893,0.335000797496298,NA,NA,NA,NA,NA,NA,NA,NA,NA,NA,NA,NA,NA,NA,NA,NA,NA,NA,NA,NA,NA,NA
715_E3_30-34,-0.248010347379119,-0.891100481521577,-0.710836938855442,-0.924945356445961,0.223970734313989,-0.481713299484276,0.994437853995026,-0.739801980409127,0.0170039352088912,-0.149885599594169,-0.55356677006167,0.557893938116276,-0.178389228663105,0.601511363891122,-0.591918450401694,0.185884898515665,-0.0141648860678124,0.474663037531859,-0.666136121423697,-0.775705046467639,-0.062790890436363,-0.0863804776807791,-0.566378209698017,-1.59699046167776,-0.606008803616175,0.18950638689258,0.160935192567769,-2.29235272909771,0.705500856651431,-0.418182937135291,-2.18240035296429,-2.44507789538965,-1.0087193925344,-0.606008803616175,0.0925441822891294,-2.18240035296429,-2.43678764943211,-2.15674492885767,0.997443044059535,-0.149450112073833,-0.18773769823526,0.602605581868964,0.683749211872755,-0.073773543515079,-0.456734204944952,-1.51636955490348,-2.29235272909771,0.25093677570792,0.284001072486012,0.452194423188772,-0.0709155371243853,-1.55438320897039,0.193367869822078,NA,NA,NA,NA,NA,NA,NA,NA,NA,NA,NA,NA,NA,NA,NA,NA,NA,NA,NA,NA,NA
716_E1_1-5,0.624000843991447,1.06306244192291,-1.10573931943291,-0.248597976887369,-0.158239067456737,-0.0499639727520407,0.226656144634143,0.503156041349038,0.824108840436087,0.432029611035969,-0.936048873949136,-0.92444228682346,-1.04270476903215,-0.3386529148443,-1.87311855049946,0.795117370238739,0.000466409591083741,-0.444309535452912,-0.298265770952257,-0.776760130325262,1.13966787940316,-0.0876644887577102,1.24492863476309,-1.27990054790768,-0.299687195487716,-1.95727040979638,0.379523053370239,-0.130305748127217,0.480999297810289,-0.269664986175472,-2.14776548383272,-1.43042068261328,0.829494141028676,-0.299687195487716,0.363625185827735,-2.14776548383272,-2.01774978240008,-2.3988021083215,-0.189355699525735,-0.0989858559397304,0.170600586561645,-0.641540010472646,0.295445925673631,0.332801016509271,-1.53069696562117,0.403128071762137,-0.130305748127217,-0.843949006893372,0.60094785250504,0.719135680709051,0.0506596205657944,-0.893346477428067,0.534126977021791,-1.35673408690344,NA,NA,NA,NA,NA,NA,NA,NA,NA,NA,NA,NA,NA,NA,NA,NA,NA,NA,NA,NA
716_E1_10-14,-0.623526113829603,0.406281252833619,1.02217217713595,-0.151386802341051,0.936410587922034,0.996623573660311,1.2162947052666,0.69567639940684,0.890985653093884,1.82023360068083,1.23476564036666,1.34938440550277,1.60773690978088,1.18906343518071,0.86554934584129,1.14718576242589,0.590636659462108,0.934415329806443,0.685529004221226,0.993993925343363,0.56578131123966,0.702431656434947,0.988154484720601,0.282664750635252,-0.496032171937193,1.05445213201458,0.822605034524798,-0.66144150291931,1.34698755589962,0.0796406820598011,-0.525784061534576,-0.568880263768577,0.122026007042451,-0.496032171937193,0.645706112190692,-0.525784061534576,-0.756129125074746,-0.28878048593055,1.41887667503843,2.04738046201415,2.02508219301028,1.46580936752177,1.31090046260793,1.33886572785204,1.20944941774589,-0.21604765551423,-0.66144150291931,1.19173113720171,-0.516410170798602,-0.142936793048492,0.446564911588037,0.0328622747936152,0.66631599238382,-1.24460229702808,0.532678997948048,NA,NA,NA,NA,NA,NA,NA,NA,NA,NA,NA,NA,NA,NA,NA,NA,NA,NA,NA
716_E1_20-24,0.49368450722561,0.272965598739706,0.319753150037279,0.0814708903750053,0.794955069153563,0.228537555747412,0.460621478374508,0.344637720592649,-0.0366241167932505,0.786501727417125,0.871529072318441,0.468119618311511,0.349576769865258,0.103052938189422,0.173972072268591,0.575522071430733,-0.110237782445928,0.818831130474731,0.112927218559308,0.347359190579976,-0.12504726162229,-0.000110326140001763,0.342983039410517,-0.0295699882846787,0.056140468699382,0.700448217193396,0.07066914769947,-0.484450523436042,0.623946087915688,-0.510668839828291,-0.371145925479197,-0.367382918963479,-0.0044679447766256,0.056140468699382,0.0327759866652952,-0.371145925479197,-0.576234569655855,-0.268152540642732,0.357840445400975,0.481634227523165,0.419613899318162,0.448467644243507,-0.101041769214066,0.13930649384841,0.699877729469811,0.0752697167110573,-0.484450523436042,0.591456953400054,-0.938219924972445,0.0561404686993821,-0.341858930224062,0.109566808019171,0.060187996498737,-0.316393208502672,0.431514490839666,0.0282037298252782,NA,NA,NA,NA,NA,NA,NA,NA,NA,NA,NA,NA,NA,NA,NA,NA,NA,NA
716_E1_30-34,0.321174801898456,-0.418917904347319,-0.0403021935048104,-0.13204725825897,0.84169805520235,-0.460486014876669,0.694484152005132,-0.356118902393103,0.307133624749734,0.313926578701999,-0.756367845686868,0.41728042516041,-0.263939525704978,-0.0596826655899876,-0.989193702414223,0.438974755964483,-0.155085549874594,0.826284908034712,-1.24267477049799,-0.107517307095429,-0.540400226184166,-0.524294343896083,-0.845933779405401,-0.0629940515148192,-0.630215690054116,0.597644748443412,0.0117767330821194,-2.0744745233002,0.570226135997395,-0.547490593656179,-0.630215690054116,-1.95375329606402,-0.611885576393659,-0.630215690054116,-0.0179294484454671,-0.630215690054116,-1.94329088258608,-1.58173730564999,0.254015500638266,-0.507019310318662,-0.34550294120247,0.437271653966658,0.209669625746164,-0.319972179951175,-1.2375673454129,-1.27414624791679,-2.0744745233002,0.426851168372967,0.142515700309025,0.321531943491629,-0.403635191012803,-1.07330693976713,0.058235805367442,-1.30123464577317,-1.73730407340143,-0.110575843823387,0.209748829985057,NA,NA,NA,NA,NA,NA,NA,NA,NA,NA,NA,NA,NA,NA,NA,NA,NA
716_E2_1-5,-0.538790473875381,-1.58483960442457,0.487987449474127,-0.766869262750884,-0.866519650538759,0.307927900153133,-0.885116970140364,0.51781223770774,-0.068080915076863,1.08088284135668,0.154223466581471,0.653253942261862,-0.889254469224847,-1.19271679650485,0.302431180190089,0.0695483181166806,0.115965848327958,0.397007699435884,0.0883004815471607,0.439530533920931,-2.18337190934981,-1.92334700660541,0.35969318624918,0.174891876355095,-0.653249043230084,0.177321457063282,0.264273921055398,-0.266400456550128,0.775934908280996,-0.26020761508472,-0.163303862448246,-0.125672327210373,0.381488021362411,-0.653249043230084,0.231618306954639,-0.163303862448246,-0.336819509568717,-0.026708380791093,-1.24698342759895,-0.381369812506338,0.748954744187815,0.659201929042937,-1.0380215902789,-0.524185395285434,0.336226114028958,0.399223804130506,-0.266400456550128,0.212240743235269,0.389570979142413,0.549808713798268,-2.64200376238947,0.350390048280942,0.326522569923626,-0.0948711055372195,0.0247289066011726,0.404574901350892,-0.362918324831431,-0.436331618252041,NA,NA,NA,NA,NA,NA,NA,NA,NA,NA,NA,NA,NA,NA,NA,NA
716_E2_10-14,-0.785990581492153,-1.61339979268156,-0.257289217697574,-0.296596451314492,-0.699645171952953,-1.3880171786994,0.938751193288438,-0.651878765418494,0.025934974413597,-0.124824542018042,-0.707855378038445,0.695804113948694,-1.23014504813879,0.70928840307561,-1.24313107324791,0.325647059782745,0.0651439722320822,0.456809830704106,-1.2107580018029,-0.327326374156834,-1.02908233280996,-0.970751395057039,-1.20748253356328,-1.33157338314442,-0.495043348437767,0.327669742340047,0.262030312684916,-2.09780052988135,0.808466408901955,-0.355108308828581,-1.99082857330594,-2.24400399242337,-2.16711522563469,-0.495043348437767,0.194954696675974,-1.99082857330594,-2.21744737787485,-1.92379795676667,1.09184172059791,-0.0508953636333555,-0.0903611266096177,0.572723943410256,0.690570284399291,-0.648103302851775,-0.72861808572882,-1.42417825333018,-2.09780052988135,0.430653169171209,-0.327446341131609,-0.248101324374838,0.0661454421372738,-1.39609894876218,0.109660878374084,-2.24990494295124,-1.11370253554301,-0.417103585667146,-0.395783785417517,-1.10126199353689,0.0354949626897781,NA,NA,NA,NA,NA,NA,NA,NA,NA,NA,NA,NA,NA,NA,NA
716_E2_20-24,0.344503107700506,-0.00805144888488066,-0.179071769135663,-0.43188134176862,-0.595781363269905,-0.747005841640345,0.893842185442479,0.756730106113603,0.206558247228185,1.33111789462696,-0.441710586339933,0.814843606533339,-0.965630152763011,0.012516762859004,-1.10260655795125,-0.494101443614158,-0.327823440467973,0.693101120112753,-0.725487760291852,-1.75724252772073,-0.106150316582075,-0.269149910417716,0.500364785308341,-1.98015180043005,-0.455566683964579,0.378836412022624,0.378692450834049,0.435790925196246,0.910413286743422,-0.21973808930508,-2.76396869053136,-1.86736469029049,-0.825052741977186,-0.455566683964579,0.30087521661443,-2.76396869053136,-2.55241078499551,-2.23617240147276,0.42220983975165,1.55548798413499,0.00770790605374545,0.889592694697896,-0.60598905582529,-0.788046322118642,-1.2639195915278,0.516555546021249,0.435790925196246,0.484734663142102,0.526397241649944,0.659169083424263,0.0291816982470223,1.0828854861945,0.449098531929572,-1.86826749714436,0.634397342047633,-0.024448215441679,-0.142546006364976,-1.53209922832651,0.00420222483023533,-1.61961155371126,NA,NA,NA,NA,NA,NA,NA,NA,NA,NA,NA,NA,NA,NA
716_E3_1-5,-0.739639105412006,-0.719916667222925,1.61576064728198,-0.153154216123752,-1.25341877354319,0.878905774511345,0.232895358462868,-0.0984295685274526,0.849357410834522,0.137488655553093,1.20542324719764,1.16655316553438,0.0162759135949462,1.28118494707656,0.821753874953917,0.515550457645196,0.542312744294505,1.53496971893901,0.641220336604105,-1.0654577415676,0.239122787896795,-0.244557465331364,1.34603168461056,0.734616671230538,0.251809144384512,1.10853006382516,-0.92460722998004,0.527074834896344,1.59845958694777,0.409458820793131,0.664022102400504,0.782752235566126,-0.399389913498419,0.251809144384512,0.268217214306396,0.664022102400504,0.432561773237884,0.879776181217527,1.54162587143141,1.79249471469603,0.0357105700521501,1.2360789534148,0.511596225395475,-1.08503657318004,0.338225309806563,0.0827754401519353,0.527074834896344,1.26633761087723,0.547842534661144,0.684439233406717,0.548401735851773,1.13925120445752,0.580699027635908,0.86449746950216,1.17375007965589,0.800296234317875,0.542179719934941,0.598701188701554,0.514596374533358,0.702795878699608,-0.903653209160249,NA,NA,NA,NA,NA,NA,NA,NA,NA,NA,NA,NA,NA
716_E3_10-14,0.449951799829766,0.53817322888688,-0.0653241407589146,0.363383945467041,0.617604516116076,-0.26437866716211,0.9572431966802,0.889185089828732,-0.00175145614046082,1.49378099719053,-0.0246109151045329,0.420523618189502,0.360263684694689,0.833522439953629,-0.517505047101075,0.194180699314398,-0.144186287468704,0.450969767866747,-0.253595383376628,0.113057690577838,0.757969333039778,0.512743855287752,0.0997763177028176,-1.25423162620854,-0.554091161159279,0.17442162526688,-0.0107433467876,-0.821727744750406,0.615018528093962,-0.551810804435811,-2.02452202747372,-1.52824074683202,0.226734195386947,-0.554091161159279,-0.0654811485288558,-2.02452202747372,-1.93034479258184,-1.57871880184477,1.09889944617398,0.950504361860429,0.498744992219311,0.400417919658366,0.725820930748333,-0.13547569737793,-0.0220601389368282,1.51671895276696,-0.821727744750406,0.176232750059932,-0.760846810438305,-0.195481173036018,-0.0014431439918513,0.265900589066101,-0.0660015801787456,-1.26697486982157,0.1169447647486,-0.00415991469712259,-0.385260089709107,-0.83638485644745,-0.0174187119763762,-1.20071530376833,0.101375764529068,0.748376432397371,NA,NA,NA,NA,NA,NA,NA,NA,NA,NA,NA,NA
716_E3_30-34,0.599975797149746,0.342287098313711,0.214956760235264,-0.498321284804996,0.765793588170034,-0.654732447346358,0.722198233508043,0.290778722731015,-1.78254952110769,0.832861303400094,0.0236671276598754,-0.780002465159482,-0.550595093291022,-0.0792740452804814,-1.48724233475737,-0.46511716568136,-0.16001918248641,0.840212881986081,-1.67243239655817,0.297466761696223,-0.512156888356593,-0.448335969381835,-0.9852611805666,-1.21836579258032,-0.528656224284313,0.612969447800575,-0.544934727554197,-0.53239230264805,0.572778731987896,-0.552749036548606,-0.413812930455828,-0.420000370514279,0.105214830455444,-0.528656224284313,-1.79339567927766,-0.413812930455828,-0.621961598937488,-0.321455805418671,0.288165438214412,0.617328782237326,0.0144713485798489,0.139866949374686,0.245923133805991,0.140579344016605,-2.13625015049517,0.131763371201708,-0.53239230264805,0.337441672307824,0.131425049262272,0.321603886899398,-0.403218613028414,-0.507823948934746,-0.965559213126309,-0.379289375986245,0.287130973548128,0.28197288164463,0.249762880986086,-0.145847232271465,-0.42211873769033,-0.249602972034667,-0.198666811277698,0.405669534117358,-0.34268836115987,NA,NA,NA,NA,NA,NA,NA,NA,NA,NA,NA
717_E1_1-5,-0.200350890414076,1.32061971483926,-0.866000890143099,0.0576985090507861,-0.834764367870374,1.24781064040304,-0.889277413304011,0.806254821304281,0.7440992842256,0.0501737656773317,0.340782397315341,0.742433669326178,-0.987816793760441,0.641685051720168,0.694129928379536,1.03504369620275,-1.02821185694049,-2.54792355804095,0.888484116870783,-0.293561700634984,1.7476610746327,1.0238679648547,1.1580846382188,0.90841027143596,0.249076364051054,-3.20138574576632,0.67486563816998,0.419723422370987,-2.59504379937195,0.00201051772342951,0.54457267119307,0.622106280943093,1.06168001734352,0.249076364051054,0.742433669326179,0.54457267119307,0.346574290569791,-1.25098326388879,-0.406460273180526,-0.0356933595261689,0.536046679660601,-1.99480094510227,0.276150018215959,1.51071266586086,0.423379997971516,-0.50862537383728,0.419723422370987,-1.74799751197398,0.968737642359932,1.0580516327869,0.773706323389102,0.667619212998918,0.909473016434995,0.662094736466307,-1.49092044969812,1.2842482138079,0.582206104829067,0.543913074073011,0.756878254803959,0.781022730361848,0.879413532386298,1.54498923736853,0.579178843288171,0.538082614951116,NA,NA,NA,NA,NA,NA,NA,NA,NA,NA
717_E1_10-14,0.0407991518903054,0.388949541829021,0.556332771716472,-0.0365444136690863,-0.824671364597137,1.09478897200677,0.344454870377088,0.835442147728729,0.315766786700892,0.0850339517463542,1.16263611922201,-0.840496723028005,-0.98955453630949,0.54609983271881,0.721981857417379,-0.332133050735481,-0.0389130576455953,-0.895917304492087,0.686736910213236,-0.561487099020456,0.312645454699044,0.0387034944338871,0.665063609570952,-0.306609387985784,0.182011106068404,-1.46247981989461,0.246558735870403,0.416623586150224,-0.601656319449884,0.229524641510036,0.559850357070899,0.707396375483241,-1.14501147068516,0.182011106068404,-1.27534106638774,0.559850357070899,0.328351992523185,0.209019203745653,0.275565834022878,0.940003420886206,0.684161672519903,-0.678696852943648,-0.484572588206703,0.631600370021214,0.356838478144151,0.332423741186178,0.416623586150224,0.154387837649828,-0.323763926496978,-0.76930818514601,0.727501547824199,0.239239810973642,-0.485160357214004,0.76983066096078,0.0376404855739829,0.721027317498821,-0.0717674464784746,0.547532382634032,0.690860210417446,-0.303965700261941,0.644494434700049,-1.05370700009111,0.163540229335571,0.530298732178165,1.3395284812466,NA,NA,NA,NA,NA,NA,NA,NA,NA
717_E1_30-34,0.385433936723243,0.573436255511792,0.617155993634911,0.308117268033388,-0.244767967606936,0.412575577628381,0.905834491931088,0.29972147729153,0.160871377770572,0.737760799752089,0.485319498966038,-0.614388663985433,-0.179982627825995,0.785923261097352,0.13699143503835,-0.012545961499115,0.113353293112407,0.653655982501965,0.0299056638874948,0.782221214612885,-0.115347599732677,-0.184238610219707,0.0667904045666052,-0.899229613593093,-0.302027302114747,0.445404570792668,-0.383651328192576,-0.12352917970188,0.81753704236082,-0.306403663125146,-0.00244437027004727,0.0404695411385303,0.00110290785674842,-0.302027302114747,-1.75123264351829,-0.00244437027004727,-0.212666103845559,0.127465632537355,1.03458066349168,1.05700073125255,0.541859621942031,-0.11112428030692,1.05476145456891,0.149663113760217,0.366872224074032,0.222054376423298,-0.12352917970188,0.428982772387083,-0.162149056831158,0.0401938797754109,0.251174721783954,-0.894886715223691,-2.92992348376266,0.0879024374915605,0.38031893715746,0.269126496892503,-0.0415840275034998,-0.0452203359882139,0.224706693020762,-0.025131301621323,0.331222022693884,0.515813454556796,-0.166175127720324,-0.0687849560983048,0.805384919859901,0.518170976782153,NA,NA,NA,NA,NA,NA,NA,NA
717_E2_1-5,0.12029139398508,1.4577936657914,0.970790215323603,1.22308496372792,0.394515674454011,0.831737759293433,1.41996598605278,0.800977397749947,0.0699365951385011,-0.672234669306372,0.298312389568346,-0.425269606074689,0.954866358801305,0.763522763851548,0.565875250315318,-0.0932483240724239,0.775661478698401,0.873006549857652,0.389241406779465,0.866833424127956,1.01316811139733,-0.480671438798778,0.664882474347753,0.370290659937349,-0.223682577025099,0.14224088465869,-1.78147876754472,0.62582109829963,0.842111448325195,0.411988556890004,0.780719931388879,0.915410481583961,1.36292683752901,-0.223682577025099,-0.729587025323647,0.780719931388879,0.526922133482552,0.713589828732417,1.42582909817217,-0.458157484062457,1.07406256390865,0.0985634484988173,0.636203249275547,0.27244421079679,0.708881864919529,0.96355548138242,0.62582109829963,0.614401512699661,0.433451116738358,0.668454781174263,0.414264692778767,0.630685004550182,0.325413106854542,0.994700489990567,0.762015640150483,1.60699130975289,0.307541015591614,0.502434894211561,-0.264627856947614,1.08967698682307,0.910549165022538,-0.0434920830078777,0.660280048048704,-0.788985995737365,0.773736792132244,-0.148570192569881,0.159104090209346,NA,NA,NA,NA,NA,NA,NA
717_E2_10-14,0.684802945963585,1.26806398183352,-0.499096967786675,0.346159000721668,-0.145225302158877,0.183770195677768,0.917714290921596,-0.706761990408895,0.602885476444987,-0.973294792146694,0.124834037704002,-0.314829385155028,-0.582512233554427,0.585897944456637,-0.697376118291462,0.0287078542803863,-0.0216685405617554,-0.464437217260571,-0.110057741017813,-1.19708421743083,1.18768655392518,0.679323831519446,1.24348305989542,-1.82562310096635,-0.0477093722877681,-0.891716800401579,0.483580595992177,-0.00324706670105888,-0.555903588276333,0.019577022455265,-1.88444799329302,-0.985285015265231,0.0873540976457804,-0.0477093722877681,0.267555307915883,-1.88444799329302,-1.76388222324996,-1.86852939298689,0.298566131098715,1.23132138188012,-0.0880246082958055,-0.377381865181894,0.0510056546032244,-0.165831178498967,-0.299328167312964,1.76594366185285,-0.00324706670105888,0.345793593545146,-0.0769900174989626,0.568049443278764,0.519536859360564,-0.0185008483926593,0.575339424606677,-0.988178772655004,-0.38041583359829,0.417561892338367,0.21687626898518,-0.634496723288281,0.488814019907386,-0.899991987280002,0.487471202229279,-0.329065772139924,1.01826405383136,0.000309237542578478,-0.530501038400669,-0.382623848927026,-0.127934864737877,0.819292027061992,NA,NA,NA,NA,NA,NA
717_E2_20-24,0.216523681497117,0.684376262702612,-0.0733333388060814,0.455259874867188,-0.173919779778677,0.68684044664131,0.620680682445101,-0.223928837890912,0.401829359128351,-1.23884756245103,0.286035879997856,-0.868421215164211,0.168214134685226,0.638623645209345,0.204705132618531,0.590651276921567,-0.0875420094229496,-0.533392369535111,0.438017387987318,0.389337854900046,0.757364861296123,-0.180343683432599,0.574871589322657,0.435147331886798,-0.19890911474555,-1.89126026299608,0.340683428202354,-0.0294739360724016,-1.09513988932196,-0.233327058958503,0.0945349358787244,0.140011366784611,0.277148147617897,-0.19890911474555,0.263229381496347,0.0945349358787244,-0.122112457014209,-0.347747551088438,-0.0131423778228322,-1.31481322228535,-0.667185689721501,0.340680267811986,0.930062396993502,0.510406624733419,0.455278005662883,-0.0864802297294852,-0.0294739360724016,0.255101485106421,-0.0891847707296578,0.0945790428253991,0.356887149288029,-0.800305924665752,0.595397384252851,0.201058053822258,-0.515085042155254,0.607118497300165,0.0636631087789749,0.0663810392420521,0.321742859207582,0.074413319839528,0.44141233741857,0.819385375933989,-0.0563833148884813,0.0460944825285119,-1.63248669424936,-0.0498812702858875,0.535931245917826,0.883456725759216,-0.189723688961508,NA,NA,NA,NA,NA
717_E3_1-5,-1.15204069974895,1.1805753933712,-1.2117454619072,-0.51162278883552,-1.93875314502308,1.61278561717064,1.06944934686594,-1.22739302838593,1.31276231115455,0.695366079565453,-0.53036324749029,-2.22505699213368,-1.24568754228799,0.915935428327698,-1.16259621945234,1.56841717540351,-0.555990015039615,-2.26394499121918,1.34833513757926,-1.03544180571803,2.06032447549809,-0.755313393547085,1.94490469917033,1.53330204308748,0.569735145628773,-2.04571913742028,1.20738642735347,0.770455911127448,-2.07680841510515,0.442774525033457,0.91978547318508,1.10102325940357,1.3590500465976,0.569735145628773,1.12579419272686,0.91978547318508,0.678670342002808,-0.843868858853259,-0.332311659046653,-0.102743050713876,-0.609975001457987,-0.945219132725072,-0.124014925246243,1.06458381788339,-0.576222441112709,-0.135416658951195,0.770455911127448,-0.695797241310339,0.81245344897647,0.888311513733895,1.06216706864756,-1.21974079076187,1.23366751014666,1.19273792983409,-1.16771016199972,1.44343043035062,0.943244672222719,0.990701485855072,1.02823120725251,1.05178170636201,0.645829769912511,2.05253187165601,1.04155487217806,0.992087316475968,-3.08379653527161,-2.18320971110485,0.957201684478164,1.35085446253834,-0.760126771971067,-0.930200782651464,NA,NA,NA,NA
717_E3_10-14,0.938452599624365,1.80429760447798,1.81162044955701,1.45476027029195,1.53285130711699,0.991558288982044,2.88942917334774,2.20790072407384,1.32119493078394,0.0831363396813033,1.42204962285259,1.82859099865866,1.51337947974206,-0.0169487211212008,0.993414704380612,-0.0605101025127138,1.03756161821243,2.02865458395998,1.09211373817719,0.754550285382532,2.07658210212966,-0.340608716961461,0.238537038794524,-0.123571018736876,0.502572278550896,1.53679801211937,1.31552171410749,1.12203448253446,1.79930359347005,0.523306831375881,-1.07357504703761,-0.289803598503087,2.03360977315891,0.502572278550896,0.915852398796617,-1.07357504703761,-1.00439217455025,-0.480029308835908,2.90561903414939,1.81069404749557,2.14465597094901,1.96289889610984,1.40196287935057,1.24145301649924,1.28842655432629,0.565125355700697,1.12203448253446,2.01179697112322,0.00218192087048506,1.26973762673868,1.13908368800581,2.09125814783934,1.15457029976957,-0.0941936881971234,1.95187145465727,1.64161513833528,0.858395804567671,0.309398953255669,1.08386900425889,-0.72539598517569,1.89015764143629,0.0648113480861279,1.88530494682544,0.867214390940899,1.75535760537103,0.902259072298346,0.97688811123555,-1.221886492615,2.4600985112443,1.15235692428647,2.47525220220554,NA,NA,NA
717_E3_20-24,-0.247700221553226,-1.42116301418589,1.48355751596021,-0.0135518458586786,0.258128629049258,1.31056615886832,-0.0298838558072156,-0.552347345890566,0.99344285683394,0.098519010914311,1.22537318386256,1.90513249528568,-0.287911096855308,-0.252551094720159,1.16967261435066,-0.357981824219303,-0.197057002033399,1.73224263026671,1.03438834713733,1.32282809957943,-1.27322904661131,-1.09235248229598,1.25434179737179,0.221411290359798,0.219617273952419,1.2491118802264,1.27100870266867,-0.990372651806987,1.73609691409298,0.481469507553753,-0.867992789925321,0.0248490788733477,-1.62918098909961,0.219617273952419,1.08436732418032,-0.867992789925321,-0.239328998341585,0.753680173350403,-0.273451144858688,2.07834106165075,0.155555179145282,1.9716120795979,-0.889650715040672,0.0941465836722888,0.1530638560205,-1.40736577409033,-0.990372651806987,1.57996668331918,1.18350844520513,0.0873896012185521,-0.727534885981927,0.333609576311562,1.28446718313471,-0.337418191179459,0.477400245794464,1.25161208103757,0.404084745769273,0.262532087383446,-0.0321445934192519,-0.392733894396686,-2.34052978792306,-1.32169513593274,0.380035706965172,0.602549369738252,1.69821019444906,-1.23016188664906,1.03560920671269,0.750224844547263,-1.29315950135987,1.12857225776765,0.686916631141544,0.0808173886263025,NA,NA
717_E3_30-34,0.831427361860445,0.581719348078666,0.357477153480207,0.201874104605488,1.1668133373051,0.328760658825232,1.10404853232901,0.480374013562433,-1.63251299532289,1.09441910145644,0.56183401164059,-0.62632948455843,0.345625159844251,0.361275464209518,-0.485588997661705,-0.140714014407389,0.0233372158557688,0.780033460573647,-1.30681570650022,0.495363431625028,0.319554990458515,0.398868036624,-0.0500168115664038,-1.01174717663956,-0.828696966800741,0.481950120514131,-0.39957634375908,-0.399599307731496,0.539127059790263,-0.781967850516167,-0.281291512005316,-0.271546413057243,0.311980447252336,-0.828696966800741,-1.62789585227358,-0.281291512005316,-0.496473357732143,-0.199019150996729,0.683294994528946,1.03480177478182,0.49073715788977,0.262715676123193,0.611046018658401,0.571211913122822,-0.125819836051401,0.309464117970664,-0.399599307731496,0.462470430653119,0.288782681164146,0.461717258984728,-0.246888028635496,-0.252414698574072,-0.756921180901297,-0.222001998411146,0.335943249060808,0.635186900215424,0.123690011721276,-0.18226461525481,-0.267840660379627,-0.0920842976689998,-0.0299445717609987,0.646760453818368,-0.201788276400361,-0.288690133243468,0.511431587913788,0.760414406105913,0.0729782767130886,-0.176880988824019,0.295306361404944,0.176153682028545,1.10025198278978,1.15887929570745,0.8583605765298,NA
