"SampleID_from","SampleID_to","BetaDiversity","Year___from","Habitat___from","DepthLumping_from","Year___to","Habitat___to","DepthLumping_to","ReferenceYear"
"X712_E.1.M","X711_E.1.S",0.6077949987865,2012,"Fen","0-9",2011,"Fen","0-9",2011
"X712_E.2.S","X711_E.1.S",0.501742652326912,2012,"Fen","0-9",2011,"Fen","0-9",2011
"X712_E.2.M","X711_E.1.S",0.4732562485756,2012,"Fen","0-9",2011,"Fen","0-9",2011
"X712_E.3.S","X711_E.1.S",0.563216287835078,2012,"Fen","0-9",2011,"Fen","0-9",2011
"X712_E.3.M","X711_E.1.S",0.399408555209463,2012,"Fen","0-9",2011,"Fen","0-9",2011
"X713_E.1.S","X711_E.1.S",0.582771179701328,2013,"Fen","0-9",2011,"Fen","0-9",2011
"X713_E.1.M","X711_E.1.S",0.587735788865894,2013,"Fen","0-9",2011,"Fen","0-9",2011
"X713_E.2.S","X711_E.1.S",0.275442955208383,2013,"Fen","0-9",2011,"Fen","0-9",2011
"X713_E.2.M","X711_E.1.S",0.379965077390361,2013,"Fen","0-9",2011,"Fen","0-9",2011
"X713_E.3.S","X711_E.1.S",0.415501926359033,2013,"Fen","0-9",2011,"Fen","0-9",2011
"X713_E.3.M","X711_E.1.S",0.560817934888469,2013,"Fen","0-9",2011,"Fen","0-9",2011
"X714_E1_1.5","X711_E.1.S",0.60079603026994,2014,"Fen","0-9",2011,"Fen","0-9",2011
"X714_E1_5.9","X711_E.1.S",0.628583420829927,2014,"Fen","0-9",2011,"Fen","0-9",2011
"X714_E2_1.5","X711_E.1.S",0.565133043361692,2014,"Fen","0-9",2011,"Fen","0-9",2011
"X714_E2_5.9","X711_E.1.S",0.744041957676394,2014,"Fen","0-9",2011,"Fen","0-9",2011
"X715_E1_1.5","X711_E.1.S",0.528637021528174,2015,"Fen","0-9",2011,"Fen","0-9",2011
"X715_E2_1.5","X711_E.1.S",0.396252740151529,2015,"Fen","0-9",2011,"Fen","0-9",2011
"X715_E3_1.5","X711_E.1.S",0.654384511579945,2015,"Fen","0-9",2011,"Fen","0-9",2011
"X716_E1_1.5","X711_E.1.S",0.450420213125117,2016,"Fen","0-9",2011,"Fen","0-9",2011
"X716_E3_1.5","X711_E.1.S",0.615821798370954,2016,"Fen","0-9",2011,"Fen","0-9",2011
"X717_E2_1.5","X711_E.1.S",0.387055963112885,2017,"Fen","0-9",2011,"Fen","0-9",2011
"X717_E3_1.5","X711_E.1.S",0.470749933299273,2017,"Fen","0-9",2011,"Fen","0-9",2011
"X712_E.1.M","X711_E.1.M",0.462415756747203,2012,"Fen","0-9",2011,"Fen","0-9",2011
"X712_E.2.S","X711_E.1.M",0.365310848116829,2012,"Fen","0-9",2011,"Fen","0-9",2011
"X712_E.2.M","X711_E.1.M",0.400909444760423,2012,"Fen","0-9",2011,"Fen","0-9",2011
"X712_E.3.S","X711_E.1.M",0.523973366052261,2012,"Fen","0-9",2011,"Fen","0-9",2011
"X712_E.3.M","X711_E.1.M",0.502574320149337,2012,"Fen","0-9",2011,"Fen","0-9",2011
"X713_E.1.S","X711_E.1.M",0.458833302428651,2013,"Fen","0-9",2011,"Fen","0-9",2011
"X713_E.1.M","X711_E.1.M",0.431701932106022,2013,"Fen","0-9",2011,"Fen","0-9",2011
"X713_E.2.S","X711_E.1.M",0.394029923651638,2013,"Fen","0-9",2011,"Fen","0-9",2011
"X713_E.2.M","X711_E.1.M",0.347707457942501,2013,"Fen","0-9",2011,"Fen","0-9",2011
"X713_E.3.S","X711_E.1.M",0.182124351121656,2013,"Fen","0-9",2011,"Fen","0-9",2011
"X713_E.3.M","X711_E.1.M",0.484076935380406,2013,"Fen","0-9",2011,"Fen","0-9",2011
"X714_E1_1.5","X711_E.1.M",0.564465022599029,2014,"Fen","0-9",2011,"Fen","0-9",2011
"X714_E1_5.9","X711_E.1.M",0.547991580970447,2014,"Fen","0-9",2011,"Fen","0-9",2011
"X714_E2_1.5","X711_E.1.M",0.47101315992564,2014,"Fen","0-9",2011,"Fen","0-9",2011
"X714_E2_5.9","X711_E.1.M",0.572162004740951,2014,"Fen","0-9",2011,"Fen","0-9",2011
"X715_E1_1.5","X711_E.1.M",0.310264972397564,2015,"Fen","0-9",2011,"Fen","0-9",2011
"X715_E2_1.5","X711_E.1.M",0.38013159266304,2015,"Fen","0-9",2011,"Fen","0-9",2011
"X715_E3_1.5","X711_E.1.M",0.638893350336264,2015,"Fen","0-9",2011,"Fen","0-9",2011
"X716_E1_1.5","X711_E.1.M",0.43877552950048,2016,"Fen","0-9",2011,"Fen","0-9",2011
"X716_E3_1.5","X711_E.1.M",0.669172488441397,2016,"Fen","0-9",2011,"Fen","0-9",2011
"X717_E2_1.5","X711_E.1.M",0.416942611314758,2017,"Fen","0-9",2011,"Fen","0-9",2011
"X717_E3_1.5","X711_E.1.M",0.521367814485361,2017,"Fen","0-9",2011,"Fen","0-9",2011
"X712_E.1.D","X711_E.1.D",0.546622554003214,2012,"Fen","20-29",2011,"Fen","20-29",2011
"X712_E.2.D","X711_E.1.D",0.312296292890127,2012,"Fen","20-29",2011,"Fen","20-29",2011
"X712_E.3.D","X711_E.1.D",0.304011833227401,2012,"Fen","20-29",2011,"Fen","20-29",2011
"X713_E.1.X0","X711_E.1.D",0.785135216936767,2013,"Fen","20-29",2011,"Fen","20-29",2011
"X713_E.2.X0","X711_E.1.D",0.725893010138796,2013,"Fen","20-29",2011,"Fen","20-29",2011
"X713_E.3.X0","X711_E.1.D",0.84343839783921,2013,"Fen","20-29",2011,"Fen","20-29",2011
"X714_E1_20.24","X711_E.1.D",0.573171039618534,2014,"Fen","20-29",2011,"Fen","20-29",2011
"X714_E2_20.24","X711_E.1.D",0.348945046411333,2014,"Fen","20-29",2011,"Fen","20-29",2011
"X715_E2_20.24","X711_E.1.D",0.271207266267849,2015,"Fen","20-29",2011,"Fen","20-29",2011
"X715_E3_20.24","X711_E.1.D",0.384132459472349,2015,"Fen","20-29",2011,"Fen","20-29",2011
"X716_E1_20.24","X711_E.1.D",0.243492783328181,2016,"Fen","20-29",2011,"Fen","20-29",2011
"X717_E2_20.24","X711_E.1.D",0.404579356879141,2017,"Fen","20-29",2011,"Fen","20-29",2011
"X712_E.1.M","X711_E.2.S",0.586283941687935,2012,"Fen","0-9",2011,"Fen","0-9",2011
"X712_E.2.S","X711_E.2.S",0.365072887444887,2012,"Fen","0-9",2011,"Fen","0-9",2011
"X712_E.2.M","X711_E.2.S",0.241726495588489,2012,"Fen","0-9",2011,"Fen","0-9",2011
"X712_E.3.S","X711_E.2.S",0.665319230964232,2012,"Fen","0-9",2011,"Fen","0-9",2011
"X712_E.3.M","X711_E.2.S",0.530322820936747,2012,"Fen","0-9",2011,"Fen","0-9",2011
"X713_E.1.S","X711_E.2.S",0.51897004881378,2013,"Fen","0-9",2011,"Fen","0-9",2011
"X713_E.1.M","X711_E.2.S",0.510005605083351,2013,"Fen","0-9",2011,"Fen","0-9",2011
"X713_E.2.S","X711_E.2.S",0.475724543424143,2013,"Fen","0-9",2011,"Fen","0-9",2011
"X713_E.2.M","X711_E.2.S",0.548984330328187,2013,"Fen","0-9",2011,"Fen","0-9",2011
"X713_E.3.S","X711_E.2.S",0.402215794881506,2013,"Fen","0-9",2011,"Fen","0-9",2011
"X713_E.3.M","X711_E.2.S",0.618098129740681,2013,"Fen","0-9",2011,"Fen","0-9",2011
"X714_E1_1.5","X711_E.2.S",0.578750145043242,2014,"Fen","0-9",2011,"Fen","0-9",2011
"X714_E1_5.9","X711_E.2.S",0.610060544176272,2014,"Fen","0-9",2011,"Fen","0-9",2011
"X714_E2_1.5","X711_E.2.S",0.420761670620406,2014,"Fen","0-9",2011,"Fen","0-9",2011
"X714_E2_5.9","X711_E.2.S",0.612886695049727,2014,"Fen","0-9",2011,"Fen","0-9",2011
"X715_E1_1.5","X711_E.2.S",0.458032889838579,2015,"Fen","0-9",2011,"Fen","0-9",2011
"X715_E2_1.5","X711_E.2.S",0.408916834746817,2015,"Fen","0-9",2011,"Fen","0-9",2011
"X715_E3_1.5","X711_E.2.S",0.566397350494726,2015,"Fen","0-9",2011,"Fen","0-9",2011
"X716_E1_1.5","X711_E.2.S",0.348554014679404,2016,"Fen","0-9",2011,"Fen","0-9",2011
"X716_E3_1.5","X711_E.2.S",0.644756552587795,2016,"Fen","0-9",2011,"Fen","0-9",2011
"X717_E2_1.5","X711_E.2.S",0.505631857475578,2017,"Fen","0-9",2011,"Fen","0-9",2011
"X717_E3_1.5","X711_E.2.S",0.526637317292915,2017,"Fen","0-9",2011,"Fen","0-9",2011
"X712_E.1.M","X711_E.2.M",0.484758486521424,2012,"Fen","0-9",2011,"Fen","0-9",2011
"X712_E.2.S","X711_E.2.M",0.411590911309518,2012,"Fen","0-9",2011,"Fen","0-9",2011
"X712_E.2.M","X711_E.2.M",0.463194171581102,2012,"Fen","0-9",2011,"Fen","0-9",2011
"X712_E.3.S","X711_E.2.M",0.719693771642421,2012,"Fen","0-9",2011,"Fen","0-9",2011
"X712_E.3.M","X711_E.2.M",0.697126511897474,2012,"Fen","0-9",2011,"Fen","0-9",2011
"X713_E.1.S","X711_E.2.M",0.411557635409746,2013,"Fen","0-9",2011,"Fen","0-9",2011
"X713_E.1.M","X711_E.2.M",0.391204946725614,2013,"Fen","0-9",2011,"Fen","0-9",2011
"X713_E.2.S","X711_E.2.M",0.614660043644555,2013,"Fen","0-9",2011,"Fen","0-9",2011
"X713_E.2.M","X711_E.2.M",0.600752122971176,2013,"Fen","0-9",2011,"Fen","0-9",2011
"X713_E.3.S","X711_E.2.M",0.42479021585427,2013,"Fen","0-9",2011,"Fen","0-9",2011
"X713_E.3.M","X711_E.2.M",0.648697043516595,2013,"Fen","0-9",2011,"Fen","0-9",2011
"X714_E1_1.5","X711_E.2.M",0.621814216430172,2014,"Fen","0-9",2011,"Fen","0-9",2011
"X714_E1_5.9","X711_E.2.M",0.572750784926526,2014,"Fen","0-9",2011,"Fen","0-9",2011
"X714_E2_1.5","X711_E.2.M",0.505803256854834,2014,"Fen","0-9",2011,"Fen","0-9",2011
"X714_E2_5.9","X711_E.2.M",0.406637708837271,2014,"Fen","0-9",2011,"Fen","0-9",2011
"X715_E1_1.5","X711_E.2.M",0.441923156722943,2015,"Fen","0-9",2011,"Fen","0-9",2011
"X715_E2_1.5","X711_E.2.M",0.598988787549313,2015,"Fen","0-9",2011,"Fen","0-9",2011
"X715_E3_1.5","X711_E.2.M",0.730158921034975,2015,"Fen","0-9",2011,"Fen","0-9",2011
"X716_E1_1.5","X711_E.2.M",0.551210188540274,2016,"Fen","0-9",2011,"Fen","0-9",2011
"X716_E3_1.5","X711_E.2.M",0.732603353062852,2016,"Fen","0-9",2011,"Fen","0-9",2011
"X717_E2_1.5","X711_E.2.M",0.61693801518976,2017,"Fen","0-9",2011,"Fen","0-9",2011
"X717_E3_1.5","X711_E.2.M",0.683976186308102,2017,"Fen","0-9",2011,"Fen","0-9",2011
"X712_E.1.D","X711_E.2.D",0.586198379097881,2012,"Fen","20-29",2011,"Fen","20-29",2011
"X712_E.2.D","X711_E.2.D",0.217627037686823,2012,"Fen","20-29",2011,"Fen","20-29",2011
"X712_E.3.D","X711_E.2.D",0.282709261225356,2012,"Fen","20-29",2011,"Fen","20-29",2011
"X713_E.1.X0","X711_E.2.D",0.767017949575815,2013,"Fen","20-29",2011,"Fen","20-29",2011
"X713_E.2.X0","X711_E.2.D",0.714695348812522,2013,"Fen","20-29",2011,"Fen","20-29",2011
"X713_E.3.X0","X711_E.2.D",0.83123858339689,2013,"Fen","20-29",2011,"Fen","20-29",2011
"X714_E1_20.24","X711_E.2.D",0.624618597800166,2014,"Fen","20-29",2011,"Fen","20-29",2011
"X714_E2_20.24","X711_E.2.D",0.282651454494364,2014,"Fen","20-29",2011,"Fen","20-29",2011
"X715_E2_20.24","X711_E.2.D",0.298771521877701,2015,"Fen","20-29",2011,"Fen","20-29",2011
"X715_E3_20.24","X711_E.2.D",0.408180691684775,2015,"Fen","20-29",2011,"Fen","20-29",2011
"X716_E1_20.24","X711_E.2.D",0.286920056244145,2016,"Fen","20-29",2011,"Fen","20-29",2011
"X717_E2_20.24","X711_E.2.D",0.438989048447368,2017,"Fen","20-29",2011,"Fen","20-29",2011
"X712_E.1.M","X711_E.3.S",0.522622899398846,2012,"Fen","0-9",2011,"Fen","0-9",2011
"X712_E.2.S","X711_E.3.S",0.43761372745131,2012,"Fen","0-9",2011,"Fen","0-9",2011
"X712_E.2.M","X711_E.3.S",0.413596323269504,2012,"Fen","0-9",2011,"Fen","0-9",2011
"X712_E.3.S","X711_E.3.S",0.568619618011804,2012,"Fen","0-9",2011,"Fen","0-9",2011
"X712_E.3.M","X711_E.3.S",0.420038509460852,2012,"Fen","0-9",2011,"Fen","0-9",2011
"X713_E.1.S","X711_E.3.S",0.559635297122136,2013,"Fen","0-9",2011,"Fen","0-9",2011
"X713_E.1.M","X711_E.3.S",0.556618183914342,2013,"Fen","0-9",2011,"Fen","0-9",2011
"X713_E.2.S","X711_E.3.S",0.367565026089502,2013,"Fen","0-9",2011,"Fen","0-9",2011
"X713_E.2.M","X711_E.3.S",0.403892201419405,2013,"Fen","0-9",2011,"Fen","0-9",2011
"X713_E.3.S","X711_E.3.S",0.387235540363148,2013,"Fen","0-9",2011,"Fen","0-9",2011
"X713_E.3.M","X711_E.3.S",0.545892167968237,2013,"Fen","0-9",2011,"Fen","0-9",2011
"X714_E1_1.5","X711_E.3.S",0.47648728964387,2014,"Fen","0-9",2011,"Fen","0-9",2011
"X714_E1_5.9","X711_E.3.S",0.527420737376799,2014,"Fen","0-9",2011,"Fen","0-9",2011
"X714_E2_1.5","X711_E.3.S",0.462558997646447,2014,"Fen","0-9",2011,"Fen","0-9",2011
"X714_E2_5.9","X711_E.3.S",0.688915853576647,2014,"Fen","0-9",2011,"Fen","0-9",2011
"X715_E1_1.5","X711_E.3.S",0.486313536719526,2015,"Fen","0-9",2011,"Fen","0-9",2011
"X715_E2_1.5","X711_E.3.S",0.242254315944201,2015,"Fen","0-9",2011,"Fen","0-9",2011
"X715_E3_1.5","X711_E.3.S",0.532902001608101,2015,"Fen","0-9",2011,"Fen","0-9",2011
"X716_E1_1.5","X711_E.3.S",0.436889549893126,2016,"Fen","0-9",2011,"Fen","0-9",2011
"X716_E3_1.5","X711_E.3.S",0.701312982932562,2016,"Fen","0-9",2011,"Fen","0-9",2011
"X717_E2_1.5","X711_E.3.S",0.318047220931169,2017,"Fen","0-9",2011,"Fen","0-9",2011
"X717_E3_1.5","X711_E.3.S",0.50690338873251,2017,"Fen","0-9",2011,"Fen","0-9",2011
"X712_E.1.M","X711_E.3.M",0.386001296918972,2012,"Fen","0-9",2011,"Fen","0-9",2011
"X712_E.2.S","X711_E.3.M",0.362375521649328,2012,"Fen","0-9",2011,"Fen","0-9",2011
"X712_E.2.M","X711_E.3.M",0.40901399770605,2012,"Fen","0-9",2011,"Fen","0-9",2011
"X712_E.3.S","X711_E.3.M",0.561353796519521,2012,"Fen","0-9",2011,"Fen","0-9",2011
"X712_E.3.M","X711_E.3.M",0.543784775275529,2012,"Fen","0-9",2011,"Fen","0-9",2011
"X713_E.1.S","X711_E.3.M",0.461583963394898,2013,"Fen","0-9",2011,"Fen","0-9",2011
"X713_E.1.M","X711_E.3.M",0.429310691666751,2013,"Fen","0-9",2011,"Fen","0-9",2011
"X713_E.2.S","X711_E.3.M",0.458479764652362,2013,"Fen","0-9",2011,"Fen","0-9",2011
"X713_E.2.M","X711_E.3.M",0.429060049790147,2013,"Fen","0-9",2011,"Fen","0-9",2011
"X713_E.3.S","X711_E.3.M",0.291360398194712,2013,"Fen","0-9",2011,"Fen","0-9",2011
"X713_E.3.M","X711_E.3.M",0.515193592258049,2013,"Fen","0-9",2011,"Fen","0-9",2011
"X714_E1_1.5","X711_E.3.M",0.475569559446473,2014,"Fen","0-9",2011,"Fen","0-9",2011
"X714_E1_5.9","X711_E.3.M",0.422598186280342,2014,"Fen","0-9",2011,"Fen","0-9",2011
"X714_E2_1.5","X711_E.3.M",0.447711611516905,2014,"Fen","0-9",2011,"Fen","0-9",2011
"X714_E2_5.9","X711_E.3.M",0.587235368132523,2014,"Fen","0-9",2011,"Fen","0-9",2011
"X715_E1_1.5","X711_E.3.M",0.339399619214877,2015,"Fen","0-9",2011,"Fen","0-9",2011
"X715_E2_1.5","X711_E.3.M",0.352335027514369,2015,"Fen","0-9",2011,"Fen","0-9",2011
"X715_E3_1.5","X711_E.3.M",0.651235474957666,2015,"Fen","0-9",2011,"Fen","0-9",2011
"X716_E1_1.5","X711_E.3.M",0.505641745083903,2016,"Fen","0-9",2011,"Fen","0-9",2011
"X716_E3_1.5","X711_E.3.M",0.75130530367777,2016,"Fen","0-9",2011,"Fen","0-9",2011
"X717_E2_1.5","X711_E.3.M",0.418537983182776,2017,"Fen","0-9",2011,"Fen","0-9",2011
"X717_E3_1.5","X711_E.3.M",0.590168786571608,2017,"Fen","0-9",2011,"Fen","0-9",2011
"X712_E.1.D","X711_E.3.D",0.64477488783668,2012,"Fen","20-29",2011,"Fen","20-29",2011
"X712_E.2.D","X711_E.3.D",0.194528188798145,2012,"Fen","20-29",2011,"Fen","20-29",2011
"X712_E.3.D","X711_E.3.D",0.189187496080951,2012,"Fen","20-29",2011,"Fen","20-29",2011
"X713_E.1.X0","X711_E.3.D",0.749974787646472,2013,"Fen","20-29",2011,"Fen","20-29",2011
"X713_E.2.X0","X711_E.3.D",0.635648823264046,2013,"Fen","20-29",2011,"Fen","20-29",2011
"X713_E.3.X0","X711_E.3.D",0.827035742852889,2013,"Fen","20-29",2011,"Fen","20-29",2011
"X714_E1_20.24","X711_E.3.D",0.645067325309701,2014,"Fen","20-29",2011,"Fen","20-29",2011
"X714_E2_20.24","X711_E.3.D",0.416774055954712,2014,"Fen","20-29",2011,"Fen","20-29",2011
"X715_E2_20.24","X711_E.3.D",0.291855660740679,2015,"Fen","20-29",2011,"Fen","20-29",2011
"X715_E3_20.24","X711_E.3.D",0.418463000976214,2015,"Fen","20-29",2011,"Fen","20-29",2011
"X716_E1_20.24","X711_E.3.D",0.233162267234806,2016,"Fen","20-29",2011,"Fen","20-29",2011
"X717_E2_20.24","X711_E.3.D",0.312919231804128,2017,"Fen","20-29",2011,"Fen","20-29",2011
"X712_P.1.S","X711_P.1.S",0.518036599426373,2012,"Palsa","0-9",2011,"Palsa","0-9",2011
"X712_P.2.S","X711_P.1.S",0.521351871888166,2012,"Palsa","0-9",2011,"Palsa","0-9",2011
"X712_P.3.S","X711_P.1.S",0.55634378504149,2012,"Palsa","0-9",2011,"Palsa","0-9",2011
"X713_P.3.M","X711_P.1.S",0.759716499272751,2013,"Palsa","0-9",2011,"Palsa","0-9",2011
"X715_P1_1.5","X711_P.1.S",0.600412290640321,2015,"Palsa","0-9",2011,"Palsa","0-9",2011
"X715_P2_1.5","X711_P.1.S",0.531779927092683,2015,"Palsa","0-9",2011,"Palsa","0-9",2011
"X715_P3_1.5","X711_P.1.S",0.578956792543665,2015,"Palsa","0-9",2011,"Palsa","0-9",2011
"X716_P1_1.5","X711_P.1.S",0.548761509053824,2016,"Palsa","0-9",2011,"Palsa","0-9",2011
"X716_P2_1.5","X711_P.1.S",0.648994786183539,2016,"Palsa","0-9",2011,"Palsa","0-9",2011
"X716_P3_1.5","X711_P.1.S",0.802948652961707,2016,"Palsa","0-9",2011,"Palsa","0-9",2011
"X717_P2_1.5","X711_P.1.S",0.654633181234031,2017,"Palsa","0-9",2011,"Palsa","0-9",2011
"X717_P3_1.5","X711_P.1.S",0.536001848626266,2017,"Palsa","0-9",2011,"Palsa","0-9",2011
"X712_P.1.M","X711_P.1.M",0.511949537816749,2012,"Palsa","10-19",2011,"Palsa","10-19",2011
"X712_P.2.M","X711_P.1.M",0.627113665078217,2012,"Palsa","10-19",2011,"Palsa","10-19",2011
"X712_P.3.M","X711_P.1.M",0.427230182163955,2012,"Palsa","10-19",2011,"Palsa","10-19",2011
"X715_P1_10.14","X711_P.1.M",0.900541649073155,2015,"Palsa","10-19",2011,"Palsa","10-19",2011
"X715_P2_10.14","X711_P.1.M",0.677395803981667,2015,"Palsa","10-19",2011,"Palsa","10-19",2011
"X715_P3_10.14","X711_P.1.M",0.838798086236501,2015,"Palsa","10-19",2011,"Palsa","10-19",2011
"X716_P1_10.14","X711_P.1.M",0.831895602311615,2016,"Palsa","10-19",2011,"Palsa","10-19",2011
"X716_P2_10.14","X711_P.1.M",0.71628465609157,2016,"Palsa","10-19",2011,"Palsa","10-19",2011
"X716_P3_10.14","X711_P.1.M",0.686919430368769,2016,"Palsa","10-19",2011,"Palsa","10-19",2011
"X717_P1_10.14","X711_P.1.M",0.571222210087422,2017,"Palsa","10-19",2011,"Palsa","10-19",2011
"X717_P2_10.14","X711_P.1.M",0.766433164441502,2017,"Palsa","10-19",2011,"Palsa","10-19",2011
"X717_P3_10.14","X711_P.1.M",0.73693815478228,2017,"Palsa","10-19",2011,"Palsa","10-19",2011
"X712_P.1.D","X711_P.1.D",0.981971906742344,2012,"Palsa","30-39",2011,"Palsa","30-39",2011
"X712_P.2.D","X711_P.1.D",0.987271883189138,2012,"Palsa","30-39",2011,"Palsa","30-39",2011
"X712_P.3.D","X711_P.1.D",0.823386238144394,2012,"Palsa","30-39",2011,"Palsa","30-39",2011
"X713_P.1.X1","X711_P.1.D",0.991608483182026,2013,"Palsa","30-39",2011,"Palsa","30-39",2011
"X713_P.3.X1","X711_P.1.D",0.992544626923028,2013,"Palsa","30-39",2011,"Palsa","30-39",2011
"X714_P1_30.34","X711_P.1.D",0.889468987206573,2014,"Palsa","30-39",2011,"Palsa","30-39",2011
"X714_P3_30.34","X711_P.1.D",0.996933786975355,2014,"Palsa","30-39",2011,"Palsa","30-39",2011
"X715_P1_30.34","X711_P.1.D",0.997813433097384,2015,"Palsa","30-39",2011,"Palsa","30-39",2011
"X715_P3_30.34","X711_P.1.D",0.996225530372726,2015,"Palsa","30-39",2011,"Palsa","30-39",2011
"X716_P1_30.34","X711_P.1.D",0.988379729338176,2016,"Palsa","30-39",2011,"Palsa","30-39",2011
"X716_P2_30.34","X711_P.1.D",0.992372269215449,2016,"Palsa","30-39",2011,"Palsa","30-39",2011
"X716_P3_30.34","X711_P.1.D",0.929161364353664,2016,"Palsa","30-39",2011,"Palsa","30-39",2011
"X712_P.1.S","X711_P.2.S",0.621166474378452,2012,"Palsa","0-9",2011,"Palsa","0-9",2011
"X712_P.2.S","X711_P.2.S",0.618524011347745,2012,"Palsa","0-9",2011,"Palsa","0-9",2011
"X712_P.3.S","X711_P.2.S",0.34617070409374,2012,"Palsa","0-9",2011,"Palsa","0-9",2011
"X713_P.3.M","X711_P.2.S",0.681146003225921,2013,"Palsa","0-9",2011,"Palsa","0-9",2011
"X715_P1_1.5","X711_P.2.S",0.706647337473589,2015,"Palsa","0-9",2011,"Palsa","0-9",2011
"X715_P2_1.5","X711_P.2.S",0.524405823698537,2015,"Palsa","0-9",2011,"Palsa","0-9",2011
"X715_P3_1.5","X711_P.2.S",0.59891821281087,2015,"Palsa","0-9",2011,"Palsa","0-9",2011
"X716_P1_1.5","X711_P.2.S",0.706753038387016,2016,"Palsa","0-9",2011,"Palsa","0-9",2011
"X716_P2_1.5","X711_P.2.S",0.59862175496192,2016,"Palsa","0-9",2011,"Palsa","0-9",2011
"X716_P3_1.5","X711_P.2.S",0.763749513146459,2016,"Palsa","0-9",2011,"Palsa","0-9",2011
"X717_P2_1.5","X711_P.2.S",0.330976571945451,2017,"Palsa","0-9",2011,"Palsa","0-9",2011
"X717_P3_1.5","X711_P.2.S",0.665182384832306,2017,"Palsa","0-9",2011,"Palsa","0-9",2011
"X712_P.1.M","X711_P.2.M",0.604039240381982,2012,"Palsa","10-19",2011,"Palsa","10-19",2011
"X712_P.2.M","X711_P.2.M",0.611910905362711,2012,"Palsa","10-19",2011,"Palsa","10-19",2011
"X712_P.3.M","X711_P.2.M",0.530114008603598,2012,"Palsa","10-19",2011,"Palsa","10-19",2011
"X715_P1_10.14","X711_P.2.M",0.87629008170476,2015,"Palsa","10-19",2011,"Palsa","10-19",2011
"X715_P2_10.14","X711_P.2.M",0.682948309422085,2015,"Palsa","10-19",2011,"Palsa","10-19",2011
"X715_P3_10.14","X711_P.2.M",0.818530955281166,2015,"Palsa","10-19",2011,"Palsa","10-19",2011
"X716_P1_10.14","X711_P.2.M",0.800432852212091,2016,"Palsa","10-19",2011,"Palsa","10-19",2011
"X716_P2_10.14","X711_P.2.M",0.699339631166106,2016,"Palsa","10-19",2011,"Palsa","10-19",2011
"X716_P3_10.14","X711_P.2.M",0.721501405647149,2016,"Palsa","10-19",2011,"Palsa","10-19",2011
"X717_P1_10.14","X711_P.2.M",0.656427591130318,2017,"Palsa","10-19",2011,"Palsa","10-19",2011
"X717_P2_10.14","X711_P.2.M",0.695895261953129,2017,"Palsa","10-19",2011,"Palsa","10-19",2011
"X717_P3_10.14","X711_P.2.M",0.738853233282532,2017,"Palsa","10-19",2011,"Palsa","10-19",2011
"X712_P.1.D","X711_P.2.D",0.676172431620455,2012,"Palsa","30-39",2011,"Palsa","30-39",2011
"X712_P.2.D","X711_P.2.D",0.847111249349404,2012,"Palsa","30-39",2011,"Palsa","30-39",2011
"X712_P.3.D","X711_P.2.D",0.584628738974862,2012,"Palsa","30-39",2011,"Palsa","30-39",2011
"X713_P.1.X1","X711_P.2.D",0.84772415869754,2013,"Palsa","30-39",2011,"Palsa","30-39",2011
"X713_P.3.X1","X711_P.2.D",0.851832076727432,2013,"Palsa","30-39",2011,"Palsa","30-39",2011
"X714_P1_30.34","X711_P.2.D",0.862885574985838,2014,"Palsa","30-39",2011,"Palsa","30-39",2011
"X714_P3_30.34","X711_P.2.D",0.963460657688523,2014,"Palsa","30-39",2011,"Palsa","30-39",2011
"X715_P1_30.34","X711_P.2.D",0.992272339940028,2015,"Palsa","30-39",2011,"Palsa","30-39",2011
"X715_P3_30.34","X711_P.2.D",0.962551278520353,2015,"Palsa","30-39",2011,"Palsa","30-39",2011
"X716_P1_30.34","X711_P.2.D",0.915658869717345,2016,"Palsa","30-39",2011,"Palsa","30-39",2011
"X716_P2_30.34","X711_P.2.D",0.868174174577488,2016,"Palsa","30-39",2011,"Palsa","30-39",2011
"X716_P3_30.34","X711_P.2.D",0.756573745566178,2016,"Palsa","30-39",2011,"Palsa","30-39",2011
"X712_P.1.S","X711_P.3.S",0.440397722264681,2012,"Palsa","0-9",2011,"Palsa","0-9",2011
"X712_P.2.S","X711_P.3.S",0.553900779853036,2012,"Palsa","0-9",2011,"Palsa","0-9",2011
"X712_P.3.S","X711_P.3.S",0.633541972440705,2012,"Palsa","0-9",2011,"Palsa","0-9",2011
"X713_P.3.M","X711_P.3.S",0.78894401248561,2013,"Palsa","0-9",2011,"Palsa","0-9",2011
"X715_P1_1.5","X711_P.3.S",0.65121818684698,2015,"Palsa","0-9",2011,"Palsa","0-9",2011
"X715_P2_1.5","X711_P.3.S",0.510263666922532,2015,"Palsa","0-9",2011,"Palsa","0-9",2011
"X715_P3_1.5","X711_P.3.S",0.62237710179567,2015,"Palsa","0-9",2011,"Palsa","0-9",2011
"X716_P1_1.5","X711_P.3.S",0.494284343046413,2016,"Palsa","0-9",2011,"Palsa","0-9",2011
"X716_P2_1.5","X711_P.3.S",0.582128476908931,2016,"Palsa","0-9",2011,"Palsa","0-9",2011
"X716_P3_1.5","X711_P.3.S",0.83439848987285,2016,"Palsa","0-9",2011,"Palsa","0-9",2011
"X717_P2_1.5","X711_P.3.S",0.67843585453631,2017,"Palsa","0-9",2011,"Palsa","0-9",2011
"X717_P3_1.5","X711_P.3.S",0.378722212200752,2017,"Palsa","0-9",2011,"Palsa","0-9",2011
"X712_P.1.D","X711_P.3.D",0.577181039213257,2012,"Palsa","30-39",2011,"Palsa","30-39",2011
"X712_P.2.D","X711_P.3.D",0.43508887661576,2012,"Palsa","30-39",2011,"Palsa","30-39",2011
"X712_P.3.D","X711_P.3.D",0.938486641097183,2012,"Palsa","30-39",2011,"Palsa","30-39",2011
"X713_P.1.X1","X711_P.3.D",0.601723031754677,2013,"Palsa","30-39",2011,"Palsa","30-39",2011
"X713_P.3.X1","X711_P.3.D",0.714410555667188,2013,"Palsa","30-39",2011,"Palsa","30-39",2011
"X714_P1_30.34","X711_P.3.D",0.984945217357794,2014,"Palsa","30-39",2011,"Palsa","30-39",2011
"X714_P3_30.34","X711_P.3.D",0.819395873844747,2014,"Palsa","30-39",2011,"Palsa","30-39",2011
"X715_P1_30.34","X711_P.3.D",0.931444516419215,2015,"Palsa","30-39",2011,"Palsa","30-39",2011
"X715_P3_30.34","X711_P.3.D",0.818144683791168,2015,"Palsa","30-39",2011,"Palsa","30-39",2011
"X716_P1_30.34","X711_P.3.D",0.571014920348618,2016,"Palsa","30-39",2011,"Palsa","30-39",2011
"X716_P2_30.34","X711_P.3.D",0.570407789625833,2016,"Palsa","30-39",2011,"Palsa","30-39",2011
"X716_P3_30.34","X711_P.3.D",0.586959866145544,2016,"Palsa","30-39",2011,"Palsa","30-39",2011
"X712_S.1.D","X711_S.1.M",0.393560550853075,2012,"Bog","10-19",2011,"Bog","10-19",2011
"X712_S.2.D","X711_S.1.M",0.460230662931899,2012,"Bog","10-19",2011,"Bog","10-19",2011
"X712_S.3.D","X711_S.1.M",0.686186323288374,2012,"Bog","10-19",2011,"Bog","10-19",2011
"X713_S.1.D","X711_S.1.M",0.56110393375648,2013,"Bog","10-19",2011,"Bog","10-19",2011
"X713_S.2.D","X711_S.1.M",0.63849357100889,2013,"Bog","10-19",2011,"Bog","10-19",2011
"X713_S.3.D","X711_S.1.M",0.380919728146076,2013,"Bog","10-19",2011,"Bog","10-19",2011
"X714_S1_10.14","X711_S.1.M",0.455081785544561,2014,"Bog","10-19",2011,"Bog","10-19",2011
"X714_S3_10.14","X711_S.1.M",0.379699213050734,2014,"Bog","10-19",2011,"Bog","10-19",2011
"X715_S1_10.14","X711_S.1.M",0.421628932528918,2015,"Bog","10-19",2011,"Bog","10-19",2011
"X715_S2_10.14","X711_S.1.M",0.553084156388255,2015,"Bog","10-19",2011,"Bog","10-19",2011
"X716_S1_10.14","X711_S.1.M",0.562523773894762,2016,"Bog","10-19",2011,"Bog","10-19",2011
"X716_S2_10.14","X711_S.1.M",0.50576878254052,2016,"Bog","10-19",2011,"Bog","10-19",2011
"X716_S3_10.14","X711_S.1.M",0.508822595610343,2016,"Bog","10-19",2011,"Bog","10-19",2011
"X717_S2_10.14","X711_S.1.M",0.554309223962706,2017,"Bog","10-19",2011,"Bog","10-19",2011
"X717_S3_10.14","X711_S.1.M",0.521319884699,2017,"Bog","10-19",2011,"Bog","10-19",2011
"X712_S.1.D","X711_S.1.D",0.500364382883942,2012,"Bog","10-19",2011,"Bog","10-19",2011
"X712_S.2.D","X711_S.1.D",0.489247767438077,2012,"Bog","10-19",2011,"Bog","10-19",2011
"X712_S.3.D","X711_S.1.D",0.554311323039696,2012,"Bog","10-19",2011,"Bog","10-19",2011
"X713_S.1.D","X711_S.1.D",0.480460195634171,2013,"Bog","10-19",2011,"Bog","10-19",2011
"X713_S.2.D","X711_S.1.D",0.68393623949459,2013,"Bog","10-19",2011,"Bog","10-19",2011
"X713_S.3.D","X711_S.1.D",0.38225958131812,2013,"Bog","10-19",2011,"Bog","10-19",2011
"X714_S1_10.14","X711_S.1.D",0.475707552714447,2014,"Bog","10-19",2011,"Bog","10-19",2011
"X714_S3_10.14","X711_S.1.D",0.470807697009862,2014,"Bog","10-19",2011,"Bog","10-19",2011
"X715_S1_10.14","X711_S.1.D",0.437638887916565,2015,"Bog","10-19",2011,"Bog","10-19",2011
"X715_S2_10.14","X711_S.1.D",0.645492364579214,2015,"Bog","10-19",2011,"Bog","10-19",2011
"X716_S1_10.14","X711_S.1.D",0.492005891855596,2016,"Bog","10-19",2011,"Bog","10-19",2011
"X716_S2_10.14","X711_S.1.D",0.555949652406354,2016,"Bog","10-19",2011,"Bog","10-19",2011
"X716_S3_10.14","X711_S.1.D",0.624826731188774,2016,"Bog","10-19",2011,"Bog","10-19",2011
"X717_S2_10.14","X711_S.1.D",0.470929326070474,2017,"Bog","10-19",2011,"Bog","10-19",2011
"X717_S3_10.14","X711_S.1.D",0.52058916851251,2017,"Bog","10-19",2011,"Bog","10-19",2011
"X712_S.1.D","X711_S.2.M",0.477467012750646,2012,"Bog","10-19",2011,"Bog","10-19",2011
"X712_S.2.D","X711_S.2.M",0.429643303012201,2012,"Bog","10-19",2011,"Bog","10-19",2011
"X712_S.3.D","X711_S.2.M",0.572471395660441,2012,"Bog","10-19",2011,"Bog","10-19",2011
"X713_S.1.D","X711_S.2.M",0.562400794821877,2013,"Bog","10-19",2011,"Bog","10-19",2011
"X713_S.2.D","X711_S.2.M",0.279965972409951,2013,"Bog","10-19",2011,"Bog","10-19",2011
"X713_S.3.D","X711_S.2.M",0.56655340563081,2013,"Bog","10-19",2011,"Bog","10-19",2011
"X714_S1_10.14","X711_S.2.M",0.380691707305297,2014,"Bog","10-19",2011,"Bog","10-19",2011
"X714_S3_10.14","X711_S.2.M",0.65111312492563,2014,"Bog","10-19",2011,"Bog","10-19",2011
"X715_S1_10.14","X711_S.2.M",0.462604929222705,2015,"Bog","10-19",2011,"Bog","10-19",2011
"X715_S2_10.14","X711_S.2.M",0.750781792889071,2015,"Bog","10-19",2011,"Bog","10-19",2011
"X716_S1_10.14","X711_S.2.M",0.561205651924429,2016,"Bog","10-19",2011,"Bog","10-19",2011
"X716_S2_10.14","X711_S.2.M",0.732752140115742,2016,"Bog","10-19",2011,"Bog","10-19",2011
"X716_S3_10.14","X711_S.2.M",0.703639932659494,2016,"Bog","10-19",2011,"Bog","10-19",2011
"X717_S2_10.14","X711_S.2.M",0.572757058873367,2017,"Bog","10-19",2011,"Bog","10-19",2011
"X717_S3_10.14","X711_S.2.M",0.430447777566699,2017,"Bog","10-19",2011,"Bog","10-19",2011
"X712_S.1.D","X711_S.3.M",0.407083778625685,2012,"Bog","10-19",2011,"Bog","10-19",2011
"X712_S.2.D","X711_S.3.M",0.382437614231602,2012,"Bog","10-19",2011,"Bog","10-19",2011
"X712_S.3.D","X711_S.3.M",0.425629556339153,2012,"Bog","10-19",2011,"Bog","10-19",2011
"X713_S.1.D","X711_S.3.M",0.338835086851731,2013,"Bog","10-19",2011,"Bog","10-19",2011
"X713_S.2.D","X711_S.3.M",0.548728947552824,2013,"Bog","10-19",2011,"Bog","10-19",2011
"X713_S.3.D","X711_S.3.M",0.443082097527811,2013,"Bog","10-19",2011,"Bog","10-19",2011
"X714_S1_10.14","X711_S.3.M",0.386977313462795,2014,"Bog","10-19",2011,"Bog","10-19",2011
"X714_S3_10.14","X711_S.3.M",0.536072830674016,2014,"Bog","10-19",2011,"Bog","10-19",2011
"X715_S1_10.14","X711_S.3.M",0.430491902871765,2015,"Bog","10-19",2011,"Bog","10-19",2011
"X715_S2_10.14","X711_S.3.M",0.642569312287107,2015,"Bog","10-19",2011,"Bog","10-19",2011
"X716_S1_10.14","X711_S.3.M",0.397213247461777,2016,"Bog","10-19",2011,"Bog","10-19",2011
"X716_S2_10.14","X711_S.3.M",0.546339159139709,2016,"Bog","10-19",2011,"Bog","10-19",2011
"X716_S3_10.14","X711_S.3.M",0.525011073119946,2016,"Bog","10-19",2011,"Bog","10-19",2011
"X717_S2_10.14","X711_S.3.M",0.400466137765246,2017,"Bog","10-19",2011,"Bog","10-19",2011
"X717_S3_10.14","X711_S.3.M",0.392877846583865,2017,"Bog","10-19",2011,"Bog","10-19",2011
"X711_S.1.S","X712_S.1.S",0.563672765462472,2011,"Bog","0-9",2012,"Bog","0-9",2012
"X713_S.1.S","X712_S.1.S",0.668611038921917,2013,"Bog","0-9",2012,"Bog","0-9",2012
"X713_S.1.M","X712_S.1.S",0.761820692133523,2013,"Bog","0-9",2012,"Bog","0-9",2012
"X713_S.2.S","X712_S.1.S",0.564630538016594,2013,"Bog","0-9",2012,"Bog","0-9",2012
"X713_S.2.M","X712_S.1.S",0.870090123540384,2013,"Bog","0-9",2012,"Bog","0-9",2012
"X713_S.3.S","X712_S.1.S",0.777198406991454,2013,"Bog","0-9",2012,"Bog","0-9",2012
"X713_S.3.M","X712_S.1.S",0.816796440699122,2013,"Bog","0-9",2012,"Bog","0-9",2012
"X714_S1_1.5","X712_S.1.S",0.675560708574395,2014,"Bog","0-9",2012,"Bog","0-9",2012
"X714_S1_5.9","X712_S.1.S",0.808613469021126,2014,"Bog","0-9",2012,"Bog","0-9",2012
"X714_S2_1.5","X712_S.1.S",0.723960105783938,2014,"Bog","0-9",2012,"Bog","0-9",2012
"X714_S2_5.9","X712_S.1.S",0.802583950012835,2014,"Bog","0-9",2012,"Bog","0-9",2012
"X714_S3_1.5","X712_S.1.S",0.827096278553333,2014,"Bog","0-9",2012,"Bog","0-9",2012
"X714_S3_5.9","X712_S.1.S",0.784162699737336,2014,"Bog","0-9",2012,"Bog","0-9",2012
"X715_S1_1.5","X712_S.1.S",0.727096351833644,2015,"Bog","0-9",2012,"Bog","0-9",2012
"X716_S1_1.5","X712_S.1.S",0.809270435909377,2016,"Bog","0-9",2012,"Bog","0-9",2012
"X716_S2_1.5","X712_S.1.S",0.706502536078323,2016,"Bog","0-9",2012,"Bog","0-9",2012
"X717_S2_1.5","X712_S.1.S",0.694945531111498,2017,"Bog","0-9",2012,"Bog","0-9",2012
"X717_S3_1.5","X712_S.1.S",0.786640579966799,2017,"Bog","0-9",2012,"Bog","0-9",2012
"X711_S.1.S","X712_S.1.M",0.659811355319001,2011,"Bog","0-9",2012,"Bog","0-9",2012
"X713_S.1.S","X712_S.1.M",0.326162146436611,2013,"Bog","0-9",2012,"Bog","0-9",2012
"X713_S.1.M","X712_S.1.M",0.609342962094702,2013,"Bog","0-9",2012,"Bog","0-9",2012
"X713_S.2.S","X712_S.1.M",0.356575371747019,2013,"Bog","0-9",2012,"Bog","0-9",2012
"X713_S.2.M","X712_S.1.M",0.847089759378496,2013,"Bog","0-9",2012,"Bog","0-9",2012
"X713_S.3.S","X712_S.1.M",0.625379093941571,2013,"Bog","0-9",2012,"Bog","0-9",2012
"X713_S.3.M","X712_S.1.M",0.653922621681455,2013,"Bog","0-9",2012,"Bog","0-9",2012
"X714_S1_1.5","X712_S.1.M",0.369704296365008,2014,"Bog","0-9",2012,"Bog","0-9",2012
"X714_S1_5.9","X712_S.1.M",0.652541535221656,2014,"Bog","0-9",2012,"Bog","0-9",2012
"X714_S2_1.5","X712_S.1.M",0.482452426944728,2014,"Bog","0-9",2012,"Bog","0-9",2012
"X714_S2_5.9","X712_S.1.M",0.584116391241045,2014,"Bog","0-9",2012,"Bog","0-9",2012
"X714_S3_1.5","X712_S.1.M",0.780432003943991,2014,"Bog","0-9",2012,"Bog","0-9",2012
"X714_S3_5.9","X712_S.1.M",0.623709139078037,2014,"Bog","0-9",2012,"Bog","0-9",2012
"X715_S1_1.5","X712_S.1.M",0.393829665202131,2015,"Bog","0-9",2012,"Bog","0-9",2012
"X716_S1_1.5","X712_S.1.M",0.626836178480854,2016,"Bog","0-9",2012,"Bog","0-9",2012
"X716_S2_1.5","X712_S.1.M",0.805857244119855,2016,"Bog","0-9",2012,"Bog","0-9",2012
"X717_S2_1.5","X712_S.1.M",0.531325209358211,2017,"Bog","0-9",2012,"Bog","0-9",2012
"X717_S3_1.5","X712_S.1.M",0.665878868918681,2017,"Bog","0-9",2012,"Bog","0-9",2012
"X713_S.1.X1","X712_S.1.X",0.453879751730145,2013,"Bog","30-39",2012,"Bog","30-39",2012
"X713_S.3.X1","X712_S.1.X",0.723292587787377,2013,"Bog","30-39",2012,"Bog","30-39",2012
"X714_S1_30.34","X712_S.1.X",0.19537412967128,2014,"Bog","30-39",2012,"Bog","30-39",2012
"X714_S3_30.34","X712_S.1.X",0.634341461563933,2014,"Bog","30-39",2012,"Bog","30-39",2012
"X715_S1_30.34","X712_S.1.X",0.572296353636234,2015,"Bog","30-39",2012,"Bog","30-39",2012
"X715_S2_30.34","X712_S.1.X",0.235113610054065,2015,"Bog","30-39",2012,"Bog","30-39",2012
"X715_S3_30.34","X712_S.1.X",0.354875465325967,2015,"Bog","30-39",2012,"Bog","30-39",2012
"X716_S1_30.34","X712_S.1.X",0.572757551545235,2016,"Bog","30-39",2012,"Bog","30-39",2012
"X716_S2_30.34","X712_S.1.X",0.548630603779391,2016,"Bog","30-39",2012,"Bog","30-39",2012
"X716_S3_30.34","X712_S.1.X",0.343741013028983,2016,"Bog","30-39",2012,"Bog","30-39",2012
"X717_S2_30.34","X712_S.1.X",0.575228793170024,2017,"Bog","30-39",2012,"Bog","30-39",2012
"X713_S.1.X1","X712_S.2.X",0.322483061209766,2013,"Bog","30-39",2012,"Bog","30-39",2012
"X713_S.3.X1","X712_S.2.X",0.675453994750113,2013,"Bog","30-39",2012,"Bog","30-39",2012
"X714_S1_30.34","X712_S.2.X",0.314707540558933,2014,"Bog","30-39",2012,"Bog","30-39",2012
"X714_S3_30.34","X712_S.2.X",0.566030781559021,2014,"Bog","30-39",2012,"Bog","30-39",2012
"X715_S1_30.34","X712_S.2.X",0.440668836553048,2015,"Bog","30-39",2012,"Bog","30-39",2012
"X715_S2_30.34","X712_S.2.X",0.361392387033662,2015,"Bog","30-39",2012,"Bog","30-39",2012
"X715_S3_30.34","X712_S.2.X",0.32646908963034,2015,"Bog","30-39",2012,"Bog","30-39",2012
"X716_S1_30.34","X712_S.2.X",0.508797529373231,2016,"Bog","30-39",2012,"Bog","30-39",2012
"X716_S2_30.34","X712_S.2.X",0.4314094480851,2016,"Bog","30-39",2012,"Bog","30-39",2012
"X716_S3_30.34","X712_S.2.X",0.480039986356241,2016,"Bog","30-39",2012,"Bog","30-39",2012
"X717_S2_30.34","X712_S.2.X",0.46104813683063,2017,"Bog","30-39",2012,"Bog","30-39",2012
"X711_S.1.S","X712_S.3.S",0.295172340679983,2011,"Bog","0-9",2012,"Bog","0-9",2012
"X713_S.1.S","X712_S.3.S",0.680734710953358,2013,"Bog","0-9",2012,"Bog","0-9",2012
"X713_S.1.M","X712_S.3.S",0.885497534518062,2013,"Bog","0-9",2012,"Bog","0-9",2012
"X713_S.2.S","X712_S.3.S",0.688639919633049,2013,"Bog","0-9",2012,"Bog","0-9",2012
"X713_S.2.M","X712_S.3.S",0.936557615720359,2013,"Bog","0-9",2012,"Bog","0-9",2012
"X713_S.3.S","X712_S.3.S",0.492103967172236,2013,"Bog","0-9",2012,"Bog","0-9",2012
"X713_S.3.M","X712_S.3.S",0.82441622808967,2013,"Bog","0-9",2012,"Bog","0-9",2012
"X714_S1_1.5","X712_S.3.S",0.660633252371545,2014,"Bog","0-9",2012,"Bog","0-9",2012
"X714_S1_5.9","X712_S.3.S",0.887523892896347,2014,"Bog","0-9",2012,"Bog","0-9",2012
"X714_S2_1.5","X712_S.3.S",0.610352885622669,2014,"Bog","0-9",2012,"Bog","0-9",2012
"X714_S2_5.9","X712_S.3.S",0.810015463950226,2014,"Bog","0-9",2012,"Bog","0-9",2012
"X714_S3_1.5","X712_S.3.S",0.509066254247001,2014,"Bog","0-9",2012,"Bog","0-9",2012
"X714_S3_5.9","X712_S.3.S",0.738374145667778,2014,"Bog","0-9",2012,"Bog","0-9",2012
"X715_S1_1.5","X712_S.3.S",0.652889088126261,2015,"Bog","0-9",2012,"Bog","0-9",2012
"X716_S1_1.5","X712_S.3.S",0.58615609643217,2016,"Bog","0-9",2012,"Bog","0-9",2012
"X716_S2_1.5","X712_S.3.S",0.455509123021435,2016,"Bog","0-9",2012,"Bog","0-9",2012
"X717_S2_1.5","X712_S.3.S",0.476368207456768,2017,"Bog","0-9",2012,"Bog","0-9",2012
"X717_S3_1.5","X712_S.3.S",0.587318122076765,2017,"Bog","0-9",2012,"Bog","0-9",2012
"X713_S.1.X1","X712_S.3.X",0.522682910113226,2013,"Bog","30-39",2012,"Bog","30-39",2012
"X713_S.3.X1","X712_S.3.X",0.382964398338863,2013,"Bog","30-39",2012,"Bog","30-39",2012
"X714_S1_30.34","X712_S.3.X",0.665711006772654,2014,"Bog","30-39",2012,"Bog","30-39",2012
"X714_S3_30.34","X712_S.3.X",0.421708271571913,2014,"Bog","30-39",2012,"Bog","30-39",2012
"X715_S1_30.34","X712_S.3.X",0.474230286997875,2015,"Bog","30-39",2012,"Bog","30-39",2012
"X715_S2_30.34","X712_S.3.X",0.645491415858911,2015,"Bog","30-39",2012,"Bog","30-39",2012
"X715_S3_30.34","X712_S.3.X",0.555013104885691,2015,"Bog","30-39",2012,"Bog","30-39",2012
"X716_S1_30.34","X712_S.3.X",0.408636473193219,2016,"Bog","30-39",2012,"Bog","30-39",2012
"X716_S2_30.34","X712_S.3.X",0.527161911129293,2016,"Bog","30-39",2012,"Bog","30-39",2012
"X716_S3_30.34","X712_S.3.X",0.643831761258809,2016,"Bog","30-39",2012,"Bog","30-39",2012
"X717_S2_30.34","X712_S.3.X",0.495873276085191,2017,"Bog","30-39",2012,"Bog","30-39",2012
"X715_E3_10.14","X713_E.1.D",0.576494966268521,2015,"Fen","10-19",2013,"Fen","10-19",2013
"X716_E1_10.14","X713_E.1.D",0.40707080408056,2016,"Fen","10-19",2013,"Fen","10-19",2013
"X716_E3_10.14","X713_E.1.D",0.439467775206744,2016,"Fen","10-19",2013,"Fen","10-19",2013
"X717_E2_10.14","X713_E.1.D",0.592990933005548,2017,"Fen","10-19",2013,"Fen","10-19",2013
"X717_E3_10.14","X713_E.1.D",0.567625624602829,2017,"Fen","10-19",2013,"Fen","10-19",2013
"X714_E1_30.34","X713_E.1.X1",0.859735667118134,2014,"Fen","30-39",2013,"Fen","30-39",2013
"X715_E2_30.34","X713_E.1.X1",0.842323167311281,2015,"Fen","30-39",2013,"Fen","30-39",2013
"X715_E3_30.34","X713_E.1.X1",0.846426290202432,2015,"Fen","30-39",2013,"Fen","30-39",2013
"X716_E1_30.34","X713_E.1.X1",0.835894260591908,2016,"Fen","30-39",2013,"Fen","30-39",2013
"X716_E3_30.34","X713_E.1.X1",0.842180574385663,2016,"Fen","30-39",2013,"Fen","30-39",2013
"X717_E3_30.34","X713_E.1.X1",0.867496351326925,2017,"Fen","30-39",2013,"Fen","30-39",2013
"X715_E3_10.14","X713_E.2.D",0.457328753109196,2015,"Fen","10-19",2013,"Fen","10-19",2013
"X716_E1_10.14","X713_E.2.D",0.301379227390739,2016,"Fen","10-19",2013,"Fen","10-19",2013
"X716_E3_10.14","X713_E.2.D",0.242290806609738,2016,"Fen","10-19",2013,"Fen","10-19",2013
"X717_E2_10.14","X713_E.2.D",0.358512191082173,2017,"Fen","10-19",2013,"Fen","10-19",2013
"X717_E3_10.14","X713_E.2.D",0.278850868476752,2017,"Fen","10-19",2013,"Fen","10-19",2013
"X714_E1_30.34","X713_E.2.X1",0.789349843448974,2014,"Fen","30-39",2013,"Fen","30-39",2013
"X715_E2_30.34","X713_E.2.X1",0.786388666515558,2015,"Fen","30-39",2013,"Fen","30-39",2013
"X715_E3_30.34","X713_E.2.X1",0.79592764205896,2015,"Fen","30-39",2013,"Fen","30-39",2013
"X716_E1_30.34","X713_E.2.X1",0.775906508612492,2016,"Fen","30-39",2013,"Fen","30-39",2013
"X716_E3_30.34","X713_E.2.X1",0.801384931415607,2016,"Fen","30-39",2013,"Fen","30-39",2013
"X717_E3_30.34","X713_E.2.X1",0.824323503719032,2017,"Fen","30-39",2013,"Fen","30-39",2013
"X715_E3_10.14","X713_E.3.D",0.839489278968691,2015,"Fen","10-19",2013,"Fen","10-19",2013
"X716_E1_10.14","X713_E.3.D",0.820465067947883,2016,"Fen","10-19",2013,"Fen","10-19",2013
"X716_E3_10.14","X713_E.3.D",0.833781363352788,2016,"Fen","10-19",2013,"Fen","10-19",2013
"X717_E2_10.14","X713_E.3.D",0.830815128298905,2017,"Fen","10-19",2013,"Fen","10-19",2013
"X717_E3_10.14","X713_E.3.D",0.833159277369954,2017,"Fen","10-19",2013,"Fen","10-19",2013
"X714_E1_30.34","X713_E.3.X1",0.889952160653768,2014,"Fen","30-39",2013,"Fen","30-39",2013
"X715_E2_30.34","X713_E.3.X1",0.89287724550148,2015,"Fen","30-39",2013,"Fen","30-39",2013
"X715_E3_30.34","X713_E.3.X1",0.893307755801184,2015,"Fen","30-39",2013,"Fen","30-39",2013
"X716_E1_30.34","X713_E.3.X1",0.89188879071845,2016,"Fen","30-39",2013,"Fen","30-39",2013
"X716_E3_30.34","X713_E.3.X1",0.897123907700031,2016,"Fen","30-39",2013,"Fen","30-39",2013
"X717_E3_30.34","X713_E.3.X1",0.902107351888593,2017,"Fen","30-39",2013,"Fen","30-39",2013
"X711_S.2.D","X713_S.1.X0",0.445769158657396,2011,"Bog","20-29",2013,"Bog","20-29",2013
"X714_S1_20.24","X713_S.1.X0",0.375310392109732,2014,"Bog","20-29",2013,"Bog","20-29",2013
"X714_S2_20.24","X713_S.1.X0",0.371320307017938,2014,"Bog","20-29",2013,"Bog","20-29",2013
"X714_S3_20.24","X713_S.1.X0",0.649621031059594,2014,"Bog","20-29",2013,"Bog","20-29",2013
"X715_S1_20.24","X713_S.1.X0",0.393815225968174,2015,"Bog","20-29",2013,"Bog","20-29",2013
"X715_S2_20.24","X713_S.1.X0",0.499612155630841,2015,"Bog","20-29",2013,"Bog","20-29",2013
"X715_S3_20.24","X713_S.1.X0",0.367614863464327,2015,"Bog","20-29",2013,"Bog","20-29",2013
"X716_S1_20.24","X713_S.1.X0",0.375914227012675,2016,"Bog","20-29",2013,"Bog","20-29",2013
"X716_S2_20.24","X713_S.1.X0",0.491376982287307,2016,"Bog","20-29",2013,"Bog","20-29",2013
"X716_S3_20.24","X713_S.1.X0",0.374589368973871,2016,"Bog","20-29",2013,"Bog","20-29",2013
"X717_S2_20.24","X713_S.1.X0",0.500601851738973,2017,"Bog","20-29",2013,"Bog","20-29",2013
"X717_S3_20.24","X713_S.1.X0",0.517509546094318,2017,"Bog","20-29",2013,"Bog","20-29",2013
"X711_S.2.D","X713_S.2.X0",0.356531721971489,2011,"Bog","20-29",2013,"Bog","20-29",2013
"X714_S1_20.24","X713_S.2.X0",0.368898822463569,2014,"Bog","20-29",2013,"Bog","20-29",2013
"X714_S2_20.24","X713_S.2.X0",0.548528894477926,2014,"Bog","20-29",2013,"Bog","20-29",2013
"X714_S3_20.24","X713_S.2.X0",0.805318842416978,2014,"Bog","20-29",2013,"Bog","20-29",2013
"X715_S1_20.24","X713_S.2.X0",0.472788048302689,2015,"Bog","20-29",2013,"Bog","20-29",2013
"X715_S2_20.24","X713_S.2.X0",0.576965424034653,2015,"Bog","20-29",2013,"Bog","20-29",2013
"X715_S3_20.24","X713_S.2.X0",0.352438585792258,2015,"Bog","20-29",2013,"Bog","20-29",2013
"X716_S1_20.24","X713_S.2.X0",0.656580517286903,2016,"Bog","20-29",2013,"Bog","20-29",2013
"X716_S2_20.24","X713_S.2.X0",0.695552009095455,2016,"Bog","20-29",2013,"Bog","20-29",2013
"X716_S3_20.24","X713_S.2.X0",0.648624670355638,2016,"Bog","20-29",2013,"Bog","20-29",2013
"X717_S2_20.24","X713_S.2.X0",0.746353610224614,2017,"Bog","20-29",2013,"Bog","20-29",2013
"X717_S3_20.24","X713_S.2.X0",0.306993044271165,2017,"Bog","20-29",2013,"Bog","20-29",2013
"X711_S.2.D","X713_S.3.X0",0.610606850101779,2011,"Bog","20-29",2013,"Bog","20-29",2013
"X714_S1_20.24","X713_S.3.X0",0.605082015832451,2014,"Bog","20-29",2013,"Bog","20-29",2013
"X714_S2_20.24","X713_S.3.X0",0.413071044831423,2014,"Bog","20-29",2013,"Bog","20-29",2013
"X714_S3_20.24","X713_S.3.X0",0.36351657290542,2014,"Bog","20-29",2013,"Bog","20-29",2013
"X715_S1_20.24","X713_S.3.X0",0.555921634427482,2015,"Bog","20-29",2013,"Bog","20-29",2013
"X715_S2_20.24","X713_S.3.X0",0.398187444457893,2015,"Bog","20-29",2013,"Bog","20-29",2013
"X715_S3_20.24","X713_S.3.X0",0.55928006019313,2015,"Bog","20-29",2013,"Bog","20-29",2013
"X716_S1_20.24","X713_S.3.X0",0.554249663469005,2016,"Bog","20-29",2013,"Bog","20-29",2013
"X716_S2_20.24","X713_S.3.X0",0.512560628062445,2016,"Bog","20-29",2013,"Bog","20-29",2013
"X716_S3_20.24","X713_S.3.X0",0.591551735281634,2016,"Bog","20-29",2013,"Bog","20-29",2013
"X717_S2_20.24","X713_S.3.X0",0.524392794231792,2017,"Bog","20-29",2013,"Bog","20-29",2013
"X717_S3_20.24","X713_S.3.X0",0.728985818927448,2017,"Bog","20-29",2013,"Bog","20-29",2013
"X711_P.3.M","X715_P1_20.24",0.756215677768951,2011,"Palsa","20-29",2015,"Palsa","20-29",2015
"X714_P1_20.24","X715_P1_20.24",0.988410943225192,2014,"Palsa","20-29",2015,"Palsa","20-29",2015
"X716_P2_20.24","X715_P1_20.24",0.896761879995701,2016,"Palsa","20-29",2015,"Palsa","20-29",2015
"X716_P3_20.24","X715_P1_20.24",0.786011925354024,2016,"Palsa","20-29",2015,"Palsa","20-29",2015
"X717_P1_20.24","X715_P1_20.24",0.9075070299597,2017,"Palsa","20-29",2015,"Palsa","20-29",2015
"X717_P2_20.24","X715_P1_20.24",0.978036784983227,2017,"Palsa","20-29",2015,"Palsa","20-29",2015
"X717_P3_20.24","X715_P1_20.24",0.863647530463172,2017,"Palsa","20-29",2015,"Palsa","20-29",2015
"X711_P.3.M","X715_P2_20.24",0.631503349572363,2011,"Palsa","20-29",2015,"Palsa","20-29",2015
"X714_P1_20.24","X715_P2_20.24",0.957701155365176,2014,"Palsa","20-29",2015,"Palsa","20-29",2015
"X716_P2_20.24","X715_P2_20.24",0.490277485704707,2016,"Palsa","20-29",2015,"Palsa","20-29",2015
"X716_P3_20.24","X715_P2_20.24",0.563287011152518,2016,"Palsa","20-29",2015,"Palsa","20-29",2015
"X717_P1_20.24","X715_P2_20.24",0.463389496511854,2017,"Palsa","20-29",2015,"Palsa","20-29",2015
"X717_P2_20.24","X715_P2_20.24",0.841144978150612,2017,"Palsa","20-29",2015,"Palsa","20-29",2015
"X717_P3_20.24","X715_P2_20.24",0.707929008274662,2017,"Palsa","20-29",2015,"Palsa","20-29",2015
"X711_P.3.M","X715_P3_20.24",0.520804073509406,2011,"Palsa","20-29",2015,"Palsa","20-29",2015
"X714_P1_20.24","X715_P3_20.24",0.986983880377999,2014,"Palsa","20-29",2015,"Palsa","20-29",2015
"X716_P2_20.24","X715_P3_20.24",0.83991867002156,2016,"Palsa","20-29",2015,"Palsa","20-29",2015
"X716_P3_20.24","X715_P3_20.24",0.657172656002583,2016,"Palsa","20-29",2015,"Palsa","20-29",2015
"X717_P1_20.24","X715_P3_20.24",0.890418491632801,2017,"Palsa","20-29",2015,"Palsa","20-29",2015
"X717_P2_20.24","X715_P3_20.24",0.970972410305539,2017,"Palsa","20-29",2015,"Palsa","20-29",2015
"X717_P3_20.24","X715_P3_20.24",0.750018593616942,2017,"Palsa","20-29",2015,"Palsa","20-29",2015
