"","MEblue","MEgreen","MElightyellow","MEgrey60","MEturquoise","MEyellow","MEtan","MEcyan","MEmagenta","MElightgreen","MEpurple","MEbrown","MEred","MEmidnightblue","MEblack","MEpink","MEroyalblue","MEdarkred","MElightcyan","MEgreenyellow","MEsalmon","MEgrey"
"711_E-1-D",-0.00498067281908865,0.0374965438244561,-0.0238802352021117,0.0257566818418076,0.147432072986052,-0.0318833663429754,-0.0259950021397426,-0.0180890712149446,-0.0235050248967934,-0.0091309289382332,-0.015703911663551,-0.0365780453767439,-0.0278307045909565,-0.0344761203083637,-0.0237125027873209,-0.031417162153278,-0.0220791520601362,-0.024455512936765,-0.00824549817870241,-0.0320464861210969,-0.0303514496774225,-0.00798997416800194
"711_E-1-M",-0.00768616882374884,0.156563639166562,0.0916290071648649,0.119448377108045,0.117454423146689,-0.0231437364399687,-0.024121834887296,-0.0180890712149448,-0.0235050248967928,-0.0235345183163897,-0.0304418880960313,-0.0480642133262604,-0.032305836527153,-0.0344761203083636,-0.0237125027873207,-0.0314171621532781,-0.0191216920786629,-0.0244555129367649,-0.00346722265577972,-0.0320464861210966,-0.0268021357916965,-0.0246161163595986
"711_E-1-S",-0.00877217708488039,0.152769046821007,0.198682033748943,0.145969102307981,0.0678172959227522,-0.0237275520642606,-0.0244639571400186,-0.0180890712149448,-0.0235050248967928,-0.038486134296747,-0.0437902418515236,-0.0517873581639961,-0.0422222340850951,-0.0344761203083635,-0.0237125027873209,-0.0314171621532781,-0.0159497937569161,-0.024455512936765,-0.00537638413832136,-0.0320464861210968,-0.0303514496774223,-0.0414569429607712
"711_E-2-D",0.00301918809100912,0.0218853880464084,-0.0242419876829783,0.0626669408329608,0.134272095345779,-0.0350996884643977,-0.0251291568341254,-0.0180890712149448,-0.0235050248967929,-0.00193402542951415,-0.0268001814181665,-0.0396911055538486,-0.0400887617606596,-0.0344761203083635,-0.0237125027873208,-0.0314171621532781,-0.00649469892951009,-0.0244555129367649,-0.00780318533361458,-0.0320464861210968,-0.0288325105954893,-0.0121237200800493
"711_E-2-M",-0.00281010295460919,0.113541600346356,-0.0162453012573717,-0.00556384996831362,0.142268648804911,-0.0240141010353619,-0.0210024757244946,-0.0180890712149448,-0.0235050248967929,0.000401538176717921,0.00367225918204116,-0.0386153631709843,-0.0142384028770577,-0.0344761203083635,-0.0237125027873208,-0.0314171621532782,-0.00919336470532971,-0.0221347843390887,-0.0065238696631791,-0.0320464861210967,-0.0215287395819665,0.0290382626017477
"711_E-2-S",-0.00288731762739152,0.18116918991615,0.0491522312875873,0.022783818789013,0.0983346187633392,-0.0302856514269491,-0.0259950021397423,-0.0180890712149448,-0.0235050248967929,-0.0245841827036444,-0.0450203210153457,-0.048366000648026,-0.0345078267583271,-0.0344761203083635,-0.0237125027873208,-0.0314171621532782,-0.0127197154105913,-0.0217639747411897,0.00413856134377844,-0.0320464861210967,-0.0279757067240098,-0.0221974549693958
"711_E-3-D",0.0108773077941922,0.0696759018518693,0.0398918275736475,0.189304117242402,0.119158085271383,-0.0350996884643977,-0.0249163310863701,-0.0180890712149448,-0.0235050248967929,-0.0148131819596601,-0.0388086349038629,-0.0456883827204843,-0.0392346205522113,-0.0344761203083635,-0.0237125027873208,-0.0314171621532782,-0.0136490038281245,-0.024455512936765,-0.00742878541164903,-0.0320464861210967,-0.0303514496774223,-0.0146538142555001
"711_E-3-M",-0.00668504935416722,0.150115892676308,0.0305394526223,0.0640012615885807,0.141829670349327,-0.0316692550674554,-0.0259950021397423,-0.0180890712149448,-0.0235050248967929,-0.0417135075836422,-0.0393973248976874,-0.048908489775917,-0.0406211611878785,-0.0344761203083636,-0.0237125027873208,-0.0314171621532782,-0.0161413190741153,-0.024455512936765,-0.00452182957898132,-0.0320464861210968,-0.0303514496774223,0.0286508553298097
"711_E-3-S",-0.00501313616309832,0.191122554389985,0.113371568371674,0.121902078557702,0.0840129115640883,-0.0338616838112301,-0.0259950021397423,-0.0180890712149448,-0.0235050248967929,-0.0404162994169463,-0.0464873289925904,-0.0515901139763552,-0.043781852871782,-0.0344761203083636,-0.0237125027873207,-0.0314171621532782,-0.0151562917578257,-0.024455512936765,-0.00391713490556155,-0.0320464861210967,-0.0303514496774223,-0.019019598994242
"711_P-1-D",-0.0246195532355021,-0.0361431158972416,-0.025704912477019,-0.0372768076792773,-0.0465102154061281,-0.0350996884643977,-0.0259950021397423,-0.0180890712149448,-0.0235050248967929,-0.0438943702752033,-0.0465667902035997,-0.0525198664644027,-0.047397402786677,-0.0285219776358491,-0.0237125027873207,-0.0314171621532781,0.120988920951142,0.212932962016079,0.594982537015315,-0.0288512686143561,0.0244024444337322,-0.0416751033255519
"711_P-1-M",-0.0276837499421227,-0.0413751452568413,-0.025704912477019,-0.0372768076792773,-0.0481613592858947,-0.0313447103880962,-0.0160442693560054,-0.0149527469969158,-0.023505024896793,-0.0447566833645946,-0.0530292137043786,-0.0515008606256663,-0.0453010927080036,0.0996674755076681,-0.0127825225570266,0.0144652762761363,-0.0220791520601361,0.0282960405955119,-0.0145331660822606,0.259321829073432,0.0351944575621615,-0.0409353699974286
"711_P-1-S",-0.0276837499421227,-0.0413751452568413,-0.025704912477019,-0.0372768076792774,-0.0481613592858948,-0.0345612306521066,-0.0156624449632244,-0.0180890712149448,-0.0215598747444952,-0.0468548228200708,-0.0523077223340277,-0.0525198664644027,-0.0473974027866771,0.106686816853025,0.267532265162638,0.207586396200079,-0.0220791520601361,-0.0225844256408284,-0.0219069717513423,-0.0158811096373694,-0.0269512079600413,-0.0409353699974286
"711_P-2-D",-0.0132863969008326,-0.0308576471493738,-0.025704912477019,-0.0372768076792773,-0.0385662235079041,-0.0317449590751625,-0.0259950021397423,-0.0180890712149448,-0.0218044367129979,-0.00637140292215183,-0.0316874339594749,-0.035493586441788,-0.0397756037316174,-0.0330613675867582,-0.0237125027873208,-0.0303236008827842,0.321778382477558,0.311740955457955,0.19882268405919,-0.0207996411822307,0.116224183689623,0.0188700305958639
"711_P-2-M",-0.0276837499421227,-0.0413751452568413,-0.025704912477019,-0.0372768076792773,-0.0481613592858948,-0.0342663644692759,-0.0216541871745939,-0.0180890712149448,-0.0235050248967929,-0.043989917045736,-0.0527019031884056,-0.0522607502691779,-0.0427599552905716,0.111906566435762,-0.0121054424018499,0.0142746721833052,-0.0220791520601361,0.0162961821043189,-0.0219069717513423,0.25285205809202,0.0610403989894686,-0.10821629567856
"711_P-2-S",-0.0276837499421227,-0.0413751452568414,-0.025704912477019,-0.0372768076792773,-0.0481613592858948,-0.0350996884643977,-0.0130728383977259,-0.0180890712149448,-0.0235050248967929,-0.0468548228200708,-0.0522933283321091,-0.0525198664644027,-0.0473974027866771,0.120508494386004,0.108037585603308,0.233803898634789,-0.0220791520601362,-0.0196502246906151,-0.0219069717513423,-0.00427894127340188,-0.0229049060168291,-0.0781114855738365
"711_P-3-D",-0.0269778098201476,-0.0413751452568413,-0.025704912477019,-0.0372768076792773,-0.0475594256570915,-0.0227253269009973,-0.00585657723447186,-0.0180890712149448,-0.0032475810675316,-0.0196296562695259,-0.049610428116162,-0.0381200643564636,-0.0327562716612667,-0.025881868215401,-0.0229077254719821,-0.0278527513190833,0.0413024940696237,0.143203747278574,-0.00574326065105543,0.0619456458148103,0.362856001621992,-0.0409353699974286
"711_P-3-M",-0.0276837499421227,-0.0413751452568413,-0.025704912477019,-0.0372768076792773,-0.0481613592858948,-0.0311285767340981,-0.0232977888593164,-0.0180890712149448,-0.0235050248967929,-0.0445309750783969,-0.0530292137043787,-0.0521768784881919,-0.0452669753600911,0.197500087475647,0.00121432668258942,0.0483522960857887,-0.0220791520601361,0.0118660347437875,-0.0219069717513423,0.216884219852659,0.00447086056230477,-0.0409353699974286
"711_P-3-S",-0.0276837499421227,-0.0413751452568413,-0.025704912477019,-0.0372768076792773,-0.0481613592858948,-0.0350996884643977,-0.00883223473503284,-0.0180890712149448,-0.0213339583970316,-0.0468548228200708,-0.0519840908924316,-0.0525198664644027,-0.04661257896483,0.0723377235701134,0.354671037285522,0.1564338797529,-0.0220791520601361,-0.024455512936765,-0.0219069717513423,-0.0189028523548533,-0.026143289882242,-0.0409353699974286
"711_S-1-D",-0.0271594918538603,-0.0413751452568413,-0.025704912477019,-0.0372768076792773,-0.0430646642499608,0.0473917058389099,-0.0208072548715726,-0.0180890712149448,-0.0196348906359244,-0.0364003577097471,0.029811932991591,0.106852494351862,0.125144115147682,-0.0344761203083635,-0.0237125027873208,-0.0314171621532782,-0.0201521596885979,-0.024455512936765,-0.0219069717513423,-0.0320464861210967,-0.0176416541169072,-0.0409353699974286
"711_S-1-M",-0.0276837499421227,-0.0413751452568413,-0.025704912477019,-0.0372768076792773,-0.0421203718029464,0.16412713738251,-0.00180616610387899,-0.0125527776643448,0.025512109595211,-0.0436363400914095,-0.013944049654335,0.0931066499521931,0.193630204800006,-0.0344761203083636,-0.0237125027873208,-0.030964387259289,-0.016241669669191,-0.0221084176851449,-0.0219069717513423,-0.0320464861210967,-0.0232928408878285,0.00889266846070139
"711_S-1-S",-0.0276837499421227,-0.0413751452568413,-0.025704912477019,-0.0372768076792773,-0.0481613592858948,0.0431773525780601,0.208956164482126,0.389220402062774,0.336227973471996,-0.0468548228200708,-0.0506406491697103,-0.0432595886224094,-0.0261496998597312,-0.028882657283387,-0.00658333905971671,-0.0227592060543297,-0.0208342232664817,-0.020283274785513,-0.0219069717513423,-0.0312289238418152,-0.0262787442457602,-0.0409353699974286
"711_S-2-D",-0.0224115290511758,-0.040334716833258,-0.025704912477019,-0.0372768076792773,-0.0267319355051536,-0.030145286412089,-0.0255015064391735,-0.0180890712149448,-0.0235050248967929,0.247397513214307,0.162294170290928,0.0596770049435104,0.009074945629418,-0.0344761203083635,-0.0237125027873208,-0.0283840060142595,-0.0160528746154665,-0.022804159245613,-0.0175101370320922,-0.0280009291561899,-0.025354397091879,0.066247922201378
"711_S-2-M",-0.0233431693531405,-0.0413751452568413,-0.025704912477019,-0.0372768076792773,-0.0273020281044424,0.00696392562382014,-0.0207747069312789,-0.0163139293885916,-0.0207820842390661,0.0782361895899138,0.170441036589847,0.102093405370101,0.0921580311522215,-0.0344761203083635,-0.0237125027873208,-0.0314171621532781,-0.0113894971540945,-0.024455512936765,-0.0193813500019298,-0.0306791913778649,-0.0290699976683417,0.131601162748469
"711_S-3-M",-0.0268652755006076,-0.0413751452568413,-0.025704912477019,-0.0372768076792773,-0.0420758320322717,0.0294838369701252,-0.0117574462576104,-0.0164137338660352,-0.0208403347551963,-0.00787084172049021,0.0782498925663571,0.139507972507221,0.107007053132239,-0.033855674604378,-0.0237125027873208,-0.0314171621532782,-0.0220791520601361,-0.024455512936765,-0.0219069717513423,-0.0247766535255328,-0.0141937449973568,-0.0409353699974286
"712_E-1-D",0.0237324074783882,-0.00933439504530157,-0.025704912477019,-0.00271363312687819,0.115779910504536,-0.0315696628346326,-0.0254210464653816,-0.0180890712149448,-0.0235050248967929,0.0137513299163835,0.00950968164868828,0.00297024611323872,-0.0175012412867634,-0.0344761203083636,-0.0237125027873208,-0.0314171621532781,-0.0027189850037775,-0.0235760190838839,-0.00813286968560672,-0.0298861065567443,-0.0287519765033796,0.210454837623831
"712_E-1-M",-0.0101497209632486,0.0933535522432941,-0.0220704413933534,-0.0122454985064037,0.210910989765043,-0.0272731220286962,-0.0259950021397423,-0.0180890712149448,-0.0235050248967929,-0.0382729542982484,0.00344629083803244,-0.0358887271135522,-0.00128424235028061,-0.0344761203083635,-0.0237125027873208,-0.0314171621532782,-0.0175447481201014,-0.024455512936765,-0.00954169249903237,-0.0320464861210967,-0.0303514496774223,0.21994559472073
"712_E-1-X",0.219956691428742,-0.0143449612376728,-0.025704912477019,-0.0231838546612958,-0.0138399483055207,-0.0350996884643977,-0.0259950021397423,-0.0180890712149448,-0.0235050248967929,-0.00367452960348214,-0.0229135162703085,-0.0344423982961482,-0.0436887164217982,-0.0344761203083636,-0.0237125027873208,-0.0314171621532781,0.178823667353467,0.0182812571188214,0.104223227152511,-0.0298607843395005,-0.0155565350965429,0.17251673469992
"712_E-2-D",0.0131472466083807,0.0436982079958558,0.00261177947846625,0.151302313236928,0.127751092361662,-0.0344723439808371,-0.0251087001221908,-0.0180890712149448,-0.0235050248967929,-0.00522140729276291,-0.0270768459165855,-0.0422789567826969,-0.0418488670958392,-0.0344761203083635,-0.0237125027873208,-0.0314171621532781,-0.00658298931310506,-0.024455512936765,-0.00662579437357101,-0.0320464861210967,-0.0293198923231516,-0.00975663644157951
"712_E-2-M",0.000943859409840676,0.167162130660351,0.0815930862159325,0.027644670806368,0.0986425149494925,-0.0331980691294219,-0.0243912301024422,-0.0180890712149448,-0.0235050248967929,-0.0243118813962651,-0.0389007657749392,-0.0496373234902084,-0.0384186371468206,-0.0344761203083635,-0.0237125027873208,-0.0314171621532782,-0.00905838189452901,-0.024455512936765,0.00534892137507298,-0.0320464861210967,-0.0303514496774223,-0.0189577714686274
"712_E-2-S",-0.00440946491919947,0.13034834683308,0.0802142564455851,0.0302811244343455,0.140306784798449,-0.0312036976814118,-0.0259950021397423,-0.0180890712149448,-0.0235050248967929,-0.0124680780953647,-0.031452288451471,-0.0430399689614705,-0.033975830110162,-0.0344761203083635,-0.0237125027873208,-0.0314171621532781,-0.0116249995915057,-0.024455512936765,-0.0121172116304665,-0.0320464861210967,-0.0276291866085193,0.0367925851222143
"712_E-2-X",-0.00661343289998014,0.183960243607912,0.355939938475716,0.132476877311712,0.0309734947049882,-0.0350996884643977,-0.0259950021397423,-0.0180890712149448,-0.0235050248967929,-0.0419497167078132,-0.050709516961322,-0.051638953989479,-0.0473974027866771,-0.0344761203083635,-0.0237125027873208,-0.0314171621532781,-0.0186131502862481,-0.024455512936765,-0.00627579487903057,-0.0320464861210967,-0.0303514496774223,-0.0413617763772814
"712_E-3-D",0.0146789959424171,0.0392042642767662,0.0110338083126757,0.183601790940795,0.116655465075046,-0.0350996884643977,-0.0248708442523807,-0.0180890712149448,-0.0235050248967929,-0.0135822646951998,-0.0349133496403263,-0.0435695236222426,-0.0434259375875832,-0.0344761203083635,-0.0237125027873208,-0.0314171621532782,-0.0148454241849034,-0.024455512936765,-0.0100939857497776,-0.0320464861210967,-0.0297717785469702,-0.0143594458635674
"712_E-3-M",-0.00368265916799057,0.178841397262734,0.367069117668605,0.17546818249855,0.0115838424645815,-0.0350996884643977,-0.0259950021397423,-0.0180890712149448,-0.0235050248967929,-0.0468548228200708,-0.0485369818706341,-0.0516407219872715,-0.0473974027866771,-0.0344761203083635,-0.0237125027873208,-0.0314171621532781,-0.0185330052922603,-0.024455512936765,-0.00949972504231894,-0.0320464861210967,-0.0303514496774223,-0.0409353699974286
"712_E-3-S",0.0285069490310581,0.0578265255125881,0.178441333690988,0.22324454180945,0.0676090714799456,-0.0350996884643977,-0.0259950021397423,-0.0180890712149448,-0.019333041383986,-0.0279747547423281,-0.0505801802644767,-0.0497320978064573,-0.0473974027866771,-0.0344761203083635,-0.0237125027873208,-0.0314171621532781,-0.0220791520601361,-0.024455512936765,-0.0168874992942023,-0.0320464861210967,-0.0303514496774223,-0.0248428424742157
"712_E-3-X",0.244013679294629,-0.00904818655802061,-0.025704912477019,0.00680886536031868,0.00415256680573645,-0.0350996884643977,-0.0254872478094597,-0.0180890712149448,-0.0235050248967929,-0.0193244392983297,-0.0258550409995298,-0.0399979242591691,-0.0374294361319484,-0.0338619705099955,-0.0237125027873208,-0.0302715389719241,0.00619685688551881,-0.0183263195941425,0.00768949418195071,-0.0291974781666742,-0.0295861931078775,0.108002398118217
"712_P-1-D",-0.0245918853326935,-0.0413751452568413,-0.025704912477019,-0.0372768076792773,-0.046767366894315,-0.0183021059328211,-0.0205567373043176,-0.0162103951662566,-0.0143679510711192,0.0172309485505283,-0.029865241746613,-0.0139877308519673,-0.0296085605751482,-0.0299912136985127,-0.0237125027873208,-0.0301874872367549,0.0865551679374925,0.168022209459196,0.00293003139963787,0.0128739298165543,0.262007264071543,-0.0409353699974286
"712_P-1-M",-0.0276837499421227,-0.0413751452568413,-0.025704912477019,-0.0372768076792773,-0.0481613592858948,-0.0306349678383944,-0.0222532855176546,-0.0163355945579567,-0.0213973414232925,-0.0444146578091745,-0.0530292137043787,-0.0521580658900221,-0.0443060981073584,0.193650034428981,-0.00659286854907889,0.0556332221401602,-0.0215929271705913,-0.00703782789486685,-0.0219069717513423,0.198999664510637,-0.000625525013755045,-0.0409353699974286
"712_P-1-S",-0.0276837499421227,-0.0413751452568413,-0.025704912477019,-0.0372768076792773,-0.0481613592858948,-0.0350996884643977,-0.000421640060758549,-0.0180890712149448,-0.0223061807672091,-0.0468548228200708,-0.0530292137043787,-0.0525198664644027,-0.0467639885855187,0.0803337104388561,0.341953097357676,0.209069487190647,-0.0220791520601361,-0.0205234020120137,-0.0219069717513423,-0.0184533678719591,-0.0290080739506948,-0.0409353699974286
"712_P-2-D",-0.0276837499421227,-0.0413751452568413,-0.025704912477019,-0.0372768076792773,-0.0481613592858948,-0.0271765665360302,-0.025553504616142,-0.0180890712149448,-0.014595135821041,-0.0225285600144698,-0.0530292137043787,-0.0405019711966604,-0.0400949051202916,-0.0253267670343864,-0.0237125027873208,-0.0286113082551339,-0.00593658112648926,0.0936613370621966,-0.0219069717513423,0.0678549231556863,0.341230854021824,-0.0409353699974286
"712_P-2-M",-0.0276837499421227,-0.0413751452568413,-0.025704912477019,-0.0372768076792773,-0.0481613592858948,-0.0350996884643977,-0.0157037520707696,-0.0180890712149448,-0.0235050248967929,-0.0449864197771581,-0.0523822374421925,-0.0513470224542356,-0.0457432521842756,0.216980847850775,0.0136210444028014,0.0688163897530261,-0.0220791520601361,-0.0146405088790542,-0.0219069717513423,0.118377211038908,-0.0251833514691717,-0.0409353699974286
"712_P-2-S",-0.0276837499421227,-0.0413751452568413,-0.025704912477019,-0.0372768076792773,-0.0481613592858948,-0.0329276231558039,0.016555489417768,-0.0180890712149448,-0.0220198906938299,-0.0468548228200708,-0.0521026806180975,-0.0525198664644027,-0.0473974027866771,0.0680374302170314,0.250647936404043,0.239836545664428,-0.0220791520601361,-0.0223383102690226,-0.0219069717513423,-0.0166962402323437,-0.0288551630563685,-0.0409353699974286
"712_P-3-D",0.0166018219901963,-0.0243012192300551,-0.025704912477019,-0.0372768076792773,-0.0421152817464347,-0.0335241592011706,-0.0259950021397423,-0.0180890712149448,-0.0235050248967929,0.00598791627469593,-0.0309196343960537,-0.0499230144756538,-0.0454933271030983,-0.0312006653370276,-0.0237125027873208,-0.0301158356730728,0.411658939942879,0.204907448953393,0.305155785201636,-0.0320464861210967,0.0221132343341268,-0.0409353699974286
"712_P-3-M",-0.0276837499421227,-0.0413751452568413,-0.025704912477019,-0.0372768076792773,-0.0481613592858948,-0.0288681613850019,-0.0158549940759518,-0.0180890712149448,-0.0235050248967929,-0.0452767721118589,-0.0530292137043787,-0.0505257201381063,-0.0424564455285225,0.153975881337094,-0.00826691035113947,0.0384106269972118,-0.0220791520601361,-0.0122676078192895,-0.0219069717513423,0.220550775429382,-0.00167103859636325,-0.0409353699974286
"712_P-3-S",-0.0276837499421227,-0.0413751452568413,-0.025704912477019,-0.0372768076792773,-0.0481613592858948,-0.0350996884643977,-0.0200180605086406,-0.0180890712149448,-0.0235050248967929,-0.0468548228200708,-0.0517395601718576,-0.0525198664644027,-0.0473974027866771,0.0932968371905807,0.160124633808074,0.230551336416168,-0.0220791520601361,-0.0209435293667775,-0.0219069717513423,-0.0134026871239372,-0.028300537232173,-0.0409353699974286
"712_S-1-D",-0.0254820081233768,-0.0413751452568413,-0.025704912477019,-0.0372768076792773,-0.0307913201143555,0.123664211994078,-0.0196948400517476,0.000646177936790746,0.0129057905013785,-0.00935827477698508,0.111898504116973,0.142230362162553,0.266564769191714,-0.0344761203083635,-0.0237125027873208,-0.0314171621532781,-0.0158820407990944,-0.024455512936765,-0.0219069717513423,-0.0320464861210967,-0.0295511893347386,-0.0088166760277353
"712_S-1-M",-0.0276837499421227,-0.0413751452568413,-0.025704912477019,-0.0372768076792773,-0.0471472828073842,0.279050158285044,0.0339251292810951,0.18426502725892,0.290882148464133,-0.0459697277139451,-0.0397184109879545,-0.0110273821171471,0.0839564325905994,-0.0344761203083635,-0.0226705418471849,-0.0304057485339731,-0.0220791520601361,-0.024455512936765,-0.0219069717513423,-0.0320464861210967,-0.0294734811014402,-0.0409353699974286
"712_S-1-S",-0.0276837499421227,-0.0413751452568413,-0.025704912477019,-0.0372768076792773,-0.0460972177550958,0.159431076217572,0.00688187618972116,0.574282297820154,0.214046762888471,-0.0442665479385398,-0.029758428094561,-0.00801997283971694,0.049495572044632,-0.0333297685089537,-0.0230362247385492,-0.0284599660449225,-0.0220791520601361,-0.024455512936765,-0.0219069717513423,-0.0320464861210967,-0.0291676070697582,-0.0409353699974286
"712_S-1-X",-0.02130359249731,-0.0404192100825565,-0.025704912477019,-0.0372768076792773,-0.0232413811793046,-0.0176447933045249,-0.0259950021397423,-0.016269263903423,-0.0212490712368544,0.235636037802565,0.12980366214284,0.0283220589609787,-0.0131682139148412,-0.0344761203083635,-0.0237125027873208,-0.0285520066738088,-0.00595397304374004,-0.0223916062277644,-0.0166107723676978,-0.0293300068728743,-0.0267212796423744,0.0436435430816172
"712_S-2-D",-0.0267191563545177,-0.0413751452568414,-0.025704912477019,-0.0372768076792773,-0.036742235573783,0.1016777447436,0.00854142953300802,0.0214534713923918,0.0133218313182496,0.0472797213290739,0.146652627115897,0.107875488640697,0.160459368139666,-0.0344761203083635,-0.0237125027873208,-0.0304715681558991,-0.0196994242250685,-0.0221709497573131,-0.0219069717513423,-0.0289488829534287,-0.0200290891553668,-0.00359533190697607
"712_S-2-X",-0.0238515897789594,-0.040394292590358,-0.025704912477019,-0.0372768076792773,-0.0391666661665696,-0.0315001753183623,-0.0257308894627509,-0.0180890712149448,-0.0232844518261773,0.184354947622335,0.106935583010944,0.0391331297227664,-0.0175936520639562,-0.0344761203083635,-0.0237125027873208,-0.0314171621532781,-0.0180682466714654,-0.024455512936765,-0.0185044954281535,-0.0309399380579839,-0.0286420182489859,0.0609469042024193
"712_S-3-D",-0.0259240638186949,-0.0413751452568413,-0.025704912477019,-0.0372768076792773,-0.040187117080131,-0.0193545457117755,-0.0246348501030838,-0.0180890712149448,-0.022727541818372,0.0203365667472203,0.0890527345079404,0.148551479253159,0.0105760956192289,-0.0344761203083635,-0.0237125027873208,-0.0314171621532781,-0.02159594566498,-0.024455512936765,-0.0182123767688098,-0.0305620557821087,-0.0193104072700648,0.0101775638008379
"712_S-3-S",-0.0276837499421227,-0.0413751452568414,-0.025704912477019,-0.0372768076792773,-0.0481613592858948,0.059533280869982,0.264119696905268,0.404340844624536,0.326275188027981,-0.0468548228200708,-0.0530292137043787,-0.0476343528400156,-0.0340428317523764,-0.0255652790732862,-0.00793275399707635,-0.0189627146775279,-0.0210333537953453,-0.0203485427040515,-0.0219069717513423,-0.0312983262632865,-0.025073776592612,-0.0409353699974286
"712_S-3-X",-0.0263460345910043,-0.0413751452568413,-0.025704912477019,-0.0372768076792773,-0.0402560605388202,-0.0219143468432174,-0.0246060687590952,-0.0180890712149448,-0.0227320897471563,0.0189189688332973,0.086636889745511,0.148261651902943,0.00801894272038461,-0.0344761203083635,-0.0237125027873208,-0.0314171621532781,-0.0216192236692635,-0.024455512936765,-0.0181505121577876,-0.0305760673705238,-0.0191632511622135,0.00698826452092715
"713_E-1-D",-0.00465614795103295,0.012963870913938,-0.025704912477019,0.000769528695297038,0.140548490624583,-0.0337300069010731,-0.0259950021397423,-0.0180890712149448,-0.0235050248967929,0.00161140513716387,-0.0161724482588784,-0.0339210507834614,-0.0344271542732028,-0.0344761203083635,-0.0237125027873208,-0.0314171621532781,-0.0135849764254992,-0.024455512936765,-0.0123777615747393,-0.0320464861210967,-0.0303514496774223,0.0456707160309813
"713_E-1-M",-0.0058211803424522,0.0740966538911674,-0.0224862106147804,-0.00725622266079169,0.154829583912373,-0.0310634305744993,-0.0259950021397423,-0.0180890712149448,-0.0235050248967929,0.00204731821246609,0.0117633233992352,-0.0261672220790691,-0.020545690198928,-0.0344761203083635,-0.0237125027873208,-0.0314171621532781,-0.0143651733832043,-0.024455512936765,-0.0101865139895497,-0.0320464861210967,-0.0268799986651729,0.0616756224499618
"713_E-1-S",-0.00892876671798694,0.0687750901907626,-0.00589466415172151,-0.00146028089368366,0.132357033038877,-0.0304195422485639,-0.0259950021397423,-0.0180890712149448,-0.0235050248967929,0.0041060407669968,0.00175280365397689,-0.0298027063613676,-0.0306975626329337,-0.0344761203083635,-0.0237125027873208,-0.0314171621532781,-0.014661640107332,-0.024455512936765,-0.00968316105078075,-0.0320464861210967,-0.0262462536927734,0.00826813157000481
"713_E-1-X0",0.276926544116029,0.00668012886234382,-0.0161284808879937,0.0436275151796172,0.0146897207761309,-0.0350996884643977,-0.0259950021397423,-0.0180890712149448,-0.0235050248967929,0.0171743664796066,-0.0354685819603498,-0.0496768359384209,-0.0450327156239749,-0.0344761203083635,-0.0237125027873208,-0.0314171621532781,0.0293148809790884,-0.0210694053752928,0.00817786461443151,-0.0320464861210967,-0.0280969600247866,-0.00884946748875048
"713_E-1-X1",0.279675773158059,-0.0139410601934904,-0.025704912477019,-0.0215222441994089,-0.00568628054038987,-0.0350996884643977,-0.0259950021397423,-0.0180890712149448,-0.0235050248967929,-0.013381720331178,-0.0329063422993271,-0.0504192669548747,-0.0434778955983538,-0.0344761203083635,-0.0237125027873208,-0.0314171621532781,0.040546664159982,-0.0130583815887852,0.0185741861341561,-0.0320464861210967,-0.0288186329178646,-0.00685579953980804
"713_E-1-X2",0.28445576718739,-0.0106851017223926,-0.025704912477019,-0.0229702293462508,-0.00504209803649527,-0.0350996884643977,-0.0259950021397423,-0.0180890712149448,-0.0235050248967929,-0.0175241938380429,-0.0317672329810425,-0.0499043488995341,-0.0451143365531208,-0.0344761203083635,-0.0237125027873208,-0.0314171621532781,0.0536487787855761,-0.011135005472212,0.0379436194957795,-0.0320464861210967,-0.0240861383434362,0.0208268802154009
"713_E-2-D",-0.00699549804421533,0.0928317222467206,0.0494797549366651,0.182909929024982,0.0958850917681732,-0.0350996884643977,-0.0259950021397423,-0.0180890712149448,-0.0235050248967929,-0.0210592155887253,-0.045385391580342,-0.0497445765040358,-0.0465154166105068,-0.0344761203083635,-0.0237125027873208,-0.0314171621532781,-0.0148074173287359,-0.024455512936765,-0.0132664183784337,-0.0320464861210967,-0.0303514496774223,-0.0263580931716142
"713_E-2-M",-0.0122318415244821,0.112725645305549,0.106210514052958,0.214255174880279,0.0847537367637457,-0.0298185321096295,-0.0259950021397423,-0.0180890712149448,-0.0235050248967929,-0.0380083304719051,-0.046793596518575,-0.0512465340148572,-0.0473974027866771,-0.0344761203083635,-0.0237125027873208,-0.0314171621532781,-0.0220791520601361,-0.024455512936765,-0.0117582277322344,-0.0320464861210967,-0.0303514496774223,-0.0341239538920592
"713_E-2-S",-0.0132451088529907,0.153350941131153,0.227994837840349,0.174064025722474,0.0413766392890042,-0.030380478075034,-0.0259950021397423,-0.0180890712149448,-0.0235050248967929,-0.0451834366850799,-0.0502871030112926,-0.0516853844423025,-0.0473974027866771,-0.0344761203083635,-0.0237125027873208,-0.0314171621532781,-0.0220791520601361,-0.024455512936765,-0.0135013820915732,-0.0320464861210967,-0.0303514496774223,-0.0409353699974286
"713_E-2-X0",0.171934940742716,0.00841385282020615,0.0186336251660788,0.135841075542961,0.0194141922798944,-0.0350996884643977,-0.0259950021397423,-0.0180890712149448,-0.0235050248967929,0.012718635986125,-0.0499519854635003,-0.0499308690103153,-0.0473974027866771,-0.0344761203083635,-0.0237125027873208,-0.0314171621532781,-0.012856753849812,-0.024455512936765,-0.0149463123990691,-0.0320464861210967,-0.0303514496774223,-0.0298320554049684
"713_E-2-X1",0.275436661153667,-0.00378846191068381,-0.0232022439034611,0.0209809621492079,0.0131585427503756,-0.0350996884643977,-0.0254651203154047,-0.0180890712149448,-0.0235050248967929,0.00960213805699387,-0.0243038064024351,-0.0479407068525801,-0.0433074533313513,-0.0344761203083635,-0.0237125027873208,-0.0314171621532781,0.0359268125036315,2.26399447470271e-05,0.0217793763138631,-0.0320464861210967,-0.0254214868428689,0.0173529450384079
"713_E-2-X2",0.291866613767063,-0.00504079358896375,-0.020141026288636,0.0232122250160514,0.00738334113462235,-0.0350996884643977,-0.0255612387039263,-0.0180890712149448,-0.0235050248967929,-0.0158150940685053,-0.0308997223873106,-0.0494865722989126,-0.0454616926405715,-0.0323915643326954,-0.0237125027873208,-0.0314171621532781,0.0230404043368915,0.016606116631428,0.0387135850079157,-0.0320464861210967,-0.0255866359764219,0.0227024247279395
"713_E-3-D",0.329408774677622,-4.53571628901011e-05,-0.0246298028183253,0.00283782816434517,0.000855055615316099,-0.0350996884643977,-0.0259950021397423,-0.0180890712149448,-0.0235050248967929,0.00744837446719802,-0.0330970715913628,-0.0473471127956914,-0.0455271228003912,-0.0344761203083635,-0.0237125027873208,-0.0314171621532781,0.0110726466542569,-0.0225165201905686,-0.00145532794002139,-0.0320464861210967,-0.0278211129536062,0.0598467471158484
"713_E-3-M",0.0101505779512729,0.0398096661401555,6.86394603684517e-05,0.205953979290268,0.0938486007623937,-0.0350996884643977,-0.0246637530253624,-0.0180890712149448,-0.0235050248967929,-0.021913788852298,-0.0472130045098686,-0.0478181419160044,-0.0456968620094889,-0.0344761203083635,-0.0237125027873208,-0.0314171621532781,-0.0172732572043192,-0.024455512936765,-0.0102901516131545,-0.0320464861210967,-0.0303514496774223,-0.0289076956295076
"713_E-3-S",-0.00509279125778538,0.136806633960097,0.0383428070115972,0.108416542938297,0.131543481315371,-0.0318864029482796,-0.0259950021397423,-0.0180890712149448,-0.0235050248967929,-0.0244831779730903,-0.0375603465237961,-0.050076337073031,-0.0391138609618099,-0.0344761203083635,-0.0237125027873208,-0.0314171621532781,-0.0220791520601361,-0.024455512936765,-0.0115578578057388,-0.0320464861210967,-0.0303514496774223,0.00978015834199937
"713_E-3-X0",0.317648375822551,-0.00831994721341527,-0.0247200513921333,-0.0118423425812501,-0.00399490583083575,-0.0350996884643977,-0.0259950021397423,-0.0180890712149448,-0.0235050248967929,0.0123808366666105,-0.0277452022692838,-0.0445206631014147,-0.0444925561996364,-0.0344761203083635,-0.0237125027873208,-0.0314171621532781,0.0119642184434887,-0.0189066774600385,0.000499782102282772,-0.0320464861210967,-0.0276539524559052,0.0463819825601068
"713_E-3-X1",0.283940164220184,-0.0217570802084676,-0.025704912477019,-0.0279308181585757,-0.025291595127102,-0.0350996884643977,-0.0259950021397423,-0.0180890712149448,-0.0235050248967929,-0.0200548793574036,-0.0364183728030464,-0.0502411665186176,-0.0464635675197213,-0.0323054059960124,-0.0237125027873208,-0.0314171621532781,0.0107540148090399,-0.00297248411083583,0.0390449523086847,-0.0320464861210967,-0.0290614802869339,0.000996344955512288
"713_E-3-X2",0.265248164948264,-0.0206666609866529,-0.0241133353320453,-0.0178377836986182,-0.0207886203172042,-0.0350996884643977,-0.0259950021397423,-0.0180890712149448,-0.0235050248967929,-0.0234276674669877,-0.0433504013291784,-0.0509584402758478,-0.0462448245866927,-0.0325770214054726,-0.0237125027873208,-0.0314171621532781,0.00347790979714606,-0.00677214459013037,0.0446451650803718,-0.0320464861210967,-0.0303514496774223,-0.0170033440839675
"713_P-1-X1",-0.0264256622948162,-0.0413751452568414,-0.025704912477019,-0.0372768076792773,-0.0481613592858948,-0.0125973222655491,-0.0232814455992433,-0.0180890712149448,-0.0155427521906018,0.00556299182141793,-0.0381864396828144,-0.00852294315685272,-0.0149300918183299,-0.02761660715611,-0.0237125027873208,-0.0295565255921963,0.00682635663372322,0.034030530007569,-0.0219069717513423,-0.00926364447721831,0.263871417875844,-0.0409353699974286
"713_P-3-M",-0.0276837499421227,-0.0413751452568414,-0.025704912477019,-0.0372768076792773,-0.0481613592858948,-0.0350996884643977,-0.0187228671753361,-0.0180890712149448,-0.0235050248967929,-0.0457004735950595,-0.0530292137043787,-0.0519033523428409,-0.0457372088487442,0.202792041196894,0.00236230024782132,0.11603435720323,-0.0220791520601361,-0.00960069932972405,-0.0219069717513423,0.104050780995497,-0.0241277433644255,-0.0409353699974286
"713_P-3-X1",-0.0249991368396866,-0.0413751452568414,-0.025704912477019,-0.0372768076792773,-0.0467162066715862,-0.0242129105491347,-0.0241757335611294,-0.0180890712149448,-0.0208013374274972,0.0269100424373223,-0.0213682248703044,0.0247676103442399,-0.0238263551426071,-0.030034085891204,-0.0237125027873208,-0.0293826607918715,0.0318334669654322,0.0106693691505153,-0.020068295152303,-0.015220883233711,0.192483705500054,-0.0409353699974286
"713_S-1-D",-0.0270366914799425,-0.0413751452568414,-0.025704912477019,-0.0372768076792773,-0.0437302320210118,0.0355887452938832,-0.016852289980471,-0.0180890712149448,-0.0223142079481661,-0.0305686716947773,0.0427750538223702,0.151815825523725,0.129260679496426,-0.03396515573926,-0.0237125027873208,-0.0314171621532781,-0.0188791868633378,-0.024455512936765,-0.0219069717513423,-0.0280828812274516,-0.0241639986245478,-0.028593194442948
"713_S-1-M",-0.02704545472433,-0.0413751452568414,-0.025704912477019,-0.0372768076792773,-0.0444630506358436,0.207193870278062,-0.0152608753664334,-0.00561568231901173,0.0320055992488349,-0.0436675418334655,-0.0119064690513459,0.104056841886458,0.256832670060563,-0.0344761203083635,-0.0237125027873208,-0.0314171621532781,-0.00532085247308783,-0.024455512936765,-0.0219069717513423,-0.0320464861210967,-0.0294319512907066,-0.0309946449279628
"713_S-1-S",-0.0276837499421227,-0.0413751452568414,-0.025704912477019,-0.0372768076792773,-0.0481613592858948,0.27243925623882,0.0452400405912541,0.114052219583461,0.30124369736739,-0.045306056364717,-0.0466767905109856,-0.0188412298644515,0.0511026520118409,-0.0303946432000971,-0.0208603289650358,-0.0263815261803427,-0.0220791520601361,-0.024455512936765,-0.0219069717513423,-0.0320464861210967,-0.0274926636739192,-0.0409353699974286
"713_S-1-X0",-0.0272322112262977,-0.0413751452568414,-0.025704912477019,-0.0372768076792773,-0.0425979864755161,-0.0129512061847341,-0.0175206489123987,-0.0164240535328446,-0.0207087849497056,0.128370198768537,0.15741893147119,0.110526685425594,0.0361905348482325,-0.0344761203083635,-0.0237125027873208,-0.0305699435518335,-0.0220791520601361,-0.021275055216648,-0.0219069717513423,-0.0244067157543286,-0.0176912579421738,-0.0371442454320889
"713_S-1-X1",-0.0263362656494102,-0.0413751452568414,-0.025704912477019,-0.0372768076792773,-0.0455375514632608,-0.0297659168348018,-0.0248192339243207,-0.0180890712149448,-0.023160417324662,0.156892608729532,0.0736910474070909,0.0561520785080568,-0.0259109208849792,-0.0344761203083635,-0.0237125027873208,-0.0314171621532781,-0.0220791520601361,-0.024455512936765,-0.0219069717513423,-0.0320464861210967,-0.0242448630875379,-0.00759734978639721
"713_S-1-X2",-0.0253690579401897,-0.0409426634655023,-0.025704912477019,-0.0372768076792773,-0.0450307270967585,-0.0252787883503994,-0.0253537153806969,-0.0177497535558483,-0.023185031374572,0.122203731889642,0.0508242172419417,0.0753742958819587,-0.0247701440341244,-0.0344761203083635,-0.0237125027873208,-0.0314171621532781,-0.0165662266120534,-0.024455512936765,-0.0203191694570951,-0.0320464861210967,-0.0292461209181013,-0.00148743360322071
"713_S-2-D",-0.0222111905823474,-0.0409573307112568,-0.025704912477019,-0.0372768076792773,-0.0217946299359485,-0.000222877152170482,-0.0259950021397423,-0.0093972115009147,-0.0191227006288103,0.0816698859474151,0.21221385651834,0.115706542356097,0.070851883564949,-0.0344761203083635,-0.0237125027873208,-0.0314171621532781,-0.0191551170610972,-0.024455512936765,-0.0184395440559314,-0.0304088900280906,-0.0279142165339662,0.140117644578861
"713_S-2-M",-0.0246687587160785,-0.0413751452568414,-0.025704912477019,-0.0372768076792773,-0.0276353996509329,0.0304058478470709,-0.025030335154634,-0.00851298810629466,-0.0181243980041606,0.000235802839446247,0.172619297766667,0.120358092544211,0.164044893340527,-0.0344761203083635,-0.0237125027873208,-0.0314171621532781,-0.0179014195207744,-0.024455512936765,-0.0219069717513423,-0.0320464861210967,-0.0287126107194366,0.0341818419542367
"713_S-2-S",-0.0276837499421227,-0.0413751452568414,-0.025704912477019,-0.0372768076792773,-0.0458463568188828,0.269499555386338,0.0165836430968448,0.200151965338138,0.187059202099633,-0.0398192240889072,-0.0364470946002112,0.0253740998925225,0.148421930471586,-0.0344761203083635,-0.0237125027873208,-0.0304611864820075,-0.0220791520601361,-0.024455512936765,-0.0219069717513423,-0.0320464861210967,-0.0294736591948613,-0.0136515349400291
"713_S-2-X0",-0.0225468751083767,-0.0402362594385386,-0.025704912477019,-0.0372768076792773,-0.0293237316317601,-0.0298508256639574,-0.0259950021397423,-0.0180890712149448,-0.0232244841131943,0.235722205814832,0.128459086246889,0.0267053039562424,-0.0195887201035914,-0.0344761203083635,-0.0237125027873208,-0.0285645496795793,-0.0143396965877952,-0.0231505441412935,-0.0178364400810993,-0.0280807747535573,-0.0254481396042538,0.0309199318476742
"713_S-3-D",-0.027116778727512,-0.0413751452568414,-0.025704912477019,-0.0372768076792773,-0.0419285520557558,0.0804393653435448,-0.00416949697239427,-0.0176970104078384,-0.0188891973492456,-0.0369099117774149,0.0328379810801005,0.132160010646282,0.168909232860706,-0.0344761203083635,-0.0237125027873208,-0.0309797500151348,-0.0196612655183165,-0.0228226324009629,-0.0219069717513423,-0.0320464861210967,-0.0228140445670642,0.0667140076069227
"713_S-3-M",-0.0276837499421227,-0.0413751452568414,-0.025704912477019,-0.0372768076792773,-0.0468305464012104,0.154742335852008,0.0720250488896401,-0.0162166890597102,0.0102097316857591,-0.044062701238692,-0.0255337958535935,0.0325364109868282,0.122495423049713,-0.0326793896478815,-0.022364410784612,-0.0286383903723919,-0.0183985992970346,-0.0193432252353985,-0.0219069717513423,-0.0285800639779012,-0.0116856005134469,-0.0906264510049446
"713_S-3-S",-0.0276837499421227,-0.0413751452568414,-0.025704912477019,-0.0372768076792773,-0.0481613592858948,0.107493187507802,0.330373634932417,0.0788327416006082,0.201762510347733,-0.0450001531370847,-0.0410859439538306,-0.0320981319441842,-0.0045920031696211,-0.0163218272576281,-0.00771954726048995,-0.0122373147465537,-0.0206452081900266,-0.0173585030336843,-0.0188619715356394,-0.0259740841090316,-0.0137348293354375,-0.0409353699974286
"713_S-3-X0",-0.0268470513934456,-0.0413751452568414,-0.025704912477019,-0.0372768076792773,-0.043985925035042,0.00312545406814756,-0.0187077845300841,-0.0180890712149448,-0.0213195564009233,-0.00290207108970744,0.0647591703347731,0.153389912409189,0.0757285875462379,-0.0344761203083635,-0.0237125027873208,-0.0308393818622065,-0.0213056249701321,-0.0214894102473238,-0.0219069717513423,-0.0286083843617937,-0.0178686826715235,-0.0133680743344831
"713_S-3-X1",-0.0268772356106114,-0.0413751452568414,-0.025704912477019,-0.0372768076792773,-0.0446180490829578,-0.0117326805197118,-0.0191424135597523,-0.0180890712149448,-0.0224461005293529,0.020327962748231,0.0823266505616878,0.152370926534084,0.0356116196212501,-0.0340456187962235,-0.0237125027873208,-0.0297540512221368,-0.0176046451857663,-0.0173679814016927,-0.0219069717513423,-0.0212220084790358,0.0116322485043929,-0.00778779778960626
"713_S-3-X2",-0.026474724288866,-0.0413751452568414,-0.025704912477019,-0.0372768076792773,-0.0438743803714805,-0.00107658481726663,-0.00285435093370699,-0.0171225093051476,-0.0179546084188449,0.0389658274640313,0.075813434037133,0.150473978846999,0.024762637716564,-0.0344761203083635,-0.0237125027873208,-0.0303598081324851,-0.0217061320550179,-0.0208123143428204,-0.0219069717513423,-0.0286461917137243,-0.00164559738452855,0.0249056937656256
"714_E1_1-5",-0.0147478906995175,0.142853185256212,0.00247932460994536,-0.0129686922536709,0.121182535079708,-0.033723849983948,-0.0259950021397423,-0.0180890712149448,-0.0235050248967929,-0.0437291770863159,-0.0381555691193124,-0.051398382107055,-0.0272172186487294,-0.0344761203083635,-0.0237125027873208,-0.0314171621532781,-0.0171222349133887,-0.024455512936765,-0.00424735691846598,-0.0320464861210967,-0.0303514496774223,0.202785255120344
"714_E1_20-24",-0.000865808905879555,0.026227180551089,-0.025704912477019,-0.0258863757592762,0.170431260606324,-0.0261626692066576,-0.0259950021397423,-0.0180890712149448,-0.0235050248967929,-0.0133760680376816,0.061664284508303,0.0242633180638683,0.0389937815068923,-0.0344761203083635,-0.0237125027873208,-0.0314171621532781,-0.000399917921135131,-0.0205711057809204,0.0010499477312009,-0.0320464861210967,-0.0303514496774223,0.374387595757445
"714_E1_30-34",0.0465868809259083,0.00726328801801341,-0.025704912477019,-0.0319680166924426,0.0949776223145093,-0.0263240784254281,-0.0259950021397423,-0.0180890712149448,-0.0235050248967929,0.00936062959561632,0.0360557282647723,0.0278729639831866,0.0135802560989305,-0.0344761203083635,-0.0237125027873208,-0.0314171621532781,-0.00112026373697916,-0.0234622062750638,-0.000816872190694717,-0.0320464861210967,-0.0278079169299791,0.366870005138581
"714_E1_5-9",-0.00316902559763226,0.0929205535401702,-0.0248287088599001,-0.0224171556308433,0.175788128813548,-0.0315381251080835,-0.0259950021397423,-0.0180890712149448,-0.0235050248967929,-0.0417578055664349,-0.00657578392035439,-0.0450804946095002,-0.0185351339196547,-0.0344761203083635,-0.0237125027873208,-0.0314171621532781,-0.0132928048706617,-0.024455512936765,-0.00885379763227351,-0.0320464861210967,-0.0303514496774223,0.244415046281039
"714_E2_1-5",-0.0149611390026484,0.121114337735695,0.0283469749091012,-0.0163449341546704,0.0898153139978571,-0.0337126916527118,-0.0225863954672814,-0.0180890712149448,-0.0235050248967929,-0.0352855681618081,-0.0433730156978993,-0.0493821688102241,-0.0368635570091225,-0.0344761203083635,-0.0237125027873208,-0.0314171621532781,-0.00832298821831014,-0.024455512936765,-0.000835230416298865,-0.0320464861210967,-0.0280243336896131,-0.0219483535850718
"714_E2_20-24",0.0035535020411515,0.00665970903962801,-0.025704912477019,0.000897365669209742,0.131866483686313,-0.0314929998685696,-0.0252318109964904,-0.0180890712149448,-0.0235050248967929,0.0181497502954696,0.0028075890878966,-0.0296733866042564,-0.0251150650718536,-0.0344761203083635,-0.0237125027873208,-0.0314171621532781,-0.0119863493650006,-0.024455512936765,-0.00313644864351048,-0.0320464861210967,-0.0298162254544796,0.0405598260315925
"714_E2_5-9",-0.0125420670942984,0.0415713554320818,-0.025704912477019,-0.0287915765530457,0.152206132746557,-0.0250559444777636,-0.0217817425388735,-0.0180890712149448,-0.0235050248967929,-0.00287528213165333,0.0252502333953078,-0.0338285483052293,-0.00376585536317038,-0.0344761203083635,-0.0237125027873208,-0.0314171621532781,-0.0122326658960026,-0.024455512936765,-0.0136084963551747,-0.0320464861210967,-0.0209010767171341,0.0653527055678543
"714_P1_20-24",-0.0260435536563595,-0.0413751452568414,-0.025704912477019,-0.0372768076792773,-0.0481613592858948,-0.0350996884643977,-0.024309493791941,-0.0180890712149448,-0.0235050248967929,-0.0416067454038087,-0.0489751142262462,-0.0511148299183164,-0.0473974027866771,-0.026769470062751,-0.0237125027873208,-0.0314171621532781,0.0277438728341042,0.527143357092714,0.255157839179126,0.0439963543432977,0.0882583815576774,-0.0409353699974286
"714_P1_30-34",0.0565066938752477,-0.0238257722255507,-0.0243238608718317,-0.0372768076792773,-0.0377355892200904,-0.0350996884643977,-0.0259950021397423,-0.0180890712149448,-0.0235050248967929,-0.0343646386781996,-0.0375759057238216,-0.0487572642428738,-0.0382813907917641,-0.0306672178931631,-0.0237125027873208,-0.0314171621532781,0.138932456971759,0.0470301996796665,0.326044944380195,-0.0285400037830965,-0.0244739256210889,0.0702039107741105
"714_P1_40-44",0.0182287038856485,-0.0300831078343789,-0.025704912477019,-0.0372768076792773,-0.0433228461801609,-0.0350996884643977,-0.0259950021397423,-0.0180890712149448,-0.0235050248967929,-0.0398022616819134,-0.0463134505772195,-0.0491905235943525,-0.0473974027866771,-0.0266740163841878,-0.0237125027873208,-0.0314171621532781,0.1176119201591,0.101749119329054,0.468391544200315,-0.0302177219756688,-0.0181072748323366,-0.0211242689846194
"714_P3_30-34",-0.0276837499421227,-0.0413751452568414,-0.025704912477019,-0.0372768076792773,-0.0481613592858948,-0.0294138060718538,-0.0176901139413685,-0.0180890712149448,-0.0213166684298879,-0.0443057636229855,-0.0494850301518041,-0.0483910163079776,-0.0420609503235657,0.0119934739289684,-0.0233775492617308,-0.02139165718242,-0.0220791520601361,-0.00743031676637557,-0.0219069717513423,0.201474569128291,0.0867088842009324,-0.0694465591369139
"714_P3_40-44",-0.0273006212844526,-0.0413751452568414,-0.025704912477019,-0.0372768076792773,-0.0477968049881774,-0.0270844396330363,-0.0259950021397423,-0.0180890712149448,-0.0184982884983156,-0.025704373684282,-0.0485990962421393,-0.0351147426546511,-0.0436286485219025,-0.0201620233721218,-0.0232375614892895,-0.0273513857849403,0.0337249281121602,0.193633358419674,-0.00663092164506277,0.0358112410057542,0.313446990485894,-0.0409353699974286
"714_P3_50-54",-0.00536092838488626,-0.0398201532770315,-0.025704912477019,-0.0372768076792773,-0.045355800900341,-0.0246277683652079,-0.024595992137677,-0.01558270200704,-0.0202118072092675,0.00360530741797669,-0.0329432729527592,-0.0355306789337751,-0.0438751034913602,-0.0318866124066283,-0.0237125027873208,-0.030231476633081,0.457636522988749,0.171519699057053,0.0932782721219357,-0.0215175200241687,0.100495205686023,-0.0409353699974286
"714_P3_60-64",0.000348915193775991,-0.0402711863140056,-0.025704912477019,-0.0372768076792773,-0.0452370725221088,-0.0192474500360153,-0.0233202263074521,-0.016055002503925,-0.0180037203586469,-0.0147347952555521,-0.039872169771453,-0.0343289649827474,-0.0426864757707071,-0.0317729435952585,-0.0237125027873208,-0.0303329474451806,0.465174507858822,0.120091663624161,0.0832138543467898,-0.0161777821239706,0.0929038776350806,-0.0409353699974286
"714_P3_70-74",0.00231105143335616,-0.0399253792386832,-0.025704912477019,-0.0372768076792773,-0.0459264901752837,-0.0160242259380392,-0.0168157291740801,-0.0129265272558668,-0.00838674659591155,-0.040239470932654,-0.0403554169366441,-0.0157050546289891,-0.0286672979178583,-0.0344761203083635,-0.0237125027873208,-0.0314171621532781,0.354903340491741,0.0212601565331433,0.0274696170820692,-0.029288633878715,0.00209127766531982,-0.0409353699974286
"714_S1_1-5",-0.0276837499421227,-0.0413751452568414,-0.025704912477019,-0.0372768076792773,-0.0475249917010315,0.321341977811689,0.093582925340568,0.108463179779643,0.239047382960277,-0.0440733804002161,-0.0467338935797976,-0.0114706127379634,0.102272776889018,-0.0321059924031072,-0.0194478229668931,-0.0277710465839299,-0.0220791520601361,-0.024455512936765,-0.0219069717513423,-0.0311415968210228,-0.0278439495226626,-0.0610303582374458
"714_S1_10-14",-0.0252749861078315,-0.0413751452568414,-0.025704912477019,-0.0372768076792773,-0.0315189455465708,0.047904931006984,-0.0205190050288217,-0.0138113034688153,-0.016094713106535,0.00515065964527544,0.152884665507837,0.123503244140734,0.197805269351119,-0.0344761203083635,-0.0237125027873208,-0.0310155108649471,-0.0188716400347368,-0.0218346557394523,-0.0219069717513423,-0.0311830723640106,-0.0254293842214357,0.0280141774163868
"714_S1_20-24",-0.0235784484177338,-0.0405257879487454,-0.025704912477019,-0.0372768076792773,-0.0282181829373038,-0.0279704215181083,-0.0259950021397423,-0.0180890712149448,-0.0232796494192851,0.21024858760028,0.190147315952292,0.0772724821598704,0.00822919818057397,-0.0344761203083635,-0.0237125027873208,-0.0281822496696528,-0.0195911592590249,-0.024455512936765,-0.0187704897804619,-0.0281927192758782,-0.023980450442377,0.156629595200197
"714_S1_30-34",-0.0229346434066487,-0.0404303969022785,-0.025704912477019,-0.0372768076792773,-0.033162993399105,-0.0303135029782586,-0.0259950021397423,-0.0180890712149448,-0.0233366819198739,0.219525920232842,0.110700539385822,0.0298692039600165,-0.0196964593007003,-0.0344761203083635,-0.0237125027873208,-0.0292974344529412,-0.0137693335309446,-0.0220419623370125,-0.0173167024785695,-0.0292510141345724,-0.0269003861015662,0.0919365692518734
"714_S1_40-44",-0.0203832493385584,-0.040500422201212,-0.025704912477019,-0.0372768076792773,-0.0270490387385775,-0.0296343086268091,-0.0259950021397423,-0.0180890712149448,-0.0235050248967929,0.220815127859469,0.111329921063276,0.0304735855304787,-0.0297268665544055,-0.0344761203083635,-0.0237125027873208,-0.0314171621532781,-0.00352268720377957,-0.018398305549328,-0.0165446088791534,-0.0320464861210967,-0.0303514496774223,0.107019289747928
"714_S1_5-9",-0.0276837499421227,-0.0413751452568414,-0.025704912477019,-0.0372768076792773,-0.0416175346625054,0.176630072674691,-0.0146666599568378,-0.0154257832860141,0.00088339493463804,-0.0416335879277392,0.00898321753941524,0.0703913674648997,0.211600393497727,-0.0344761203083635,-0.0237125027873208,-0.0314171621532781,-0.0220791520601361,-0.024455512936765,-0.0219069717513423,-0.0320464861210967,-0.0270635532599025,-0.0409353699974286
"714_S2_1-5",-0.0276837499421227,-0.0413751452568414,-0.025704912477019,-0.0372768076792773,-0.0481613592858948,0.192993200843925,0.22102836193567,0.146067551583658,0.219463923628696,-0.0468548228200708,-0.050503717684217,-0.0366885602225608,0.0258613173381819,-0.0258432219068919,-0.0147104792232158,-0.0134783905240907,-0.0216330548301263,-0.0222134935290526,-0.0219069717513423,-0.0273882416089162,-0.0263355632842582,-0.0409353699974286
"714_S2_20-24",-0.0267718061852483,-0.0413751452568414,-0.025704912477019,-0.0372768076792773,-0.0391283411898621,-0.00997786739275437,-0.0198948988142267,-0.0163167478739664,-0.0200568040908895,0.0827428999978748,0.136126688974803,0.145708157179739,0.0656125013718255,-0.0344761203083635,-0.0237125027873208,-0.0306425962666627,-0.0205847746804528,-0.0226193444778832,-0.0219069717513423,-0.0287647532287575,-0.024085148404634,0.010681232454894
"714_S2_40-44",-0.024829124544688,-0.04057289782095,-0.025704912477019,-0.0372768076792773,-0.0417221109191869,-0.0254038449969781,-0.0218006264413972,-0.00354553791473667,-0.022769639339917,0.172868289058766,0.101188231356298,0.0660439026638778,-0.00292725190424692,-0.0344761203083635,-0.0237125027873208,-0.0314171621532781,-0.00788787355829002,-0.024455512936765,-0.0204877900222446,-0.0311377922137122,-0.0277265490629545,0.0775562267187397
"714_S2_5-9",-0.0276837499421227,-0.0413751452568414,-0.025704912477019,-0.0372768076792773,-0.0473784077899158,0.186779261576389,0.030701995926913,-0.0157599570788576,0.0397880035346291,-0.0445319308924718,-0.0335345650750439,0.0259052473001961,0.137671055235,-0.0338356064225508,-0.0237125027873208,-0.0292898372506163,-0.0214444681362521,-0.0213445781074311,-0.0219069717513423,-0.029533185614028,-0.0177645401372902,-0.0409353699974286
"714_S3_1-5",-0.0276837499421227,-0.0413751452568414,-0.025704912477019,-0.0372768076792773,-0.0481613592858948,0.0108004039478686,0.432518171328189,0.134336127440016,0.14631916536705,-0.0468548228200708,-0.044529446283144,-0.0313624500534336,-0.0176659426481681,0.00469604623276604,0.0348339988667614,0.0200974648398581,-0.0213243684104469,-0.0180504500124051,-0.0155283499158133,-0.021291552229979,-0.021815128452868,-0.0409353699974286
"714_S3_10-14",-0.02732169250196,-0.0413751452568414,-0.025704912477019,-0.0372768076792773,-0.0430622078791462,0.138333894879342,0.0393400877562843,-0.0162372441615504,0.00525563865618792,-0.026574958345147,0.0333360469148771,0.103321213662077,0.190384331989402,-0.0326645508772043,-0.0231019204587825,-0.0289293417722987,-0.0146325048562847,-0.0152822370302509,-0.0219069717513423,-0.0299742355450623,-0.0143454899697693,-0.062527002806511
"714_S3_20-24",-0.026941387174928,-0.0413751452568414,-0.025704912477019,-0.0372768076792773,-0.0409304285244193,-0.00722978185819308,-0.0238523787495347,-0.0180890712149448,-0.023298062565451,-0.0169219557862048,0.0604130819206904,0.173895030141584,0.0943544370097429,-0.0344761203083635,-0.0237125027873208,-0.0314171621532781,-0.0197799945208735,-0.024455512936765,-0.0219069717513423,-0.0320464861210967,-0.0299699563060386,0.0504662344410726
"714_S3_30-34",-0.0267399245538153,-0.0413751452568414,-0.025704912477019,-0.0372768076792773,-0.0400430505683835,-0.0270475758082105,-0.0259950021397423,-0.0180890712149448,-0.0235050248967929,0.0561032630960944,0.131252520586236,0.152687825411624,0.0254390897823345,-0.0344761203083635,-0.0237125027873208,-0.0314171621532781,-0.0220791520601361,-0.024455512936765,-0.0219069717513423,-0.0298503619929867,-0.0279831399856643,-0.001232142142328
"714_S3_40-44",-0.024792037065411,-0.0409362079045069,-0.025704912477019,-0.0372768076792773,-0.0404785722917759,-0.023854810688481,-0.022445096962512,-0.0173374442392454,-0.0231956387269921,0.150542963748561,0.10721729666306,0.108529944892142,0.00703217456100334,-0.0339665632141158,-0.0237125027873208,-0.0314171621532781,-0.0220791520601361,-0.024455512936765,-0.0204437380535171,-0.0308284028939011,-0.0266832526905159,0.0846092647603415
"714_S3_5-9",-0.0276837499421227,-0.0413751452568414,-0.025704912477019,-0.0372768076792773,-0.0451790384741022,0.191927021519471,0.199925962787366,0.0141299007469365,0.0647169676395418,-0.0412835047360916,0.00809087413764924,0.0747687796660706,0.162114594317465,-0.0200387349278358,-0.00908118249792267,-0.0162202463960397,-0.0125298407382957,-0.0156662314713665,-0.0219069717513423,-0.0254987751211192,-0.0131450926003643,0.0129531291027601
"715_E1_1-5",-0.00686225981542499,0.106951079205187,0.00763279733214319,0.0808640866279104,0.157604225429402,-0.0285926230664988,-0.0259950021397423,-0.0180890712149448,-0.0235050248967929,-0.0160603462134955,-0.0219660761787939,-0.0414056842580557,-0.0335643312831686,-0.0344761203083635,-0.0237125027873208,-0.0314171621532781,-0.0175758852353371,-0.024455512936765,-0.00587596719472244,-0.0320464861210967,-0.0303514496774223,0.0114456158379744
"715_E2_1-5",-0.00516516441889808,0.191029252598705,0.151311357835353,0.143996729119225,0.0659125228432266,-0.0350996884643977,-0.0259950021397423,-0.0180890712149448,-0.0235050248967929,-0.0414265800405084,-0.0493719193036058,-0.051553042434337,-0.0446837156861004,-0.0344761203083635,-0.0237125027873208,-0.0314171621532781,-0.0186357619945894,-0.024455512936765,-0.00447215238231096,-0.0320464861210967,-0.0303514496774223,-0.0277080341674623
"715_E2_20-24",-0.00107092360303888,0.0573689014199087,-0.00288853364640199,0.121848548669138,0.12512125566399,-0.0341185589842695,-0.0251327550395221,-0.0180890712149448,-0.0235050248967929,-0.0122548194781495,-0.0310737192845654,-0.0434660054152229,-0.0420628604538009,-0.0344761203083635,-0.0237125027873208,-0.0314171621532781,-0.0196675123566833,-0.024455512936765,-0.00832023074825906,-0.0320464861210967,-0.0303514496774223,-0.0118391269979564
"715_E2_30-34",0.0222269986886537,0.0491884633162669,0.0040603748589509,0.178835520944576,0.107118502345121,-0.0341905295730187,-0.0259950021397423,-0.0180890712149448,-0.0235050248967929,-0.0172518763028407,-0.035485695499023,-0.0442359809294347,-0.0402560889356637,-0.0344761203083635,-0.0237125027873208,-0.0314171621532781,-0.0203294407112087,-0.024455512936765,-0.0101496642179485,-0.0320464861210967,-0.0303514496774223,-0.0110978490956401
"715_E3_1-5",-0.0199069352448336,0.222871883247464,0.234138888433297,-0.0149411553158711,-0.0141706244831425,-0.0350996884643977,-0.0259950021397423,-0.0180890712149448,-0.0235050248967929,-0.0468548228200708,-0.0530292137043787,-0.0525198664644027,-0.0473974027866771,-0.0344761203083635,-0.0237125027873208,-0.0314171621532781,-0.016380633151123,-0.024455512936765,-0.0182667536700029,-0.0320464861210967,-0.0303514496774223,-0.0409353699974286
"715_E3_10-14",-0.00180391011329003,0.185699177978401,0.0227094886885456,0.0530370702532989,0.128936601701148,-0.0350996884643977,-0.0259950021397423,-0.0180890712149448,-0.0235050248967929,-0.0400628171665007,-0.0388384132644473,-0.0513302274986575,-0.0447336358660137,-0.0344761203083635,-0.0237125027873208,-0.0314171621532781,-0.0220791520601361,-0.024455512936765,-0.00648174755297774,-0.0320464861210967,-0.0303514496774223,-0.0112939245621492
"715_E3_20-24",0.00333192343207997,0.0945148463212344,-0.0111924136224453,0.0415105772809649,0.156529888364514,-0.0307736249374211,-0.0259950021397423,-0.0180890712149448,-0.0235050248967929,-0.0269062066357735,-0.029919442810607,-0.0444630848341312,-0.0277242306784195,-0.0344761203083635,-0.0237125027873208,-0.0314171621532781,-0.0220791520601361,-0.0233202624855411,-0.0102962703911861,-0.0320464861210967,-0.0296389078041656,0.0147717061165771
"715_E3_30-34",0.0369966218435458,0.0480929698048868,0.000261562885179205,0.132424607939899,0.128165907811674,-0.0333735723839124,-0.0259950021397423,-0.0180890712149448,-0.0235050248967929,-0.0126004120347903,-0.0240060609223936,-0.035154633445193,-0.0331528522295944,-0.0344761203083635,-0.0237125027873208,-0.0314171621532781,-0.0220791520601361,-0.024455512936765,-0.0110920137238488,-0.0320464861210967,-0.0303514496774223,-0.0090713692385624
"715_P1_1-5",-0.0276837499421227,-0.0413751452568414,-0.025704912477019,-0.0372768076792773,-0.0481613592858948,-0.0288105540364085,0.029092742116133,-0.0138040025298695,-0.0216449230511229,-0.0468548228200708,-0.0511610601728245,-0.0525198664644027,-0.0473974027866771,0.0295073879462828,0.24372015307463,0.185425293552996,-0.0220791520601361,-0.024455512936765,-0.0219069717513423,-0.0219637475148206,-0.0303514496774223,-0.0876779550312305
"715_P1_10-14",-0.0276837499421227,-0.0413751452568414,-0.025704912477019,-0.0372768076792773,-0.0481613592858948,-0.0304924639350691,-0.00326294763096507,-0.0121137399682727,-0.0182616006794469,-0.0454898328387543,-0.0511555460355958,-0.0520280390198377,-0.0451035603368697,0.109600019416698,0.0630419780288748,0.150826347441088,-0.0220791520601361,-0.021496319533599,-0.0219069717513423,-0.00893451804778854,-0.0219561573731322,-0.0409353699974286
"715_P1_20-24",-0.0276837499421227,-0.0413751452568414,-0.025704912477019,-0.0372768076792773,-0.0481613592858948,-0.0293627042606129,-0.0146402907218212,-0.0169760290178166,-0.0201451102994553,-0.0468548228200708,-0.0521607223239889,-0.0498028837484161,-0.0441288809548713,0.158756822668213,-0.000853626321587284,0.0931553464936378,-0.0220791520601361,-0.0225223154538511,-0.0219069717513423,0.0309809158569358,-0.0168248061001176,-0.0409353699974286
"715_P1_30-34",-0.0276837499421227,-0.0413751452568414,-0.025704912477019,-0.0372768076792773,-0.0481613592858948,-0.0307425807100632,-0.0139886450768365,-0.0180890712149448,-0.0224267290984619,-0.0447221720543783,-0.0530292137043787,-0.0468250528800576,-0.0443792481887992,0.198618687027475,-0.00784368251311828,0.0473545779953925,-0.0220791520601361,-0.0153655745702305,-0.0219069717513423,0.10734109947304,-0.0118912681680297,-0.0409353699974286
"715_P2_1-5",-0.0276837499421227,-0.0413751452568414,-0.025704912477019,-0.0372768076792773,-0.0481613592858948,-0.0350996884643977,-0.00491326584104164,-0.0180890712149448,-0.0218556333980414,-0.0468548228200708,-0.0530292137043787,-0.0525198664644027,-0.0473974027866771,0.161182815570024,0.22758709560953,0.246474575858501,-0.0220791520601361,-0.024455512936765,-0.0219069717513423,-0.0135662646412801,-0.0279110167746026,-0.0409353699974286
"715_P2_10-14",-0.0276837499421227,-0.0413751452568414,-0.025704912477019,-0.0372768076792773,-0.0481613592858948,-0.0341304276183724,-0.0162890153340798,-0.0180890712149448,-0.0235050248967929,-0.0462393144667509,-0.0530292137043787,-0.0509432184976068,-0.0453741842827996,0.240807099137958,0.0187433370408347,0.119485790083219,-0.0220791520601361,-0.0171455408598296,-0.0219069717513423,0.0813240564247877,-0.0209068065262917,-0.0409353699974286
"715_P2_20-24",-0.0276837499421227,-0.0413751452568414,-0.025704912477019,-0.0372768076792773,-0.0481613592858948,-0.0262091984347546,-0.00349452230665358,-0.0180890712149448,-0.0211187382249172,-0.0317354954373809,-0.0342156358137611,-0.0348649543990157,-0.0339307562725922,0.0728846909082962,-0.0226509005623692,-0.0124784760689936,-0.0220791520601361,0.0134789678789976,-0.0219069717513423,0.18446830726251,0.130286567474164,-0.0409353699974286
"715_P3_1-5",-0.0276837499421227,-0.0413751452568414,-0.025704912477019,-0.0372768076792773,-0.0481613592858948,-0.0350996884643977,0.0213903194229759,-0.0180890712149448,-0.0235050248967929,-0.0468548228200708,-0.0524378179582586,-0.0525198664644027,-0.0473974027866771,0.103157660029053,0.208954965980961,0.263356588012519,-0.0220791520601361,-0.024455512936765,-0.0219069717513423,-0.0110197623455068,-0.0290666340376932,-0.0409353699974286
"715_P3_10-14",-0.0276837499421227,-0.0413751452568414,-0.025704912477019,-0.0372768076792773,-0.0481613592858948,-0.0334442250516577,0.00239260821344191,-0.0180890712149448,-0.0235050248967929,-0.0468548228200708,-0.0523043340164777,-0.0525198664644027,-0.0456808455202409,0.135879139060531,0.0791743579993911,0.233833439458201,-0.0220791520601361,-0.024455512936765,-0.0219069717513423,-0.0158833928232318,-0.0303514496774223,-0.0409353699974286
"715_P3_20-24",-0.0276837499421227,-0.0413751452568414,-0.025704912477019,-0.0372768076792773,-0.0481613592858948,-0.0350996884643977,-0.0132206164634287,-0.0180890712149448,-0.0235050248967929,-0.0460106485089699,-0.0530292137043787,-0.0525198664644027,-0.0450251807386709,0.232332067333664,-0.00593123118188816,0.103146225862091,-0.0220791520601361,-0.0233168989742344,-0.0219069717513423,0.0630443935373037,-0.0248502361398915,-0.0409353699974286
"715_P3_30-34",-0.0276837499421227,-0.0413751452568414,-0.025704912477019,-0.0372768076792773,-0.0481613592858948,-0.0305221886975368,-0.0196822492278461,-0.0180890712149448,-0.0230413925938445,-0.0436856179571775,-0.0530292137043787,-0.0494090845391885,-0.043913422113596,0.0902003446452147,-0.0232404911926196,-0.0117314096124834,-0.0220791520601361,0.0059554933659855,-0.0219069717513423,0.253088536740158,0.0700305710546623,-0.0409353699974286
"715_S1_1-5",-0.0276837499421227,-0.0413751452568414,-0.025704912477019,-0.0372768076792773,-0.0475824693258947,0.265560903261282,0.168071389822334,0.0835568060770835,0.217055076619768,-0.0458163174975525,-0.0414615935536209,-0.0313306778358295,0.0649912310099778,-0.0338012396304931,-0.0237125027873208,-0.0293700624640992,-0.0220791520601361,-0.024455512936765,-0.0219069717513423,-0.0320464861210967,-0.0286109718747945,-0.0409353699974286
"715_S1_10-14",-0.0264559772297332,-0.0413751452568414,-0.025704912477019,-0.0372768076792773,-0.0387133157132182,0.038049056463727,-0.0174861382138762,-0.0180890712149448,-0.0179589283361542,-0.0116859253701036,0.113871676077787,0.0868662553384855,0.167502194590251,-0.0344761203083635,-0.0237125027873208,-0.0314171621532781,-0.0200510058386653,-0.024455512936765,-0.0219069717513423,-0.0320464861210967,-0.0266367590209197,-0.0409353699974286
"715_S1_20-24",-0.0259677650581564,-0.0413751452568414,-0.025704912477019,-0.0372768076792773,-0.0367135199887355,-0.0217668906252362,-0.0242405630127875,-0.0180890712149448,-0.0232999385588729,0.141868310995384,0.193023250566019,0.0674605863425981,0.041224410705559,-0.0344761203083635,-0.0237125027873208,-0.029762703652175,-0.020431414205136,-0.024455512936765,-0.0219069717513423,-0.0293019156319012,-0.0239363025584985,-0.0165604118235422
"715_S1_30-34",-0.0237735401785993,-0.0413751452568414,-0.025704912477019,-0.0372768076792773,-0.0392745119675806,-0.0311665999036759,-0.0259950021397423,-0.0180890712149448,-0.0235050248967929,0.139444749170216,0.089404403933778,0.0427796177918487,-0.0211333602256407,-0.0344761203083635,-0.0237125027873208,-0.0314171621532781,-0.0220791520601361,-0.024455512936765,-0.0209585949854182,-0.0320464861210967,-0.0265081899693563,0.0752962635155928
"715_S2_10-14",-0.0276837499421227,-0.0413751452568414,-0.025704912477019,-0.0372768076792773,-0.044663627331445,0.19025647611642,0.0249673828558308,-0.0122768962581553,0.0265548924519099,-0.0445501311227786,-0.0107157173812924,0.0235369436918232,0.165061906274709,-0.0339007255875051,-0.0237125027873208,-0.0300816319520288,-0.0220791520601361,-0.024455512936765,-0.0219069717513423,-0.0320464861210967,-0.0250704623120136,-0.0409353699974286
"715_S2_20-24",-0.0253032279855066,-0.0413751452568414,-0.025704912477019,-0.0372768076792773,-0.0323229382904522,-0.0193974890992631,-0.0256619827422061,-0.0180890712149448,-0.0226599950349799,0.0676588459265208,0.205590942875072,0.0938834435951349,0.0842730122617503,-0.0344761203083635,-0.0237125027873208,-0.0314171621532781,-0.0199673291218451,-0.024455512936765,-0.0219069717513423,-0.0302572875444026,-0.0273392612137135,0.0938948832516838
"715_S2_30-34",-0.0231893731236295,-0.0403274040696779,-0.025704912477019,-0.0372768076792773,-0.0341681191384141,-0.0321581592642949,-0.0259950021397423,-0.0180890712149448,-0.0235050248967929,0.246233478716485,0.123070464683867,0.0360959335031677,-0.00916391354269643,-0.0344761203083635,-0.0237125027873208,-0.0299031654549206,-0.0220791520601361,-0.024455512936765,-0.0186291715222259,-0.0291679863537907,-0.0250964918798344,0.0458308221789965
"715_S3_20-24",-0.02502530624614,-0.0413751452568414,-0.025704912477019,-0.0372768076792773,-0.0363634252439405,0.00674135917351071,-0.0145209269365752,-0.00607634040658085,-0.016086841607747,0.162111221232177,0.179917082819493,0.0763716035372212,0.0324002475665156,-0.0344761203083635,-0.0237125027873208,-0.0302633597356002,-0.0197738560698929,-0.024455512936765,-0.0202644699581591,-0.0302887875715439,-0.0253134969185708,0.0443895091031494
"715_S3_30-34",-0.0243821158416826,-0.0408413958940635,-0.025704912477019,-0.0372768076792773,-0.0376448301335122,0.00748770170504387,-0.0124760626795311,-0.00430472604680497,-0.0153915919850003,0.201681113359904,0.13916463778573,0.065666127454089,0.0188181951573019,-0.0344761203083635,-0.0237125027873208,-0.0309671288160438,-0.0220791520601361,-0.024455512936765,-0.0199000648456698,-0.0308405971353979,-0.0260761799148121,0.04495008151322
"716_E1_1-5",-0.0147373853451066,0.220893418658002,0.229970537830376,0.0503813831120244,0.033919976647588,-0.0350996884643977,-0.0259950021397423,-0.0180890712149448,-0.0235050248967929,-0.0421150246841621,-0.0507289250425796,-0.0520325269814108,-0.0458237955529146,-0.0344761203083635,-0.0237125027873208,-0.0314171621532781,-0.0220791520601361,-0.024455512936765,-0.00311703629704917,-0.0320464861210967,-0.0303514496774223,-0.0409353699974286
"716_E1_10-14",-0.00491852574014516,0.105595334379324,0.0538751966767123,0.0761488039459472,0.136836449024213,-0.0308139681670178,-0.0259950021397423,-0.0180890712149448,-0.0235050248967929,-0.0131682930354768,-0.0255389748438249,-0.0416563069192772,-0.0312858912752394,-0.0344761203083635,-0.0237125027873208,-0.0314171621532781,-0.0181245820425127,-0.024455512936765,-0.00791755061268586,-0.0320464861210967,-0.0286764672917319,0.00409654126317723
"716_E1_20-24",0.00818541224073367,0.0501209770566049,0.00386848944227308,0.117461462555165,0.123378724227893,-0.0350996884643977,-0.0250994837230729,-0.0180890712149448,-0.0235050248967929,-0.00918771008804613,-0.0311546621993081,-0.0430380495359254,-0.0392216768006573,-0.0344761203083635,-0.0237125027873208,-0.0314171621532781,-0.0137208215405772,-0.024455512936765,-0.00669376863078276,-0.0320464861210967,-0.0303514496774223,-0.0149787091088058
"716_E1_30-34",0.0401718877846472,0.0346834720734493,-0.00085690242329869,0.173648965646031,0.10068082534973,-0.0350996884643977,-0.0259950021397423,-0.0180890712149448,-0.0235050248967929,-0.00631075866250679,-0.0335598137360519,-0.0432695380622501,-0.0406624757163086,-0.0344761203083635,-0.0237125027873208,-0.0314171621532781,-0.0152775612980098,-0.024455512936765,-0.00759487801490029,-0.0320464861210967,-0.0303514496774223,-0.0134522312144871
"716_E3_1-5",-0.0257022841470723,0.126057598593176,0.383223268044892,-0.00966814319487841,-0.0206902630275647,-0.0350996884643977,-0.0259950021397423,-0.0180890712149448,-0.0194454013849089,-0.0446141132454493,-0.0530292137043787,-0.0525198664644027,-0.0456629756712194,-0.0344761203083635,-0.0237125027873208,-0.0314171621532781,-0.0220791520601361,-0.024455512936765,-0.0173103216872339,-0.0320464861210967,-0.0303514496774223,-0.0425430173734224
"716_E3_10-14",-0.00801061277096647,0.099287516580425,0.0547789609463168,0.162044836210456,0.127852090341167,-0.0301179261097604,-0.0250857502394784,-0.0180890712149448,-0.0235050248967929,-0.018954689292218,-0.0345093926612834,-0.0461478926796713,-0.0349192044600517,-0.0344761203083635,-0.0237125027873208,-0.0314171621532781,-0.0220791520601361,-0.024455512936765,-0.00939904756707232,-0.0320464861210967,-0.0298045574625374,-0.0226986412845123
"716_E3_30-34",0.0175925619072381,0.0347548384373355,0.0162609087124826,0.208265865129036,0.10049431785335,-0.0350996884643977,-0.0248165060562985,-0.0180890712149448,-0.0235050248967929,-0.018922864773106,-0.038853636040749,-0.0462288015637206,-0.045685871859168,-0.0344761203083635,-0.0237125027873208,-0.0314171621532781,-0.0153822537206504,-0.024455512936765,-0.00846732273162346,-0.0320464861210967,-0.0303514496774223,-0.0200510423208069
"716_P1_1-5",-0.0276837499421227,-0.0413751452568414,-0.025704912477019,-0.0372768076792773,-0.0481613592858948,-0.0350996884643977,0.0096030783437102,-0.015253671452921,-0.0173348216074326,-0.0468548228200708,-0.0530292137043787,-0.0525198664644027,-0.0473974027866771,0.0709897647224034,0.367398342464581,0.19937148312357,-0.0220791520601361,-0.0218506678996353,-0.0219069717513423,-0.0206482868570621,-0.0281833323441541,-0.0409353699974286
"716_P1_10-14",-0.0276837499421227,-0.0413751452568414,-0.025704912477019,-0.0372768076792773,-0.0481613592858948,-0.0336716052139918,-0.0178667479124686,-0.0127586875993605,-0.0224988410372006,-0.0468548228200708,-0.0515374217385614,-0.0525198664644027,-0.0467920501294828,0.177464373265723,0.184912078357212,0.21470253007684,-0.0220791520601361,-0.0223463300390257,-0.0219069717513423,-0.00707420150872947,-0.0303514496774223,-0.0915714703831878
"716_P1_30-34",-0.0276837499421227,-0.0413751452568414,-0.025704912477019,-0.0372768076792773,-0.0481613592858948,-0.0244231660332112,-0.0186987110123205,-0.0150569411449921,-0.0198071446927129,-0.0362413098923024,-0.051701471099775,-0.0461211602638355,-0.043682593961572,-0.0179120454387738,-0.0237125027873208,-0.0256012907475893,-0.0213336426559267,0.0474847654484327,-0.0188305656098794,0.20591623896421,0.227208355217118,-0.0409353699974286
"716_P2_1-5",-0.0276837499421227,-0.0413751452568414,-0.025704912477019,-0.0372768076792773,-0.0481613592858948,-0.0311103227508911,-0.00207718798970156,-0.0180890712149448,-0.0235050248967929,-0.042060294918246,-0.0524966718835419,-0.0499324235466292,-0.0460911155972268,0.155144386280017,0.144755120204262,0.173226241256048,-0.0220791520601361,-0.00372974013177649,-0.0219069717513423,0.0936227934231252,0.0881148065738967,-0.0409353699974286
"716_P2_10-14",-0.0276837499421227,-0.0413751452568414,-0.025704912477019,-0.0372768076792773,-0.0481613592858948,-0.0347823874125349,-0.0155042865267359,-0.0180890712149448,-0.0235050248967929,-0.0454812028227894,-0.0530292137043787,-0.0521564992213713,-0.0456299302640221,0.211337481562702,0.0297248718273426,0.119221159043109,-0.0220791520601361,-0.0154586622306506,-0.0219069717513423,0.0800938271783745,-0.0198497512054007,-0.0409353699974286
"716_P2_20-24",-0.0276837499421227,-0.0413751452568414,-0.025704912477019,-0.0372768076792773,-0.0481613592858948,-0.028707983288828,-0.0220977270779521,-0.0180890712149448,-0.0212322953922547,-0.0397388698363386,-0.0503665949246955,-0.0481430248646674,-0.0429817381803057,0.0205588748816763,-0.0211019836938215,-0.016565311811274,-0.0212607551231849,0.0593161454512831,-0.0219069717513423,0.286011698496055,0.154079319787235,-0.0409353699974286
"716_P2_30-34",-0.0267542394817819,-0.0413751452568414,-0.025704912477019,-0.0372768076792773,-0.0481613592858948,-0.0160504476919719,-0.0228577348906232,-0.0180890712149448,-0.000838891042998784,0.00130734920475423,-0.0297037205054851,-0.0121422278398781,-0.0177705210091839,-0.026155939443067,-0.0237125027873208,-0.0297045301243809,-0.000361339552636783,0.0245603513150811,-0.0219069717513423,0.00352480048516554,0.260561033724657,-0.0853385053728836
"716_P3_1-5",-0.0276837499421227,-0.0413751452568414,-0.025704912477019,-0.0372768076792773,-0.0481613592858948,-0.0303835257029792,-0.0122986575011529,-0.015957443175095,-0.0204711008097862,-0.0439520981011515,-0.0523854138782169,-0.0520896851729363,-0.0466409276325958,0.180172481736243,-0.0059019912792979,0.0558794906527988,-0.0215192606543248,-0.00889551829298581,-0.0189828279873441,0.196677379386962,-0.00607078550145084,-0.0645076910312855
"716_P3_10-14",-0.0276837499421227,-0.0413751452568414,-0.025704912477019,-0.0372768076792773,-0.0481613592858948,-0.0335265704662023,-0.00522151484770016,-0.0180890712149448,-0.0227183549558894,-0.0468548228200708,-0.0530292137043787,-0.0525198664644027,-0.0461096564188812,0.193698770878233,0.12331236318382,0.156484873416061,-0.0220791520601361,-0.0222697511190559,-0.0219069717513423,0.0683835356792205,-0.0222665269833863,-0.0409353699974286
"716_P3_20-24",-0.0276837499421227,-0.0413751452568414,-0.025704912477019,-0.0372768076792773,-0.0481613592858948,-0.0284159488841355,-0.013821070912525,-0.0180890712149448,-0.0235050248967929,-0.0421572035269578,-0.0530292137043787,-0.049560753930519,-0.0435793825497838,0.0904935663221275,-0.00653385017485132,0.0023894061017559,-0.0214579212000452,0.0476873590824102,-0.0219069717513423,0.206989185474144,0.0680813286844867,-0.0409353699974286
"716_P3_30-34",-0.0271580334025103,-0.0413751452568414,-0.025704912477019,-0.0372768076792773,-0.0467671399639922,-0.0317477460912252,-0.0154556551624182,-0.0180890712149448,-0.0235050248967929,-0.0302459270779915,-0.0498060672083735,-0.0481203893368691,-0.0434505234357961,-0.0249579456938579,-0.0225191323144694,-0.0288869413502415,0.075866761291656,0.251368166133521,0.120737119092425,0.117582628141898,0.201777549141733,-0.0409353699974286
"716_S1_1-5",-0.0276837499421227,-0.0413751452568414,-0.025704912477019,-0.0372768076792773,-0.0481613592858948,0.0933166893179586,0.332937911869038,0.0454286841363303,0.220053503703451,-0.0468548228200708,-0.0483144000647539,-0.0448772827943207,-0.0224682069177006,-0.00354740956654243,0.0205872942887429,0.00573787783486296,-0.019810042742228,-0.016921183375996,-0.0219069717513423,-0.0161317812466185,-0.00556724751967116,-0.0409353699974286
"716_S1_10-14",-0.0267803890952006,-0.0413751452568414,-0.025704912477019,-0.0372768076792773,-0.0426292805384922,0.0326736971743156,-0.0123705715160211,-0.0180890712149448,-0.0229761837104079,-0.0224901046554978,0.0272752302024254,0.162209508291701,0.120712071181128,-0.0344761203083635,-0.0237125027873208,-0.0314171621532781,-0.0173133444205436,-0.024455512936765,-0.0219069717513423,-0.0279999805814897,-0.0217054967029545,-0.0280582908613957
"716_S1_20-24",-0.0265460336632005,-0.0413751452568414,-0.025704912477019,-0.0372768076792773,-0.0418260306587283,-0.0142911912119629,-0.021709034685421,-0.0180890712149448,-0.0223144029799688,0.0527244087315712,0.0937340179296683,0.151859767817854,0.0443683620758693,-0.0323910269642802,-0.0237125027873208,-0.0302343221533025,-0.0220791520601361,-0.0201494143757824,-0.0165972200395072,-0.013014500433529,0.0013524171619796,0.0643167492135897
"716_S1_30-34",-0.0257350745986107,-0.0413751452568414,-0.025704912477019,-0.0372768076792773,-0.0429209748437814,-0.0177808930356932,-0.0232524371029284,-0.0180890712149448,-0.0227207700800575,0.0990261183985886,0.0802037997174841,0.137894068374542,0.00643271964946253,-0.0339172843970017,-0.0237125027873208,-0.0256146202284408,-0.0220791520601361,-0.0218071713559817,-0.0203757950371769,-0.0270520307103792,-0.000387091383535981,0.0078844597468303
"716_S2_1-5",-0.0276837499421227,-0.0413751452568414,-0.025704912477019,-0.0372768076792773,-0.0481613592858948,-0.0100409253459741,0.237634333765122,0.299120390908288,0.145786128802747,-0.0468548228200708,-0.0498719187984398,-0.0457217313660521,-0.0404212155442509,0.0127309727216201,0.0713169134747039,0.0639196791483232,-0.0201983612502166,-0.0188216534390893,-0.0219069717513423,-0.0161823113633741,-0.0206088111288399,-0.0409353699974286
"716_S2_10-14",-0.0276837499421227,-0.0413751452568414,-0.025704912477019,-0.0372768076792773,-0.0477912283350735,0.102029610024926,0.0874173894215922,-0.0127261881664193,0.00847580672686177,-0.0354180885427776,-0.0119686899242896,0.0719987367004225,0.0851408734416307,-0.0201948093004568,-0.0211076487730185,-0.00686700133575485,-0.020887661781373,-0.0215493441875097,-0.0219069717513423,-0.0189029965446345,-0.000188973356115391,-0.0409353699974286
"716_S2_20-24",-0.0273990004930296,-0.0413751452568414,-0.025704912477019,-0.0372768076792773,-0.0473244676105562,0.00250802681392085,0.00532197545538243,-0.0145933401437654,-0.0192734686258546,0.0367567163610071,0.0227851774199581,0.138626930540753,0.0207453817215854,-0.0309106511587716,-0.0237125027873208,-0.0267282186521543,-0.0220791520601361,-0.0222675822931165,-0.0219069717513423,-0.0255308638668479,-0.0144100826731173,-0.0409353699974286
"716_S2_30-34",-0.0262288183966397,-0.0413751452568414,-0.025704912477019,-0.0372768076792773,-0.0459803049560729,-0.0292135522221495,-0.0259950021397423,-0.0180890712149448,-0.0235050248967929,0.105643903432416,0.0552720030234102,0.101202288122583,0.0084905974479461,-0.0344761203083635,-0.0237125027873208,-0.0314171621532781,-0.0220791520601361,-0.024455512936765,-0.0174401772483173,-0.0299420849277791,-0.0199152429901966,-0.0194520829957599
"716_S3_10-14",-0.0276837499421227,-0.0413751452568414,-0.025704912477019,-0.0372768076792773,-0.0419954021964371,0.160527372385814,0.0911598141995164,-0.0111445119144381,0.0101334792678268,-0.0257252730294041,0.0118050620066212,0.10238503711808,0.212649939325728,-0.0314275358374687,-0.0227813837521227,-0.0276760604377704,-0.0172177404460277,-0.0172572857560534,-0.0219069717513423,-0.0276540754547261,-0.00916868999744969,0.0234775020469111
"716_S3_20-24",-0.0267566113523534,-0.0413751452568414,-0.025704912477019,-0.0372768076792773,-0.0362955966549975,-0.0109971315112783,-0.0121726426987157,-0.0180890712149448,-0.0235050248967929,0.0575214898829117,0.201870182837105,0.117844597320277,0.118688213032126,-0.0340005223358479,-0.0237125027873208,-0.0299746904060742,-0.0188397635135317,-0.0202100945775246,-0.0219069717513423,-0.0260652083310432,-0.0128918479209552,0.0491412211658194
"716_S3_30-34",-0.0229599840493009,-0.0403510045129814,-0.025704912477019,-0.0372768076792773,-0.0332733201932322,-0.0302022563166971,-0.0249464000993063,-0.0180890712149448,-0.0235050248967929,0.211648225907659,0.152562589087446,0.0538941241708462,-0.00249747112447243,-0.0344761203083635,-0.0237125027873208,-0.0290241468472917,-0.020355204560705,-0.024455512936765,-0.0191575405353217,-0.0279125856358358,-0.0229640220304609,0.0815667370860417
"717_E2_1-5",-0.00361581166719621,0.183972467678563,0.171837405464667,0.165063353636457,0.0753068716468051,-0.0350996884643977,-0.0259950021397423,-0.0180890712149448,-0.0235050248967929,-0.0427456350340269,-0.0409762398501078,-0.0490744983398419,-0.0473974027866771,-0.0344761203083635,-0.0237125027873208,-0.0314171621532781,-0.0189788814924057,-0.024455512936765,-0.00694629336874543,-0.0320464861210967,-0.0303514496774223,-0.0173762545627911
"717_E2_10-14",0.00404987610496954,0.155996987561708,0.0636556278574344,0.115153132758647,0.144430659235256,-0.034386666619928,-0.0259950021397423,-0.0180890712149448,-0.0235050248967929,-0.0357809916221764,-0.0288773729776806,-0.0486208859949744,-0.0381090574390529,-0.0344761203083635,-0.0237125027873208,-0.0314171621532781,-0.0220791520601361,-0.024455512936765,-0.00467558717158328,-0.0320464861210967,-0.0303514496774223,-0.0197445687342076
"717_E2_20-24",0.0163122785251347,0.0920597994703252,0.0514539846418093,0.163878537497648,0.133587105424438,-0.0336416682431393,-0.0259950021397423,-0.0180890712149448,-0.0235050248967929,-0.0319772142242414,-0.032429022931646,-0.048151475022317,-0.0383443846407332,-0.0344761203083635,-0.0237125027873208,-0.0314171621532781,-0.0220791520601361,-0.024455512936765,-0.00841761075658673,-0.0320464861210967,-0.0303514496774223,-0.0190618635582917
"717_E3_1-5",-0.00852307088143205,0.19622463296782,0.356869767107209,0.117503163960845,0.0145635735136951,-0.0336726457143699,-0.0259950021397423,-0.0180890712149448,-0.0235050248967929,-0.0428881316980386,-0.0476906223983864,-0.0519239113744416,-0.0444813762548303,-0.0344761203083635,-0.0237125027873208,-0.0314171621532781,-0.0138806488715464,-0.024455512936765,-0.00594818179544425,-0.0320464861210967,-0.0303514496774223,-0.0236968913448719
"717_E3_10-14",-0.00865729024477055,0.153502170434401,0.101654243901128,0.166333849235736,0.110216398460991,-0.027996319023532,-0.0259950021397423,-0.0180890712149448,-0.0235050248967929,-0.0323187273289654,-0.0336623519102146,-0.0499717495043539,-0.0350196031399215,-0.0344761203083635,-0.0237125027873208,-0.0314171621532781,-0.0196865223614387,-0.024455512936765,-0.00645820211040888,-0.0320464861210967,-0.0303514496774223,0.0116517514599815
"717_E3_30-34",0.0104798408093847,0.0187498254050165,0.00835790485968704,0.210500837237098,0.0859402915201392,-0.0350996884643977,-0.0243329711983441,-0.0180890712149448,-0.0235050248967929,-0.027314511884987,-0.0437757118851393,-0.0472649968773422,-0.0466047613879111,-0.0344761203083635,-0.0237125027873208,-0.0314171621532781,-0.0156667692876688,-0.024455512936765,-0.010478098464406,-0.0320464861210967,-0.0303514496774223,-0.028454010166028
"717_P1_10-14",-0.0276837499421227,-0.0413751452568414,-0.025704912477019,-0.0372768076792773,-0.0481613592858948,-0.0345627700471361,-0.0154755089231614,-0.0159030740508657,-0.0235050248967929,-0.0458564449051773,-0.0530292137043787,-0.0521752997115623,-0.0456674798022553,0.214815940442225,-0.00367646117465954,0.099640474669362,-0.0220791520601361,-0.0160307889956826,-0.0219069717513423,0.0928743703599224,-0.0234468639892448,-0.0633991421056433
"717_P1_20-24",-0.0276837499421227,-0.0413751452568414,-0.025704912477019,-0.0372768076792773,-0.0481613592858948,-0.0258605078884144,-0.00434711556575318,-0.0180890712149448,-0.0190708263600875,-0.0375039855522378,-0.0442546522325333,-0.0473729743501987,-0.0400676055233074,0.00116448383944116,-0.0237125027873208,-0.024263518722749,-0.0215485357415252,0.0280921783072619,-0.0219069717513423,0.143934186554047,0.193489397989126,-0.0585402866435777
"717_P2_1-5",-0.0276837499421227,-0.0413751452568414,-0.025704912477019,-0.0372768076792773,-0.0481613592858948,-0.0350996884643977,-0.0233602707856787,-0.0180890712149448,-0.0235050248967929,-0.0468548228200708,-0.0520713841420362,-0.0525198664644027,-0.0473974027866771,0.149240511281075,0.0366684599586256,0.216428170455576,-0.0220791520601361,-0.0213805841406909,-0.0219069717513423,0.00996232009416185,-0.0255542124822112,-0.0409353699974286
"717_P2_10-14",-0.0276837499421227,-0.0413751452568414,-0.025704912477019,-0.0372768076792773,-0.0481613592858948,-0.0314253720090418,-0.0185422910288453,-0.0160271058238874,-0.0235050248967929,-0.0416668871244004,-0.0530292137043787,-0.0518595122943849,-0.0463313049002638,0.00417661250222441,-0.0186897919945242,-0.0147419665784356,-0.0212812015199841,0.140508144514716,-0.0219069717513423,0.240369666383895,0.155759528414571,-0.0711566973537245
"717_P2_20-24",-0.0261869292953058,-0.0413751452568414,-0.025704912477019,-0.0372768076792773,-0.0472714555097454,-0.02972034419957,-0.0242737027609019,-0.0149443192016099,-0.0235050248967929,-0.0262602794878604,-0.0458669931342146,-0.049464319180613,-0.0459328708544921,-0.0246895944678527,-0.0237125027873208,-0.0298098855974326,0.0826503976326518,0.419097293678546,0.126947698044004,0.0811528687831778,0.164306143635657,-0.0409353699974286
"717_P3_1-5",-0.0276837499421227,-0.0413751452568414,-0.025704912477019,-0.0372768076792773,-0.0481613592858948,-0.0350996884643977,-9.76579287846626e-05,-0.0161406635177908,-0.0219030581299867,-0.0468548228200708,-0.0520811409046548,-0.0525198664644027,-0.0463311543768321,0.0973520403800043,0.328690058793566,0.187706123991867,-0.0220791520601361,-0.0202222073636386,-0.0219069717513423,-0.0101417110812583,-0.0273598029004629,-0.0409353699974286
"717_P3_10-14",-0.0276837499421227,-0.0413751452568414,-0.025704912477019,-0.0372768076792773,-0.0481613592858948,-0.0350996884643977,-0.0198584514620122,-0.0180890712149448,-0.0222106527509139,-0.0468548228200708,-0.0530292137043787,-0.0525198664644027,-0.0467807452922333,0.209867639702885,0.101147744333961,0.150108295979608,-0.0220791520601361,-0.0212696704698045,-0.0219069717513423,0.0786096111412306,-0.0134698843285018,-0.0409353699974286
"717_P3_20-24",-0.0276837499421227,-0.0413751452568414,-0.025704912477019,-0.0372768076792773,-0.0481613592858948,-0.0317474059640426,-0.0150006841134522,-0.0159201692703557,-0.0203069405850901,-0.0413770517585776,-0.0530292137043787,-0.0491965537390507,-0.0438633176281826,0.0625167145493367,-0.0109231026202778,0.012262685211457,-0.0214707557334358,0.175781474465166,0.00344434168614764,0.239136955174166,0.0773385035470841,-0.0409353699974286
"717_S2_1-5",-0.0276837499421227,-0.0413751452568414,-0.025704912477019,-0.0372768076792773,-0.0481613592858948,0.104336529639147,0.217304227629349,0.232009223000011,0.360399104782146,-0.0468548228200708,-0.0513001254741476,-0.0490137555419062,-0.0270386589634494,-0.0229259832381971,-0.013062524025875,-0.018343952380622,-0.021022273815813,-0.0219925454082493,-0.0219069717513423,-0.0265763770363087,-0.0232641117972635,-0.0409353699974286
"717_S2_10-14",-0.0265795087600597,-0.0413751452568414,-0.025704912477019,-0.0372768076792773,-0.0409220596449767,0.0331843650383673,-0.0181571912632134,-0.0152644024645834,-0.0151472114464272,-0.0228738755961779,0.028207320814299,0.193023113282297,0.181949866159085,-0.0344761203083635,-0.0237125027873208,-0.0314171621532781,-0.016561168645403,-0.024455512936765,-0.0219069717513423,-0.0320464861210967,-0.0271430705081494,0.0678986876479711
"717_S2_20-24",-0.0268869464604206,-0.0413751452568414,-0.025704912477019,-0.0372768076792773,-0.043299521022069,-0.0208693001986633,-0.0231722752745497,-0.0173824029361506,-0.0227070490473886,0.0218101846047527,0.0407801868738515,0.190523782643702,0.0366764561171061,-0.0342304372531349,-0.0237125027873208,-0.0314171621532781,-0.0197688828583125,-0.0231356295507305,-0.0219069717513423,-0.0263159192016139,-0.0222801829204509,0.0355787802460125
"717_S2_30-34",-0.0258839410297687,-0.0407652727702614,-0.025704912477019,-0.0372768076792773,-0.0425587759994829,-0.0192720628580344,-0.0230563896079447,-0.0152471730933518,-0.0213145632132385,0.107166328624391,0.100773536546375,0.151905867061262,0.0226709831479102,-0.0344761203083635,-0.0237125027873208,-0.0306157230344787,-0.0220791520601361,-0.024455512936765,-0.0164576292598546,-0.0295209476802149,-0.0183701295945171,0.16439177610083
"717_S3_1-5",-0.0276837499421227,-0.0413751452568414,-0.025704912477019,-0.0372768076792773,-0.0476305779222952,0.157579070687442,0.369093862477617,0.0623220200320427,0.128253704672638,-0.0455653683543463,-0.0209616863060954,-0.0178595847417365,0.0726515240043864,-0.0124331898686616,0.00490146045139029,-0.00336933742532129,-0.0198354687264272,-0.0191532740775889,-0.0219069717513423,-0.020786882507301,-0.0139140209858214,-0.0409353699974286
"717_S3_10-14",-0.0267603474963336,-0.0413751452568414,-0.025704912477019,-0.0372768076792773,-0.0335279639029599,0.0183605903983733,-0.0151211260488719,-0.0180890712149448,-0.0235050248967929,0.0215237403970083,0.150708259422229,0.108740017341186,0.152634771934338,-0.0344761203083635,-0.0237125027873208,-0.0301920605088853,-0.0187222462941221,-0.0194916103904626,-0.0219069717513423,-0.0302028355383679,-0.0151851663110113,0.0526877159863725
"717_S3_20-24",-0.0226343478524517,-0.0407881705187477,-0.025704912477019,-0.0372768076792773,-0.0280297354730735,-0.0314860926168101,-0.0257334846356243,-0.0180890712149448,-0.0235050248967929,0.255779088596961,0.152924294897078,0.0491364363622521,-0.00893860670888555,-0.0344761203083635,-0.0237125027873208,-0.0265021070350599,-0.0132738323607977,-0.0225501564201385,-0.0177447891158208,-0.028474563482127,-0.0244923578636741,0.236225506608907
