"","MEblue","MEgreen","MEmagenta","MEturquoise","MEbrown","MEblack","MEred","MEpurple","MEpink","MEyellow","MEgrey"
"711_S-1-D",-0.0385140560791403,-0.0707434415826155,-0.045130437442548,0.0713034004822308,-0.039993164682403,-0.0503120151725729,-0.0313958319487849,-0.0378149164278179,-0.0585837515820202,-0.0625911308602567,-0.0473841776217017
"711_S-1-M",-0.093280787318039,-0.075725986337472,-0.00727941596009859,0.205461753440719,-0.0362289489467069,-0.0478877313135296,-0.0286767957192355,-0.0346074343095992,-0.0397358960723383,0.0055766658417582,-0.0386166842650179
"711_S-1-S",-0.192350582624437,-0.0805060866783939,0.000333590179600627,-0.110131381369878,0.0491924718008798,0.398670478310669,0.254820504931762,0.707914086358836,0.184394017434513,0.303745535831995,-0.0589274464067737
"711_S-2-D",0.130525124880323,0.26876425953379,-0.0588815147393354,-0.0978751956457703,-0.0424170267622302,-0.0503120151725726,-0.0313958319487849,-0.0378149164278181,-0.0606252399878832,-0.0693794856003488,-0.0661501970217502
"711_S-2-M",0.0858889113281024,0.132242388791239,-0.0494646681687501,0.015400395815542,-0.0409222365017387,-0.0490400188630909,-0.0301063490305792,-0.0378149164278181,-0.0587001248989429,-0.0656644499214806,-0.0959284885282318
"711_S-3-M",0.0373704983585899,-0.0581088474683343,-0.0360899131547823,0.0332120252664828,-0.033314053856344,-0.0503120151725725,-0.029049496263989,-0.0378149164278182,-0.0546570863167341,-0.0637815876092759,0.0499876886602368
"712_S-1-D",0.0273792857355198,-0.006505354472853,0.0422931610709755,0.22912943221486,-0.0403437375174684,-0.0340959785838734,-0.0222705642260913,-0.0378149164278182,-0.0542389991445436,-0.0243758399935716,-0.101517653911101
"712_S-1-M",-0.176234039572985,-0.0787687873220756,0.442440983766215,0.100517291553246,-0.0385505181771066,0.188151862206591,0.0609980825567035,-0.0084961654600603,0.0290280084118798,0.278763491427383,-0.0608005683263654
"712_S-1-S",-0.164603548140677,-0.0783076876077668,0.190643910207294,-0.00953914354965234,-0.026311125543556,0.51752701376675,0.855421415888387,0.0133773207405078,-0.0324015006061117,0.173645602737418,-0.0641927587858219
"712_S-1-X",0.0754200131654326,0.403070557317754,-0.0404279567074969,-0.120528884019736,-0.0420796797519061,-0.0496255335834676,-0.0294982670842043,-0.0378149164278182,-0.0606252399878832,-0.066918457681317,-0.0658081826683335
"712_S-2-D",0.0717018668643032,-0.0207211937075707,0.0115563200402261,0.118303396521337,-0.0337219527317243,-0.00416593064287833,-0.0161364862131451,-0.0346332678773414,-0.0326681157746378,-0.0247795708520352,-0.0279689958032978
"712_S-2-X",0.0773425696180055,0.123152691216089,-0.0588815147393353,-0.135183407355523,-0.0426370635213962,-0.0503120151725726,-0.0313958319487849,-0.0378149164278182,-0.0606252399878832,-0.0699520880597727,-0.080083175371429
"712_S-3-D",0.0779967879409684,-0.0390676436285572,-0.0578317083722286,-0.0865054826776261,-0.0368135623614791,-0.0503120151725726,-0.0313958319487849,-0.0378149164278182,-0.0606252399878832,-0.0661973857564269,0.137801951579347
"712_S-3-S",-0.193577503362488,-0.080506086678394,0.0343418995246583,-0.120511646595408,0.065834918814562,0.425601400809069,0.337267915473459,0.489163756600667,0.291126447964646,0.28496826036528,-0.0464939378335089
"712_S-3-X",0.0746023531275071,-0.0412523552059249,-0.0577628507446171,-0.0886076794345779,-0.0365390055257403,-0.0503120151725726,-0.0313958319487849,-0.0378149164278182,-0.0606252399878832,-0.068628642332838,0.132390322617704
"713_S-1-D",-0.00260975612843314,-0.067080909530438,-0.0511369707399031,0.0669841893414109,-0.0384241497746539,-0.0503120151725726,-0.0313958319487849,-0.0378149164278182,-0.0535138173274577,-0.0656412282490067,-0.0130540212528121
"713_S-1-M",-0.0919836901850813,-0.0657113448581169,0.0742471355845439,0.285473847565866,-0.0396477650691778,-0.0355209186407719,-0.0279296189127284,-0.0378149164278182,-0.0486434535810264,0.00328127908861749,-0.0195863333746651
"713_S-1-S",-0.180236005072452,-0.080506086678394,0.373204885160819,0.0854681635240051,-0.0210335229501721,0.106740736275162,-0.00120967117179153,0.0221131023431311,0.0298342553265552,0.310455115233625,-0.0637502003184431
"713_S-1-X0",0.144628313661948,-0.049447556131961,-0.0522388494932115,-0.0687964325869596,-0.0360743871816688,-0.0493413194432212,-0.0300139165719844,-0.0378149164278182,-0.0606252399878832,-0.0646979996068589,-0.00164808663711957
"713_S-1-X1",0.0557654687709083,-0.0400895497738571,-0.0572183743307441,-0.137857394912159,-0.0421418020891768,-0.0503120151725726,-0.0313958319487849,-0.0378149164278182,-0.0606252399878832,-0.0698232171515957,-0.0551738538874544
"713_S-1-X2",0.0344943385498374,-0.0251892545615482,-0.0535060698694088,-0.134633982210011,-0.0424952664057177,-0.0498072186447292,-0.0313958319487849,-0.0378149164278182,-0.0606252399878832,-0.0690679510394068,-0.0367487797601285
"713_S-2-D",0.143802086243359,0.18394716930392,-0.0327714462502031,-0.0191253547337568,-0.0424574511263776,-0.0406305405651076,-0.0283006924502515,-0.0378149164278182,-0.0606252399878832,-0.0637152438697752,-0.0983904673773786
"713_S-2-M",0.0670221134511583,0.0254310585165221,-0.031055070898369,0.0975930757299253,-0.042470033509447,-0.0402232518700005,-0.0274164664851825,-0.0378149164278182,-0.0596855133969916,-0.0631536745484319,-0.106409353445009
"713_S-2-S",-0.161980569434985,-0.0767047840425741,0.542639574319747,0.141456624557363,-0.0411904232456179,0.208880697590036,0.146863101452333,-0.0277885114087201,-0.00208230096603427,0.153020825371208,-0.0293975003648382
"713_S-2-X0",0.0827431885740407,0.30899893328478,-0.0566589334597501,-0.130394943192784,-0.0419175827080608,-0.0503120151725726,-0.0313958319487849,-0.0378149164278182,-0.0606252399878832,-0.0698899611728177,-0.0587071080128102
"713_S-3-D",-0.0216389506507488,-0.0685374608670219,-0.0364420390421574,0.13227314859645,-0.0365022639212238,-0.0497279654689082,-0.0313958319487849,-0.0378149164278182,-0.0474543255636055,-0.060179886044901,-0.0147845751928003
"713_S-3-M",-0.130694253340394,-0.0782193472133357,-0.0226819916079224,0.12913294832664,-0.012423629947356,-0.0493992012979165,-0.0313958319487849,-0.0378149164278182,0.0174059873886847,-0.016084909557171,0.0409688404595844
"713_S-3-S",-0.183366836133465,-0.0784293025219143,0.0359281325887962,-0.0606973462637464,0.111781858065013,0.032395760067111,-0.0257182200462881,0.101241317393668,0.382994446362549,0.18613429906096,0.0699087815483012
"713_S-3-X0",0.0368716948485543,-0.0666872539745672,-0.0576305438588083,-0.00654897037796855,-0.0371763191467815,-0.0503120151725726,-0.0313958319487849,-0.0378149164278182,-0.0583005885561094,-0.0639879953293067,0.0845988318832415
"713_S-3-X1",0.0767079012121518,-0.0608037215725681,-0.0588815147393353,-0.0589773766305415,-0.0270262934108204,-0.0503120151725726,-0.0313958319487849,-0.0378149164278182,-0.0589528808679515,-0.0657382324160229,0.461443264906278
"713_S-3-X2",0.0769282615133019,-0.0593911560952945,-0.0535367693568321,-0.0680916629035371,-0.0347264318340173,-0.048872573751952,-0.0313958319487849,-0.0378149164278182,-0.0449691029233435,-0.060547694985025,0.410934321482248
"714_S1_1-5",-0.180338994100503,-0.0800568396279304,0.357321088063171,0.170707516571349,-0.0200397611703959,0.113765399513644,-0.0192588425769354,0.00740731950134044,0.107593662752516,0.23338441521742,-0.0465199203041302
"714_S1_10-14",0.0581450511193059,0.012541583002075,-0.0272703161658851,0.126400069344183,-0.0401895842146181,-0.0487180976972867,-0.0268933513104528,-0.0378149164278182,-0.0572415864011461,-0.0580640035900928,-0.0773699468014241
"714_S1_20-24",0.157059481538396,0.196783631702374,-0.0571965588292576,-0.10005847770242,-0.0420024671716717,-0.0503120151725726,-0.0313958319487849,-0.0378149164278182,-0.0606252399878832,-0.0696455000075871,-0.0593576173450381
"714_S1_30-34",0.0657811126452748,0.254935564288561,-0.0579672808175104,-0.13275573628809,-0.0414068234408074,-0.0503120151725726,-0.0313958319487849,-0.0378149164278182,-0.0606252399878832,-0.070006351453687,-0.0663777874149538
"714_S1_40-44",0.0656312476729196,0.379272893993003,-0.0581944751442086,-0.142280108410189,-0.0426305096610252,-0.0503120151725726,-0.0313958319487849,-0.0378149164278182,-0.0606252399878832,-0.0701812618104818,-0.0769487437180335
"714_S1_5-9",-0.0873242010416595,-0.0699013601160602,-0.00514009453815347,0.22959324812736,-0.0401218619189174,-0.049387051406806,-0.0285352895730536,-0.0378149164278182,-0.0521482559866031,-0.0338688227110559,-0.0649304531095175
"714_S2_1-5",-0.189079893386738,-0.080506086678394,0.10642035012246,0.0321170768533996,0.078019382834126,0.1013571960005,-0.00626789136968902,0.0638040415068732,0.234387037945877,0.223668534937901,-0.0280807613599721
"714_S2_20-24",0.131745698861098,-0.0414939533156328,-0.054899839181567,-0.0338867808964585,-0.0397130579424602,-0.0495254147678812,-0.0255257087617447,-0.0378149164278182,-0.0571611818762042,-0.0631181015421506,-0.00926425440032207
"714_S2_40-44",0.0810769884662663,0.059745232330185,-0.0588815147393353,-0.111635083430395,-0.0413060846109418,-0.0395254908911097,-0.00758800969179271,-0.0378149164278182,-0.0591288012593094,-0.0687321925348104,-0.0629046056180752
"714_S2_5-9",-0.147527062718977,-0.080506086678394,0.00725877606449918,0.165027787281425,-0.0278698159695229,-0.0503120151725726,-0.0313958319487849,-0.000247282088977796,-0.0102107098862198,0.0121835378490441,-0.00904953039173613
"714_S3_1-5",-0.183687689185651,-0.080506086678394,-0.0481001941800729,-0.109166354925849,0.480077224886218,0.086543993350076,0.0250369511123022,0.200732253558968,0.307377806023433,0.101491423234337,-0.0248256485375124
"714_S3_10-14",-0.0561085648247441,-0.060190851292572,-0.0293624345483008,0.187616629854221,-0.0130759095105584,-0.0438695511186868,-0.0250572431297157,-0.0378149164278182,0.00714451518640829,-0.0283114042524536,0.0422381994982214
"714_S3_20-24",0.020528877653287,-0.0537553003002418,-0.0588815147393353,0.00990423250153338,-0.0421086093269073,-0.0503120151725726,-0.0313958319487849,-0.0378149164278182,-0.0592717499750634,-0.0676845565869397,0.0232512040571362
"714_S3_30-34",0.133863116753992,-0.0488033974205921,-0.0588815147393353,-0.0809121705576381,-0.0427394003966526,-0.0503120151725726,-0.0313958319487849,-0.0378149164278182,-0.0606252399878832,-0.0693236584708032,-0.031148647636386
"714_S3_40-44",0.110808404483143,0.0202231798410192,-0.0588815147393353,-0.099147078400585,-0.0412449779995183,-0.0503120151725726,-0.0303434684745435,-0.0378149164278182,-0.059586148014153,-0.0689105661695426,-0.0304537215541588
"714_S3_5-9",-0.11247470562969,-0.0689984373876735,0.0362009917081942,0.178694008388419,0.126015602473139,-0.0298736303088353,-0.00756203651365371,-0.0111768519451772,0.130369684279771,0.0474144376368668,0.0602594518270778
"715_S1_1-5",-0.189146511258859,-0.0777647807496532,0.187645293652739,0.0995372727975316,-0.0264185759022674,0.0703419589848577,-0.0252264167489029,-0.0130761007847298,0.216323222161474,0.206675740077662,-0.0654716055964981
"715_S1_10-14",-0.000436817578057192,-0.0317550077242424,-0.0459362957952641,0.0980489944433179,-0.0404223388249596,-0.0503120151725726,-0.0313958319487849,-0.0378149164278182,-0.0606252399878832,-0.0642508443926269,-0.0828739818855547
"715_S1_20-24",0.105650555110164,0.0235257379458816,-0.0576850898981704,-0.0705421765189747,-0.0417766502563475,-0.0503120151725726,-0.0313958319487849,-0.0378149164278182,-0.0606252399878832,-0.0693236600411008,-0.0669046104378449
"715_S1_30-34",0.055545627189181,0.0516343665233581,-0.0582290183810782,-0.134704680388027,-0.0425427177831919,-0.0503120151725726,-0.0313958319487849,-0.0378149164278182,-0.0606252399878832,-0.0701812618104818,-0.0532137555239104
"715_S2_10-14",-0.132945316965353,-0.073090159391206,0.0384515731018672,0.184435328418958,-0.0327235950156032,-0.044759170340888,-0.0313958319487849,-0.032987958217871,-0.0312523893599778,-0.00711764157771744,-0.0884690701023826
"715_S2_20-24",0.103038035241004,0.0307114495016956,-0.0519497528059059,-0.0246794779443254,-0.042403554360211,-0.0503120151725726,-0.0313958319487849,-0.0378149164278182,-0.0606252399878832,-0.0692741516470103,-0.108269578593818
"715_S2_30-34",0.0923699963088211,0.174564448587353,-0.0588815147393353,-0.125679639565278,-0.0427488871852976,-0.0503120151725726,-0.0313958319487849,-0.0378149164278182,-0.0606252399878832,-0.0701812618104818,-0.0641253931399112
"715_S3_20-24",0.132943156892268,0.0563792223751866,-0.0406054609532726,-0.0581162739375638,-0.0409951464580535,-0.0413472406569271,-0.0229593698626692,-0.0378149164278182,-0.049235283804204,-0.0591284485502065,-0.087152705707258
"715_S3_30-34",0.114815555121701,0.0842411299853341,-0.0360485399498346,-0.0724035134296319,-0.0411752472224733,-0.0383200237700288,-0.0196938976853272,-0.0362814859073116,-0.0455511054366303,-0.0593439730690695,-0.0723794264854355
"716_S1_1-5",-0.191308138206417,-0.080506086678394,0.021433133490485,-0.0699298513591721,0.308212850664259,0.0096795954234461,-0.0313958319487849,0.110386071882383,0.407910742062396,0.18947943786635,0.0567371579799405
"716_S1_10-14",0.0038877806998717,-0.0572492786659059,-0.049046696185976,0.0621189832554157,-0.0370542386965963,-0.0503120151725726,-0.0313958319487849,-0.0378149164278182,-0.053653417599544,-0.0672393022996081,0.0328905850114906
"716_S1_20-24",0.128209755059887,-0.035940403595721,-0.0552814583235856,-0.05785827709971,-0.0287101538842656,-0.0503120151725726,-0.0313958319487849,-0.0378149164278182,-0.0593309273122047,-0.0651716920640356,0.372174750357215
"716_S1_30-34",0.10860841836292,-0.0282885714285393,-0.0563513514156142,-0.0897363073630396,-0.0383684799125832,-0.0503120151725726,-0.0313958319487849,-0.0378149164278182,-0.0593685815186161,-0.0667135661318408,0.271185282979486
"716_S2_1-5",-0.188969050124118,-0.080506086678394,-0.0360078006710556,-0.149866347926579,0.689638134178835,0.290174649892382,0.0506333595020717,0.232194784721732,0.0630682677612113,0.111414765325632,-0.0267192732099737
"716_S2_10-14",-0.0898316591686406,-0.080506086678394,-0.0302610172142482,0.0596398227611166,0.0574967394933651,-0.046764346114218,-0.0198706643434825,-0.0378149164278182,0.00248202148376367,-0.0280575346237218,0.375816840457318
"716_S2_20-24",0.0336333717015049,-0.0768784889650506,-0.0559304066878055,-0.0708398099760583,-0.0167680858672666,-0.0475279032685245,-0.0301481805555872,-0.0362201995301325,-0.0399024887169634,-0.0598763924536647,0.0817646614399584
"716_S2_30-34",0.0658587343927491,-0.0625485336605989,-0.0579786802850345,-0.106164464343145,-0.042813347324986,-0.0503120151725726,-0.0313958319487849,-0.0378149164278182,-0.0606252399878832,-0.0686236898939157,0.0131650062389581
"716_S3_10-14",-0.066396196399499,-0.0708218146281373,-0.0188290587716698,0.225736643925442,-0.00517396483734464,-0.0503120151725726,-0.0261982223734182,-0.0360200367911919,0.033386195462854,-0.0217544168869666,0.0285494613615286
"716_S3_20-24",0.126355865705557,-0.00871482965473255,-0.0588815147393353,-0.00200168176696711,-0.0298435512500146,-0.0503120151725726,-0.0313958319487849,-0.0378149164278182,-0.0606252399878832,-0.0692987271568665,-0.0250591041316597
"716_S3_30-34",0.113393419324407,0.165922346198356,-0.0588815147393353,-0.116221871763129,-0.0416345244790945,-0.0503120151725726,-0.0313958319487849,-0.0378149164278182,-0.0606252399878832,-0.0701812618104818,-0.0437449498748868
"717_S2_1-5",-0.192127978812288,-0.080506086678394,0.0448328947783617,-0.0801382336238117,0.0685376039785679,0.212493567976248,0.0891379572897824,0.237613159040582,0.235724354003441,0.364085606397568,-0.0536895651347033
"717_S2_10-14",0.0185828620285515,-0.05445280574048,-0.0381285245788566,0.110328316451155,-0.0356189997584387,-0.0503120151725726,-0.0228751814911194,-0.0378149164278182,-0.0523048305062791,-0.0594442315962292,0.00482705985042597
"717_S2_20-24",0.0765319782049527,-0.0677441029852818,-0.0572601325684542,-0.0658394484072063,-0.0394342974079761,-0.0503120151725726,-0.0304104914854419,-0.0378149164278182,-0.0584285813783858,-0.0666727871234353,0.0611990867941516
"717_S2_30-34",0.147080224182858,-0.0416099395042948,-0.0571641004081699,-0.0817420632172936,-0.0421927162199386,-0.0493438791195299,-0.0283640173057361,-0.0378149164278182,-0.057882845208114,-0.0657217100085636,0.0112446624924631
"717_S3_1-5",-0.16736008036153,-0.0785649039869308,0.0898250862953046,0.0464777682803957,0.249811931983259,0.0255841878310953,-0.0222203425705941,0.014148818491149,0.33240125962729,0.108604514911848,-0.019396343496931
"717_S3_10-14",0.0626157558469704,-0.00333873965520806,-0.0496335298304849,0.0635128222921451,-0.034402233780866,-0.0503120151725726,-0.0313958319487849,-0.0378149164278182,-0.052325070100481,-0.0676126198871203,-0.0621967196202053
"717_S3_20-24",0.115181589394988,0.246428460818515,-0.0588815147393353,-0.121294020782272,-0.0413691512103813,-0.0503120151725726,-0.0313958319487849,-0.0378149164278182,-0.0606252399878832,-0.0701812618104818,-0.0649171461832874
