"","MEgreenyellow","MEpurple","MEturquoise","MEblack","MEblue","MEmagenta","MEbrown","MEred","MEgreen","MEpink","MEyellow","MEgrey"
"711_E-1-D",-0.0500452872782371,-0.0563219577362525,-0.0590738898347442,-0.0723592674441523,-0.083090224338143,-0.0858967257981622,-0.00628924285333099,0.136134467129132,0.113452613383049,0.175869406362239,0.0723233512533508,-0.00847918493712529
"711_E-1-M",-0.0475433880150832,-0.0535272286275552,-0.0691872071894085,0.0626064438704222,0.106825700322111,0.0991070846871626,0.00169402015562359,-0.0602590674767744,0.0687035041664248,-0.00410057684183764,0.146610093141959,-0.0217078204845588
"711_E-1-S",-0.0537017097240924,-0.0525385700332941,-0.0715519191636926,0.0938587492089213,0.129224454080068,0.175643450312061,-0.0475734342124071,-0.0859908278699508,-0.0790396698192971,-0.0494452898398378,0.0399513516476094,-0.0988496499788855
"711_E-2-D",-0.0435334959385737,-0.0465974954114399,-0.0426684986285058,-0.00571067356822702,-0.0936872566934962,-0.0931472484763512,-0.0672269965168629,0.0319452989819714,0.0869471835352014,0.206305303599011,0.0772789006204334,0.0737991708286029
"711_E-2-M",-0.0366128334355816,-0.0521957997511591,-0.0424985711815355,-0.118746472866655,0.0231312664499499,-0.0598227458041657,0.135991256412077,0.0385322048439619,0.343157361895857,-0.0812726168878909,0.141335542293692,0.0868816320464286
"711_E-2-S",-0.0445666675782281,-0.050258910511679,-0.0553183509933731,-0.0904473938717791,0.181982699748268,-0.00650485786842545,-0.0221924163622481,-0.0573111105462624,0.00964293068698533,-0.0791154926718483,0.0780937276949666,0.250824932866126
"711_E-3-D",-0.0508990742032226,-0.0431414075229572,-0.047058997657974,0.186417297316667,-0.0304675957606844,0.02215544058452,-0.0650370798777165,-0.0215385536019945,-0.011864993146393,0.148096052422972,0.0719967087432563,0.115709741255547
"711_E-3-M",-0.0467655994991148,-0.0534972625628822,-0.0660177361445549,-0.0235476998592654,0.0947997844353353,0.00466860417618551,0.0861244250227805,-0.0457512379926611,-0.0590969266314154,0.0194476372684311,0.170622962988661,0.000614856425275534
"711_E-3-S",-0.0376876220189636,-0.0495292061344963,-0.0688456131152888,0.0594014221905881,0.180198460112279,0.0612495606529364,0.00159662597806873,-0.0756803786061721,-0.100401894445793,-0.0135159702453486,0.0582201760659685,-0.186030949621521
"712_E-1-D",-0.0263835868244502,-0.0590336718115683,0.01035809253834,-0.111119529717247,-0.143314475201757,-0.112446288980784,0.0250430443781854,0.491380971019403,0.0571851820397873,0.0764970205646913,-0.0682411315852945,-0.0181393826686732
"712_E-1-M",-0.0444506810478983,-0.0613100572258321,-0.0667879102467251,-0.115228080783605,-0.00804507605925212,-0.0970948040313012,0.340381804928631,0.0949639392504266,0.0185337911149912,0.049433771774812,0.251408634370379,-0.0419449773141011
"712_E-1-X",0.811316572385046,0.0759051574723546,0.143093001371715,-0.140470349597149,-0.128143836291742,-0.115443211697048,-0.0432311831263294,0.00702321531264529,-0.103738286226786,-0.18912962804904,-0.220811708257221,0.163988750436218
"712_E-2-D",-0.0452023138469786,-0.0401736546604309,-0.0325837234983659,0.122069435552118,-0.0704280598293462,-0.038483979180714,-0.0503037722826736,0.00858618313663584,0.0577413326297,0.197968575689669,0.0547081226804733,0.164233448524618
"712_E-2-M",-0.0315138203596456,-0.0411750806091621,-0.0492693803334663,-0.0767961540653754,0.184086393903655,-0.0384673549949393,-0.0148629172415151,-0.0529085406426586,-0.0311887022762587,-0.0326583767196586,0.0652490881721073,0.239220121106271
"712_E-2-S",-0.0395195095967341,-0.0399878738715565,-0.0611864104630118,-0.0662544548531226,0.113978814151124,-0.0636527183095939,0.0527479601180849,-0.0115491450044818,0.114238199226337,0.0843273967661948,0.0880552359163639,0.094003073380144
"712_E-2-X",-0.0494681699175815,-0.043802158091418,-0.0696404856316043,0.0673625389454047,0.208126982950845,0.336781130373505,-0.0718151360376544,-0.0958913845235298,-0.109406330073475,-0.0825817723840871,-0.0841949693942678,-0.19843394813513
"712_E-3-D",-0.0444066832242368,-0.0411632975685709,-0.0414233766812367,0.176222266461499,-0.0746623387259851,-0.0276245338557667,-0.0667763735687882,-0.00421566823018145,0.00628304403709985,0.192366196261637,0.0296124495890894,0.0756166697648678
"712_E-3-M",-0.0457236757516828,-0.0465569155798707,-0.0676506085829794,0.121824353020551,0.183595846983984,0.386915207511996,-0.0716333923568025,-0.0986040683627354,-0.12217161863085,-0.115733836890108,-0.119877630242308,-0.111338967327233
"712_E-3-S",-0.0338947291110176,-0.0376339599343019,-0.0384760892954924,0.223231217995898,-0.000815031109958211,0.0782305143807824,-0.0919050649590483,-0.0609666629181338,-0.0843751012368252,0.0959750825607765,-0.0636075992002047,-0.129258300451478
"712_E-3-X",0.0896219283477711,0.0331599774257953,0.271476783659477,-0.0980700475952389,-0.144786425913739,-0.0979817496097861,-0.077448849310552,0.0436399809765173,-0.105356952209677,-0.172512570238352,-0.201689512451259,0.0786034916359397
"713_E-1-D",-0.0532136006545342,-0.0516702136845818,-0.0535145495618289,-0.107681780032129,-0.106872305912682,-0.102945343187684,-0.0210843236043421,0.0560514524783937,0.211648552437265,0.155478283403587,0.0838676561094563,-0.0151736726776069
"713_E-1-M",-0.0481705140067214,-0.0555114154005955,-0.0530498384637055,-0.117662478566263,-0.0329869267429765,-0.0736761654207077,0.120918984430934,0.0245008516057193,0.316064627058222,0.0715022648074211,0.126659516744201,0.0247758798872516
"713_E-1-S",-0.0454146586237045,-0.0521938226288413,-0.0572406069397733,-0.10884371010305,-0.0181970633552203,-0.0884849325861536,0.0328061835259435,-0.00206968364691712,0.319782667004944,0.0770147731875745,0.0932839902723465,0.0816486536634436
"713_E-1-X0",0.110929397228801,0.178496140113252,0.302091422773491,-0.047295448439393,-0.125000070477616,-0.0665516681077579,-0.0991172728811868,-0.0488210644649876,-0.0745553103446722,-0.117703332196263,-0.169630282044881,0.11475202517213
"713_E-1-X1",0.152624907993904,0.389284266838627,0.211791963546965,-0.137666583273876,-0.15396138551659,-0.105899284383534,-0.080877333996095,-0.0560539686458469,-0.111377298129302,-0.159389520786772,-0.208888891947616,-0.0261048658488639
"713_E-1-X2",0.105775172196005,0.300102636469547,0.277813967707419,-0.142070609660467,-0.149776981979301,-0.105583586856796,-0.0878014819011164,-0.0472862470542441,-0.112386407695441,-0.158980659755621,-0.206768951755053,0.0604777584421405
"713_E-2-D",-0.0506986514108522,-0.0511705474922943,-0.0685056210696732,0.16385132695809,-0.00568069465705339,0.0630279529757105,-0.078375583082636,-0.071236839932003,-0.0419483110743792,0.0420076256960829,0.0695214359151832,0.0713698655250022
"713_E-2-M",-0.0577864100362678,-0.0539742637109791,-0.0777608681281022,0.200053314067538,0.0372709549938829,0.103537455473458,-0.0582871752927512,-0.0862969676773794,-0.0877112842450216,0.0306784835763236,0.0538345846385272,-0.19610664902448
"713_E-2-S",-0.0553158047274661,-0.0487918059664929,-0.0804451915991248,0.127756082821169,0.121205385905701,0.266442642884862,-0.0663224982765551,-0.0965373374944123,-0.115744969924086,-0.0817070811749913,-0.0277486910260649,-0.131165026357512
"713_E-2-X0",-0.0160964510493743,0.00324777281583298,0.154014460715625,0.083826858919553,-0.124155918078862,-0.0209298627454202,-0.101687584047603,-0.0579194360445468,-0.0885048932148106,-0.0607884751953977,-0.150185368671357,-0.0150853407168279
"713_E-2-X1",0.136075673986958,0.0677650553780789,0.361038227140739,-0.0786549868338769,-0.135203812426895,-0.0935995139213132,-0.0854019292185169,-0.0163618111457641,-0.086437272260724,-0.137348515460844,-0.176216449025147,0.158785049929444
"713_E-2-X2",0.193952795095848,0.212434330774137,0.298406214702246,-0.0750552051803113,-0.142081280121182,-0.0907370070013203,-0.0937984765075685,-0.0508245643650929,-0.112176289792731,-0.129835617687328,-0.181127524632629,0.026873383498639
"713_E-3-D",0.144819211827217,0.262989615346138,0.319806183280547,-0.110624392601901,-0.134883220181819,-0.0824782413866161,-0.0880270359598933,-0.0480953224417889,-0.0881441299463814,-0.169036861277895,-0.193374902864863,0.112151154854633
"713_E-3-M",-0.0582770120462657,-0.0391866064643108,-0.0563801207569655,0.208326877739384,-0.073394096825601,-0.037801521044344,-0.0876970823372489,-0.0664687849467073,-0.0444892331729799,0.160667761393598,-0.00205943986819923,-0.0369609387645306
"713_E-3-S",-0.0515526240635959,-0.0550790314018395,-0.0651177926540875,0.0518413783312272,0.0530371322994119,0.023369274405158,-0.00202321726822128,-0.0500415289164351,0.0328642980469638,0.0252183876415541,0.15070731671895,-0.043249110743904
"713_E-3-X0",0.14026024913575,0.228540210818335,0.329043106096117,-0.127836736391719,-0.145896028511231,-0.0924980891797699,-0.0833408417855155,-0.0244851854749812,-0.0832184452167227,-0.189291993141433,-0.202228523378109,0.00814448642903641
"713_E-3-X1",0.229672096633554,0.43170701727295,0.178349197416091,-0.153421465193623,-0.168001130222005,-0.106014729642535,-0.0964627504155723,-0.088661395497888,-0.11607372570049,-0.195915273842274,-0.236036643152753,-0.0762731531865797
"713_E-3-X2",0.181712866197648,0.476963730482296,0.116676343447845,-0.135419963839406,-0.164259132964544,-0.105916109433188,-0.0990019608275684,-0.0940663901032067,-0.118571314939017,-0.168211722600442,-0.219131009082294,-0.151926896957682
"714_E1_1-5",-0.031814091930605,-0.0629009127831541,-0.0833695687826741,-0.131883574183681,0.0911444964323436,-0.118234118174751,0.258051553427143,0.0333471268808745,-0.114927344003818,-0.0358733806901987,0.0221946822179723,-0.197215808030821
"714_E1_20-24",-0.0114742398327345,-0.0593319088344852,-0.0361860892771403,-0.153320174953388,-0.0991991781268244,-0.110533886843041,0.473389300966907,0.3859916607747,0.190534328447176,-0.015790424519209,0.0819823846163396,0.0428936551684061
"714_E1_30-34",0.0115287500848681,-0.0497139362846793,0.0506571852330712,-0.162621146411843,-0.120054503483918,-0.114558423193947,0.170822680025163,0.560538579067769,0.0653570663874186,-0.142321292601591,-0.0791674206181771,0.108425781830606
"714_E1_5-9",-0.025538240249967,-0.0581089325518032,-0.0645231441827159,-0.147305608592065,-0.00996338727835106,-0.109341395588615,0.412853920947276,0.0549114244598244,-0.0407388037081829,0.00311091328428515,0.139829425560515,-0.176607554377452
"714_E2_1-5",-0.0280024702119238,-0.0620508614031092,-0.0742039831383305,-0.135228828197705,0.116107778916019,-0.113331007348261,-0.00373444788092436,-0.0117914489258896,-0.0421305929136466,-0.0296736854983996,-0.00661213710542065,-0.339655750343249
"714_E2_20-24",-0.0386308160913532,-0.0506182520657002,-0.0310598040362707,-0.103104685630242,-0.113024724155565,-0.105323993660317,0.000329941167847437,0.16479099040294,0.244766364201724,0.191699011829891,0.0165851744058506,0.181639169610209
"714_E2_5-9",-0.0314293488859576,-0.0598843709398184,-0.0623385602265508,-0.157043035531655,-0.0530335701827629,-0.113704745080115,0.357336642385232,0.165838325952264,0.365146507370484,-0.0819370079671757,0.0153250299281596,-0.133949834307126
"715_E1_1-5",-0.040607735687428,-0.0556833505930279,-0.0617261597233591,0.0125913621264908,0.00544937419382302,-0.00814685275561273,0.0345168647532755,-2.18549558264053e-05,0.0806557726769763,0.0938714373538473,0.168302119107237,0.0854857772507658
"715_E2_1-5",-0.0479420364766899,-0.0474544301318456,-0.0654719532085987,0.0911720917624138,0.180103408599829,0.104735723955847,-0.0711393171663631,-0.087521278307983,-0.112668756749437,-0.00892006564140084,0.00555445634391839,-0.0011038283814507
"715_E2_20-24",-0.0434420518518998,-0.0542612894110175,-0.0574831708597217,0.0820596998097321,-0.0596061808424011,-0.0265240157392475,-0.054364452363273,-0.0215933708930858,0.0376795651660386,0.151709646602267,0.0775976293936995,0.087331948169616
"715_E2_30-34",-0.0407426503791562,-0.0460861893780645,-0.0360425615972315,0.164566017119351,-0.0644154197500523,-0.0212137248373829,-0.0772099383694496,-0.000701154996586661,0.0105349714893335,0.158301678380931,0.00365544142476457,0.0607204649962769
"715_E3_1-5",-0.0587453503680346,-0.0622714195555792,-0.0926492181342745,-0.144737182305272,0.352154869630505,-0.0599481084736323,-0.0796357421785412,-0.112096632783378,-0.123861031446441,-0.201134954582168,-0.159928373847207,-0.197733568051113
"715_E3_10-14",-0.0384967197827771,-0.0502261221432743,-0.0595864298014694,-0.034421217046457,0.145081967929447,0.00104984628695962,0.0286389241716201,-0.0363687282890659,-0.0640483177191851,-0.0469085404086637,0.145404931022218,0.151271659172561
"715_E3_20-24",-0.0426810896754323,-0.0515822766377322,-0.0471149712165713,-0.0462819367970891,0.00401814831334961,-0.045564709999481,0.0321097071942604,0.0723071289131912,0.0714402658125837,0.0398510518354226,0.14784931473046,0.134449301037231
"715_E3_30-34",-0.0349512788976943,-0.0363729712404534,-0.0188842100345625,0.0749724885084905,-0.0706089154265268,-0.0326068749807786,0.0017779435347288,0.112578339469488,0.0488374635004884,0.0943221821458309,0.0377944730196499,0.00124399446069007
"716_E1_1-5",-0.0509317655522368,-0.0585567181398339,-0.0741007301121958,-0.0561962527627757,0.262384188313003,0.137269648921297,-0.0338810297188968,-0.102682113346759,-0.105547659846938,-0.142444393802321,-0.0652538212029794,-0.131264369766334
"716_E1_10-14",-0.0508813869684462,-0.0535513725131668,-0.0602963869493198,0.0029836185614745,0.0288778416245825,0.0125939932237654,0.0227913046527726,-0.00236146444738145,0.151326228778661,0.0681901456905305,0.0849029905275753,0.121819031439616
"716_E1_20-24",-0.0468338500102326,-0.0490770622852855,-0.0442226124555441,0.0736225696933387,-0.0642331563805107,-0.0124447050538111,-0.0593254423272161,-0.0107262705394148,0.0799378648926811,0.158166045674921,0.0483176527161287,0.122306738895312
"716_E1_30-34",-0.0376116222796201,-0.0329665158858709,-0.0119435594844559,0.154242471839496,-0.0835849996919225,-0.0358825467339602,-0.0687518189287333,-0.0106363652840134,0.0304661062399981,0.147659350240794,-0.0105136392353825,0.0678316293723062
"716_E3_1-5",-0.0556488977009815,-0.0585570612542441,-0.103261069555145,-0.144980346943243,0.170281264944259,0.209691777953595,-0.093975881343146,-0.112096632783378,-0.0953718179090308,-0.210386465078255,-0.187711552220803,-0.237952981473122
"716_E3_10-14",-0.0520223945759926,-0.0519743394916512,-0.0686282037546024,0.131758111478313,-0.0075425480168111,0.0634150269141238,-0.0118890425202279,-0.039430190147855,0.0504049461539864,0.127115257632781,0.0920880479791728,-0.13073615262257
"716_E3_30-34",-0.0426041828261284,-0.0388427649865617,-0.0419817221296175,0.221628182243511,-0.0849476765513526,-0.00425539128361792,-0.0766384167727194,-0.0303218793578217,-0.0384683647093766,0.169102675445721,-0.0102035214007937,0.0202973470249625
"717_E2_1-5",-0.0434846684768108,-0.0460061807239843,-0.0666576783419858,0.133866527466978,0.121853416547896,0.182224826221766,-0.0387002478807525,-0.0860068647325797,-0.113665265654224,-0.0328313958692143,0.0528926141603905,0.0314759832225927
"717_E2_10-14",-0.0391455935551647,-0.0356407301708952,-0.058401717498272,0.0552990004292308,0.0702705136980354,0.0916202361997946,0.0947760545473041,-0.0291571292093126,-0.0419665860964401,-0.0146231292994293,0.158474197642508,0.0518687031526193
"717_E2_20-24",-0.0281487334026464,-0.0273810753532123,-0.0517055408896244,0.14018599515507,-0.0242086958774932,0.0706775013931491,0.0312378531620072,-0.00792856621524276,-0.0256945112817232,0.0801984666540695,0.0814771306006228,0.0565382896500997
"717_E3_1-5",-0.0337264990687981,-0.0433504296114201,-0.0696705676772774,0.038499522041239,0.193306377610785,0.406053876645582,-0.0432953824177012,-0.102398357266304,-0.1141634090885,-0.132266332160003,-0.116239248291784,-0.0963885860496721
"717_E3_10-14",-0.0479276827494245,-0.0452106215321028,-0.0686607210080484,0.128758879350537,0.0556887627131992,0.177424062746907,0.0104561837324706,-0.0615624177149011,0.0118394714916663,0.0106198602905943,0.105578852411226,-0.0863860712636533
"717_E3_30-34",-0.056379649635128,-0.0369116009110089,-0.0531924577389063,0.223251372708551,-0.101972962141517,-0.0365880656303731,-0.0882496136420714,-0.0417662468313407,-0.0739403883915695,0.180614505966839,-0.0416984508833159,-0.0928502802623739
