"Module","Habitat","Metadata_Parameter","Correlation","P_value","Q_value"
"MEyellow","Palsa","Year__",0.150569844689226,0.254992236598069,0.367685434794969
"MEbrown","Palsa","Year__",0.0720932603307276,0.5873932215049,0.695835047013498
"MEturquoise","Palsa","Year__",-0.00366192225449303,0.978040192723517,0.980824123018839
"MEblue","Palsa","Year__",0.161071449188622,0.222951198585705,0.332698494013553
"MEblack","Palsa","Year__",0.0239360138545652,0.857193443519756,0.909144561308832
"MEred","Palsa","Year__",-0.0934338183139964,0.481516691846914,0.607816152003482
"MEgreen","Palsa","Year__",-0.115141899109619,0.385179900377773,0.507857060429599
"MEpink","Palsa","Year__",-0.207934203715948,0.114032028844367,0.210059000502781
"MEgrey","Palsa","Year__",0.0484175408366305,0.715739560387849,0.796415406789948
"MEyellow","Palsa","Habitat__",NA,NA,NA
"MEbrown","Palsa","Habitat__",NA,NA,NA
"MEturquoise","Palsa","Habitat__",NA,NA,NA
"MEblue","Palsa","Habitat__",NA,NA,NA
"MEblack","Palsa","Habitat__",NA,NA,NA
"MEred","Palsa","Habitat__",NA,NA,NA
"MEgreen","Palsa","Habitat__",NA,NA,NA
"MEpink","Palsa","Habitat__",NA,NA,NA
"MEgrey","Palsa","Habitat__",NA,NA,NA
"MEyellow","Palsa","DepthAvg__",-0.625795318203419,1.1584264208557e-07,1.06189088578439e-06
"MEbrown","Palsa","DepthAvg__",-0.784967691637235,1.86463175496998e-13,4.2228425039026e-12
"MEturquoise","Palsa","DepthAvg__",-0.678788864167374,3.4518006971708e-09,4.42981089470253e-08
"MEblue","Palsa","DepthAvg__",-0.0670128245276305,0.614058010457755,0.710058693417907
"MEblack","Palsa","DepthAvg__",0.45615699539809,0.000282366445536306,0.00119462726957668
"MEred","Palsa","DepthAvg__",0.542556338545967,9.03575477381585e-06,5.6109122385792e-05
"MEgreen","Palsa","DepthAvg__",0.460093972836837,0.000246061503321432,0.00107651907703126
"MEpink","Palsa","DepthAvg__",0.75672689523711,4.12644505347278e-12,8.36148076624747e-11
"MEgrey","Palsa","DepthAvg__",-0.284098737579545,0.0292083574015253,0.0665397491099836
"MEyellow","Palsa","ALD.cm__",-0.0802436160051907,0.545743491371729,0.656800934664867
"MEbrown","Palsa","ALD.cm__",0.0666468052902886,0.615998970393717,0.710058693417907
"MEturquoise","Palsa","ALD.cm__",0.182710484567296,0.166025326848808,0.270846401850809
"MEblue","Palsa","ALD.cm__",-0.115845759141628,0.382261935699708,0.505741736235008
"MEblack","Palsa","ALD.cm__",0.0349229391264996,0.79286753632447,0.852052346069313
"MEred","Palsa","ALD.cm__",0.00835891352201703,0.949899215786387,0.96076156045439
"MEgreen","Palsa","ALD.cm__",-0.0137701505057355,0.91755637412323,0.944543326303325
"MEpink","Palsa","ALD.cm__",-0.0566159201536686,0.670171672937927,0.758870864944417
"MEgrey","Palsa","ALD.cm__",-0.0420100074479697,0.752063009021042,0.822976503270889
"MEyellow","Palsa","T_air.deg_C",-0.404245681998875,0.00149657675226895,0.00496295181986064
"MEbrown","Palsa","T_air.deg_C",-0.333182946704385,0.00991999277376773,0.0247999819344193
"MEturquoise","Palsa","T_air.deg_C",-0.234776532114863,0.0734736526455294,0.146566612790305
"MEblue","Palsa","T_air.deg_C",-0.164917949777848,0.211949524032914,0.321738163601048
"MEblack","Palsa","T_air.deg_C",0.120171255929632,0.364621252485792,0.492558534059754
"MEred","Palsa","T_air.deg_C",0.225093250425555,0.0865188714124142,0.167385756250148
"MEgreen","Palsa","T_air.deg_C",0.313161475228961,0.0157326008512264,0.0373892057266801
"MEpink","Palsa","T_air.deg_C",0.401625288149527,0.00161695178804262,0.00518772031997007
"MEgrey","Palsa","T_air.deg_C",-0.287580348118329,0.0272047037379083,0.0627174307730221
"MEyellow","Palsa","T_soil.deg_C",0.58444136992776,1.17390769972968e-06,8.21735389810778e-06
"MEbrown","Palsa","T_soil.deg_C",0.752672824497936,6.21937551709941e-12,1.19722978704164e-10
"MEturquoise","Palsa","T_soil.deg_C",0.647513739040084,2.98094975586338e-08,3.18796015557612e-07
"MEblue","Palsa","T_soil.deg_C",0.0208394270359041,0.875510650457954,0.920413590460372
"MEblack","Palsa","T_soil.deg_C",-0.423426302720691,0.000833266830746109,0.00299820308259114
"MEred","Palsa","T_soil.deg_C",-0.525126366793898,1.95401244026062e-05,0.000113984059015203
"MEgreen","Palsa","T_soil.deg_C",-0.439835372742633,0.000490967719603093,0.00187151061432862
"MEpink","Palsa","T_soil.deg_C",-0.592470246036181,7.67885831956167e-07,5.79678520202204e-06
"MEgrey","Palsa","T_soil.deg_C",0.226123182029158,0.0850503704797149,0.166808428668954
"MEyellow","Palsa","O2.percent",0.341240782584176,0.00817044850057075,0.0209708178181316
"MEbrown","Palsa","O2.percent",0.602340461633255,4.48469419276979e-07,3.83690503159194e-06
"MEturquoise","Palsa","O2.percent",0.504560455048021,4.60426427996572e-05,0.000253234535398115
"MEblue","Palsa","O2.percent",-0.534923052728014,1.27334448774327e-05,7.78154964731997e-05
"MEblack","Palsa","O2.percent",-0.595964007616061,6.3608356138639e-07,5.10192023195334e-06
"MEred","Palsa","O2.percent",-0.694992817029524,1.01549457204843e-09,1.50371311630249e-08
"MEgreen","Palsa","O2.percent",-0.0693693641622648,0.601624947729105,0.70402919415108
"MEpink","Palsa","O2.percent",-0.0494714648014498,0.709822086979095,0.792120299962179
"MEgrey","Palsa","O2.percent",-0.146822636512556,0.267144343863668,0.379522407333993
"MEyellow","Palsa","pH_porewater",-0.271370732796898,0.0376147793841442,0.0827525146451172
"MEbrown","Palsa","pH_porewater",-0.358599233992711,0.00528826071915807,0.0142844485689235
"MEturquoise","Palsa","pH_porewater",NA,NA,NA
"MEblue","Palsa","pH_porewater",-0.26452501838019,0.0429082551790842,0.0922887052734493
"MEblack","Palsa","pH_porewater",0.0585118551313521,0.659792735555817,0.756012509491041
"MEred","Palsa","pH_porewater",0.241962475483389,0.0648453213601007,0.132794940019355
"MEgreen","Palsa","pH_porewater",-0.416282021859375,0.00104054045978875,0.00360908177494295
"MEpink","Palsa","pH_porewater",0.187549415237678,0.154901928202275,0.266188221880379
"MEgrey","Palsa","pH_porewater",0.472004363124886,0.000160606850565016,0.000754068749604038
"MEyellow","Palsa","pH_peat",-0.609919505212533,2.93070464887143e-07,2.5643665677625e-06
"MEbrown","Palsa","pH_peat",-0.507797627908492,4.03783085224752e-05,0.000228612482075779
"MEturquoise","Palsa","pH_peat",-0.296756728009815,0.0224693351116283,0.0524284485937995
"MEblue","Palsa","pH_peat",-0.275355596060071,0.034790817848461,0.0774246524373266
"MEblack","Palsa","pH_peat",-0.0616988993072763,0.642489463373893,0.738383413131191
"MEred","Palsa","pH_peat",-0.0769558087736834,0.562372240219862,0.670319852893643
"MEgreen","Palsa","pH_peat",0.853049953191175,9.71695412865429e-18,3.11752278294325e-16
"MEpink","Palsa","pH_peat",0.530335029985708,1.55870840504673e-05,9.23234978373834e-05
"MEgrey","Palsa","pH_peat",-0.267836129188956,0.0402760750207886,0.0871139824887842
"MEyellow","Palsa","BulkDensity",NA,NA,NA
"MEbrown","Palsa","BulkDensity",NA,NA,NA
"MEturquoise","Palsa","BulkDensity",NA,NA,NA
"MEblue","Palsa","BulkDensity",NA,NA,NA
"MEblack","Palsa","BulkDensity",NA,NA,NA
"MEred","Palsa","BulkDensity",NA,NA,NA
"MEgreen","Palsa","BulkDensity",NA,NA,NA
"MEpink","Palsa","BulkDensity",NA,NA,NA
"MEgrey","Palsa","BulkDensity",NA,NA,NA
"MEyellow","Palsa","percentWater_wt",0.656493343955996,1.64695868191635e-08,1.8649385074641e-07
"MEbrown","Palsa","percentWater_wt",0.386344093166956,0.00250804491800536,0.00766347058279416
"MEturquoise","Palsa","percentWater_wt",0.321664426878401,0.0129806751700102,0.0318315919774135
"MEblue","Palsa","percentWater_wt",0.35211492208245,0.00623867204249148,0.0162289779483731
"MEblack","Palsa","percentWater_wt",-0.187254113024868,0.155564545254767,0.266188221880379
"MEred","Palsa","percentWater_wt",-0.444617653597016,0.000418698068700953,0.0016448852698966
"MEgreen","Palsa","percentWater_wt",-0.579255851670547,1.53492580297301e-06,1.01887316231829e-05
"MEpink","Palsa","percentWater_wt",-0.865516144283554,9.27388050096294e-19,3.57044399287073e-17
"MEgrey","Palsa","percentWater_wt",0.416346091113451,0.00103849194310313,0.00360908177494295
"MEyellow","Palsa","CH4.mM__",NA,NA,NA
"MEbrown","Palsa","CH4.mM__",NA,NA,NA
"MEturquoise","Palsa","CH4.mM__",NA,NA,NA
"MEblue","Palsa","CH4.mM__",NA,NA,NA
"MEblack","Palsa","CH4.mM__",NA,NA,NA
"MEred","Palsa","CH4.mM__",NA,NA,NA
"MEgreen","Palsa","CH4.mM__",NA,NA,NA
"MEpink","Palsa","CH4.mM__",NA,NA,NA
"MEgrey","Palsa","CH4.mM__",NA,NA,NA
"MEyellow","Palsa","CO2.mM__",1,0,0
"MEbrown","Palsa","CO2.mM__",1,0,0
"MEturquoise","Palsa","CO2.mM__",NA,NA,NA
"MEblue","Palsa","CO2.mM__",1,0,0
"MEblack","Palsa","CO2.mM__",1,0,0
"MEred","Palsa","CO2.mM__",-1,0,0
"MEgreen","Palsa","CO2.mM__",1,0,0
"MEpink","Palsa","CO2.mM__",-1,0,0
"MEgrey","Palsa","CO2.mM__",-0.999999999999998,0,0
"MEyellow","Palsa","CH4.percent",NA,NA,NA
"MEbrown","Palsa","CH4.percent",NA,NA,NA
"MEturquoise","Palsa","CH4.percent",NA,NA,NA
"MEblue","Palsa","CH4.percent",NA,NA,NA
"MEblack","Palsa","CH4.percent",NA,NA,NA
"MEred","Palsa","CH4.percent",NA,NA,NA
"MEgreen","Palsa","CH4.percent",NA,NA,NA
"MEpink","Palsa","CH4.percent",NA,NA,NA
"MEgrey","Palsa","CH4.percent",NA,NA,NA
"MEyellow","Palsa","CO2.percent",-0.491483995830766,7.72141892497609e-05,0.000401722471096729
"MEbrown","Palsa","CO2.percent",-0.582279873388059,1.313469710754e-06,9.03010426143374e-06
"MEturquoise","Palsa","CO2.percent",-0.491586659692431,7.69076510332703e-05,0.000401722471096729
"MEblue","Palsa","CO2.percent",-0.00731056954598878,0.956176074779574,0.963685310968942
"MEblack","Palsa","CO2.percent",0.809547813944954,8.40835359229487e-15,2.49016625617964e-13
"MEred","Palsa","CO2.percent",0.799403771073905,3.18148825521932e-14,8.74909270185314e-13
"MEgreen","Palsa","CO2.percent",0.353318612707078,0.00605169759659975,0.0158496841815708
"MEpink","Palsa","CO2.percent",0.212153127396397,0.106715336605968,0.198480215426559
"MEgrey","Palsa","CO2.percent",-0.620315052734797,1.6052860011661e-07,1.43729095453244e-06
"MEyellow","Palsa","d13C_CH4__",NA,NA,NA
"MEbrown","Palsa","d13C_CH4__",NA,NA,NA
"MEturquoise","Palsa","d13C_CH4__",NA,NA,NA
"MEblue","Palsa","d13C_CH4__",NA,NA,NA
"MEblack","Palsa","d13C_CH4__",NA,NA,NA
"MEred","Palsa","d13C_CH4__",NA,NA,NA
"MEgreen","Palsa","d13C_CH4__",NA,NA,NA
"MEpink","Palsa","d13C_CH4__",NA,NA,NA
"MEgrey","Palsa","d13C_CH4__",NA,NA,NA
"MEyellow","Palsa","d13C_CO2__",0.51121940726496,3.50957415442144e-05,0.00020166955961974
"MEbrown","Palsa","d13C_CO2__",0.858490254788298,3.58304423238397e-18,1.25406548133439e-16
"MEturquoise","Palsa","d13C_CO2__",0.792670982995599,7.38465822349424e-14,1.89539561069685e-12
"MEblue","Palsa","d13C_CO2__",-0.259433963693884,0.0472302180061585,0.101020188513172
"MEblack","Palsa","d13C_CO2__",-0.728442277579977,6.18937673588527e-11,1.08314092877992e-09
"MEred","Palsa","d13C_CO2__",-0.72084882523565,1.20998562949905e-10,2.02541072763972e-09
"MEgreen","Palsa","d13C_CO2__",-0.441126486053182,0.000470416976493441,0.00182939935303005
"MEpink","Palsa","d13C_CO2__",-0.34936670014712,0.00668464468791857,0.0172724040593869
"MEgrey","Palsa","d13C_CO2__",0.454471592371636,0.000299350786200599,0.00125271796399164
"MEyellow","Palsa","dD_CH4__",NA,NA,NA
"MEbrown","Palsa","dD_CH4__",NA,NA,NA
"MEturquoise","Palsa","dD_CH4__",NA,NA,NA
"MEblue","Palsa","dD_CH4__",NA,NA,NA
"MEblack","Palsa","dD_CH4__",NA,NA,NA
"MEred","Palsa","dD_CH4__",NA,NA,NA
"MEgreen","Palsa","dD_CH4__",NA,NA,NA
"MEpink","Palsa","dD_CH4__",NA,NA,NA
"MEgrey","Palsa","dD_CH4__",NA,NA,NA
"MEyellow","Palsa","dD_H2O",NA,NA,NA
"MEbrown","Palsa","dD_H2O",NA,NA,NA
"MEturquoise","Palsa","dD_H2O",NA,NA,NA
"MEblue","Palsa","dD_H2O",NA,NA,NA
"MEblack","Palsa","dD_H2O",NA,NA,NA
"MEred","Palsa","dD_H2O",NA,NA,NA
"MEgreen","Palsa","dD_H2O",NA,NA,NA
"MEpink","Palsa","dD_H2O",NA,NA,NA
"MEgrey","Palsa","dD_H2O",NA,NA,NA
"MEyellow","Palsa","d18O_H2O",NA,NA,NA
"MEbrown","Palsa","d18O_H2O",NA,NA,NA
"MEturquoise","Palsa","d18O_H2O",NA,NA,NA
"MEblue","Palsa","d18O_H2O",NA,NA,NA
"MEblack","Palsa","d18O_H2O",NA,NA,NA
"MEred","Palsa","d18O_H2O",NA,NA,NA
"MEgreen","Palsa","d18O_H2O",NA,NA,NA
"MEpink","Palsa","d18O_H2O",NA,NA,NA
"MEgrey","Palsa","d18O_H2O",NA,NA,NA
"MEyellow","Palsa","DOC.mM__",NA,NA,NA
"MEbrown","Palsa","DOC.mM__",NA,NA,NA
"MEturquoise","Palsa","DOC.mM__",NA,NA,NA
"MEblue","Palsa","DOC.mM__",NA,NA,NA
"MEblack","Palsa","DOC.mM__",NA,NA,NA
"MEred","Palsa","DOC.mM__",NA,NA,NA
"MEgreen","Palsa","DOC.mM__",NA,NA,NA
"MEpink","Palsa","DOC.mM__",NA,NA,NA
"MEgrey","Palsa","DOC.mM__",NA,NA,NA
"MEyellow","Palsa","TN.mM__",NA,NA,NA
"MEbrown","Palsa","TN.mM__",NA,NA,NA
"MEturquoise","Palsa","TN.mM__",NA,NA,NA
"MEblue","Palsa","TN.mM__",NA,NA,NA
"MEblack","Palsa","TN.mM__",NA,NA,NA
"MEred","Palsa","TN.mM__",NA,NA,NA
"MEgreen","Palsa","TN.mM__",NA,NA,NA
"MEpink","Palsa","TN.mM__",NA,NA,NA
"MEgrey","Palsa","TN.mM__",NA,NA,NA
"MEyellow","Palsa","Acetate.uM__",NA,NA,NA
"MEbrown","Palsa","Acetate.uM__",NA,NA,NA
"MEturquoise","Palsa","Acetate.uM__",NA,NA,NA
"MEblue","Palsa","Acetate.uM__",NA,NA,NA
"MEblack","Palsa","Acetate.uM__",NA,NA,NA
"MEred","Palsa","Acetate.uM__",NA,NA,NA
"MEgreen","Palsa","Acetate.uM__",NA,NA,NA
"MEpink","Palsa","Acetate.uM__",NA,NA,NA
"MEgrey","Palsa","Acetate.uM__",NA,NA,NA
"MEyellow","Palsa","Propionate.uM__",NA,NA,NA
"MEbrown","Palsa","Propionate.uM__",NA,NA,NA
"MEturquoise","Palsa","Propionate.uM__",NA,NA,NA
"MEblue","Palsa","Propionate.uM__",NA,NA,NA
"MEblack","Palsa","Propionate.uM__",NA,NA,NA
"MEred","Palsa","Propionate.uM__",NA,NA,NA
"MEgreen","Palsa","Propionate.uM__",NA,NA,NA
"MEpink","Palsa","Propionate.uM__",NA,NA,NA
"MEgrey","Palsa","Propionate.uM__",NA,NA,NA
"MEyellow","Palsa","Formate.uM__",NA,NA,NA
"MEbrown","Palsa","Formate.uM__",NA,NA,NA
"MEturquoise","Palsa","Formate.uM__",NA,NA,NA
"MEblue","Palsa","Formate.uM__",NA,NA,NA
"MEblack","Palsa","Formate.uM__",NA,NA,NA
"MEred","Palsa","Formate.uM__",NA,NA,NA
"MEgreen","Palsa","Formate.uM__",NA,NA,NA
"MEpink","Palsa","Formate.uM__",NA,NA,NA
"MEgrey","Palsa","Formate.uM__",NA,NA,NA
"MEyellow","Palsa","Sulfate.uM__",NA,NA,NA
"MEbrown","Palsa","Sulfate.uM__",NA,NA,NA
"MEturquoise","Palsa","Sulfate.uM__",NA,NA,NA
"MEblue","Palsa","Sulfate.uM__",NA,NA,NA
"MEblack","Palsa","Sulfate.uM__",NA,NA,NA
"MEred","Palsa","Sulfate.uM__",NA,NA,NA
"MEgreen","Palsa","Sulfate.uM__",NA,NA,NA
"MEpink","Palsa","Sulfate.uM__",NA,NA,NA
"MEgrey","Palsa","Sulfate.uM__",NA,NA,NA
"MEyellow","Palsa","Nitrate.uM__",NA,NA,NA
"MEbrown","Palsa","Nitrate.uM__",NA,NA,NA
"MEturquoise","Palsa","Nitrate.uM__",NA,NA,NA
"MEblue","Palsa","Nitrate.uM__",NA,NA,NA
"MEblack","Palsa","Nitrate.uM__",NA,NA,NA
"MEred","Palsa","Nitrate.uM__",NA,NA,NA
"MEgreen","Palsa","Nitrate.uM__",NA,NA,NA
"MEpink","Palsa","Nitrate.uM__",NA,NA,NA
"MEgrey","Palsa","Nitrate.uM__",NA,NA,NA
"MEyellow","Palsa","Ammonia.uM__",NA,NA,NA
"MEbrown","Palsa","Ammonia.uM__",NA,NA,NA
"MEturquoise","Palsa","Ammonia.uM__",NA,NA,NA
"MEblue","Palsa","Ammonia.uM__",NA,NA,NA
"MEblack","Palsa","Ammonia.uM__",NA,NA,NA
"MEred","Palsa","Ammonia.uM__",NA,NA,NA
"MEgreen","Palsa","Ammonia.uM__",NA,NA,NA
"MEpink","Palsa","Ammonia.uM__",NA,NA,NA
"MEgrey","Palsa","Ammonia.uM__",NA,NA,NA
"MEyellow","Palsa","C.percent__",0.675385319822868,4.42000196677477e-09,5.48935728131705e-08
"MEbrown","Palsa","C.percent__",0.59348602856504,7.27140752620208e-07,5.5989837951756e-06
"MEturquoise","Palsa","C.percent__",0.488748269823149,8.5808538552883e-05,0.000440483831238133
"MEblue","Palsa","C.percent__",0.242096051925175,0.064692996759408,0.132794940019355
"MEblack","Palsa","C.percent__",-0.212457049734828,0.106202581878588,0.198480215426559
"MEred","Palsa","C.percent__",-0.432546039570786,0.000623060034778452,0.00232891372223014
"MEgreen","Palsa","C.percent__",-0.718739035258968,1.45206631212751e-10,2.32935637570455e-09
"MEpink","Palsa","C.percent__",-0.894334015520055,1.44025583650617e-21,6.16109441172084e-20
"MEgrey","Palsa","C.percent__",0.362322651025354,0.0048021493716803,0.0133009173244382
"MEyellow","Palsa","N.percent__",-0.425769452446122,0.000773892728883516,0.00281083679830334
"MEbrown","Palsa","N.percent__",-0.600189351025139,5.05015826906494e-07,4.2267628991087e-06
"MEturquoise","Palsa","N.percent__",-0.64485582878867,3.54003048084238e-08,3.68354523006572e-07
"MEblue","Palsa","N.percent__",0.156167337992827,0.237546317338239,0.351333862833243
"MEblack","Palsa","N.percent__",0.690242127634894,1.46562495201421e-09,2.01523430901954e-08
"MEred","Palsa","N.percent__",0.598734876109991,5.46968178732429e-07,4.48048401727628e-06
"MEgreen","Palsa","N.percent__",0.403298436704779,0.00153913075743516,0.0050217401831571
"MEpink","Palsa","N.percent__",0.217503844061596,0.0979631257228346,0.186711898036096
"MEgrey","Palsa","N.percent__",-0.321020380395107,0.0131735207721226,0.0318981477815547
"MEyellow","Palsa","d13C_peat__",0.586942751441385,1.02975808933226e-06,7.34179378505409e-06
"MEbrown","Palsa","d13C_peat__",0.180740768852025,0.170716793964748,0.276159519648856
"MEturquoise","Palsa","d13C_peat__",0.0429242742725757,0.746845218111705,0.822976503270889
"MEblue","Palsa","d13C_peat__",0.590980881676674,8.31510828584074e-07,6.15637825009362e-06
"MEblack","Palsa","d13C_peat__",0.0706587864817634,0.59486912787865,0.700381083282203
"MEred","Palsa","d13C_peat__",-0.219174334478671,0.0953482422211663,0.183545366275745
"MEgreen","Palsa","d13C_peat__",-0.651515473701579,2.29391854356805e-08,2.52331039792486e-07
"MEpink","Palsa","d13C_peat__",-0.697605287332241,8.27452960285018e-10,1.27427755883893e-08
"MEgrey","Palsa","d13C_peat__",0.244186421375355,0.0623464575604097,0.12905046322988
"MEyellow","Palsa","d15N_peat__",-0.0196874029857875,0.882342340044538,0.923102719883552
"MEbrown","Palsa","d15N_peat__",-0.635133096260382,6.54685751086826e-08,6.3013503542107e-07
"MEturquoise","Palsa","d15N_peat__",-0.741953546043045,1.77349935460389e-11,3.25141548344046e-10
"MEblue","Palsa","d15N_peat__",0.639952737263161,4.83992520642171e-08,4.903608432822e-07
"MEblack","Palsa","d15N_peat__",0.554367243028753,5.22566819504327e-06,3.35313709181943e-05
"MEred","Palsa","d15N_peat__",0.33855801528971,0.00872045468188155,0.0220879937666079
"MEgreen","Palsa","d15N_peat__",0.128516894669612,0.33201352531103,0.453280876754421
"MEpink","Palsa","d15N_peat__",0.0511392402048869,0.700492850594111,0.783981824066084
"MEgrey","Palsa","d15N_peat__",-0.0367799664941227,0.782117071759463,0.850607549794896
"MEyellow","Palsa","samplingdate_min_AirTemperature",-0.165719931885072,0.209704684535413,0.320382156929104
"MEbrown","Palsa","samplingdate_min_AirTemperature",-0.182815039011556,0.16577896439364,0.270846401850809
"MEturquoise","Palsa","samplingdate_min_AirTemperature",-0.0994033830890354,0.453825058365393,0.578551812816808
"MEblue","Palsa","samplingdate_min_AirTemperature",-0.0129825665074334,0.922256742819707,0.946850255961566
"MEblack","Palsa","samplingdate_min_AirTemperature",0.150003861526805,0.256803305423004,0.368490031653684
"MEred","Palsa","samplingdate_min_AirTemperature",0.17899965335318,0.174943630083964,0.28063873992636
"MEgreen","Palsa","samplingdate_min_AirTemperature",0.0797017415891729,0.548467712160172,0.657819530160953
"MEpink","Palsa","samplingdate_min_AirTemperature",0.13781679161535,0.297913484390606,0.415567722791244
"MEgrey","Palsa","samplingdate_min_AirTemperature",-0.212804266818196,0.105619112882516,0.198357846145214
"MEyellow","Palsa","samplingdate_max_AirTemperature",-0.105355636309377,0.427107575898988,0.553657968757948
"MEbrown","Palsa","samplingdate_max_AirTemperature",-0.139684659515679,0.291349745124673,0.407889643174542
"MEturquoise","Palsa","samplingdate_max_AirTemperature",-0.167438942011696,0.204949555478976,0.315622315437622
"MEblue","Palsa","samplingdate_max_AirTemperature",-0.084831592349902,0.522943205254255,0.64323684991338
"MEblack","Palsa","samplingdate_max_AirTemperature",0.0403435434518428,0.761601928270099,0.830642329699683
"MEred","Palsa","samplingdate_max_AirTemperature",0.188091214448152,0.153691635567857,0.266105173017869
"MEgreen","Palsa","samplingdate_max_AirTemperature",0.0245782265647304,0.853403595416628,0.907625370816027
"MEpink","Palsa","samplingdate_max_AirTemperature",0.104429252152341,0.431206145247932,0.557095187652529
"MEgrey","Palsa","samplingdate_max_AirTemperature",0.0207600124497563,0.875981307993818,0.920413590460372
"MEyellow","Palsa","samplingdate_mean_AirTemperature",-0.164371397472827,0.213489038104748,0.321738163601048
"MEbrown","Palsa","samplingdate_mean_AirTemperature",-0.189111982751912,0.151430437645831,0.265003265880205
"MEturquoise","Palsa","samplingdate_mean_AirTemperature",-0.172294573008663,0.191931443361091,0.3017595430321
"MEblue","Palsa","samplingdate_mean_AirTemperature",-0.0819173729351039,0.537370326309611,0.656785954378413
"MEblack","Palsa","samplingdate_mean_AirTemperature",0.0812029043634875,0.540936840919988,0.656800934664867
"MEred","Palsa","samplingdate_mean_AirTemperature",0.203827338491752,0.121517757649838,0.221707461768014
"MEgreen","Palsa","samplingdate_mean_AirTemperature",0.0802099675708582,0.545912465175994,0.656800934664867
"MEpink","Palsa","samplingdate_mean_AirTemperature",0.153465507449055,0.245861909243801,0.359911920375906
"MEgrey","Palsa","samplingdate_mean_AirTemperature",-0.0721639557471933,0.587025882158028,0.695835047013498
"MEyellow","Palsa","median_AirTemperature_7d",-0.304744327263182,0.0189341965596741,0.0444491809480154
"MEbrown","Palsa","median_AirTemperature_7d",-0.249241783120536,0.0569541398897518,0.119821551134177
"MEturquoise","Palsa","median_AirTemperature_7d",-0.149797913138484,0.257464463674911,0.368490031653684
"MEblue","Palsa","median_AirTemperature_7d",-0.15968960543428,0.22699894412997,0.337430862895901
"MEblack","Palsa","median_AirTemperature_7d",0.0253700065337416,0.848735654166039,0.905161293224169
"MEred","Palsa","median_AirTemperature_7d",-0.00851494046688299,0.948965268839959,0.96076156045439
"MEgreen","Palsa","median_AirTemperature_7d",0.334582023589954,0.00959474945011248,0.0241436505770804
"MEpink","Palsa","median_AirTemperature_7d",0.329991336761086,0.0106979244660015,0.0264019289705806
"MEgrey","Palsa","median_AirTemperature_7d",-0.0902135121523284,0.496818334274437,0.619013134937406
"MEyellow","Palsa","median_AirTemperature_14d",-0.462429590206703,0.00022659104460883,0.00101439014156279
"MEbrown","Palsa","median_AirTemperature_14d",-0.384971324701523,0.00260631325328855,0.00783930158215696
"MEturquoise","Palsa","median_AirTemperature_14d",-0.245951739562675,0.0604186137740827,0.12641938208164
"MEblue","Palsa","median_AirTemperature_14d",-0.204836010815697,0.119645463072729,0.219350015633337
"MEblack","Palsa","median_AirTemperature_14d",0.071207587119719,0.592004002799511,0.69914583152703
"MEred","Palsa","median_AirTemperature_14d",0.0772622195442257,0.560812495496552,0.670319852893643
"MEgreen","Palsa","median_AirTemperature_14d",0.47739144089279,0.000131736717652226,0.000650238926873168
"MEpink","Palsa","median_AirTemperature_14d",0.47594631039897,0.000138973748608371,0.00067727712929396
"MEgrey","Palsa","median_AirTemperature_14d",-0.278895815220273,0.0324319655210515,0.0730193375766365
"MEyellow","Palsa","median_AirTemperature_21d",-0.494621635269481,6.83359862042164e-05,0.000370554291389061
"MEbrown","Palsa","median_AirTemperature_21d",-0.413121541169289,0.00114622315837511,0.00389357147500799
"MEturquoise","Palsa","median_AirTemperature_21d",-0.25202583845263,0.0541497473494284,0.114547542469945
"MEblue","Palsa","median_AirTemperature_21d",-0.203218336790356,0.122658933393733,0.221707461768014
"MEblack","Palsa","median_AirTemperature_21d",0.105816917324759,0.425075016012332,0.552884733664688
"MEred","Palsa","median_AirTemperature_21d",0.123459221100011,0.351549113105872,0.476571861076622
"MEgreen","Palsa","median_AirTemperature_21d",0.485000862616083,9.90117170612434e-05,0.000501572514060246
"MEpink","Palsa","median_AirTemperature_21d",0.505718517886647,4.39370552454794e-05,0.000245156032891443
"MEgrey","Palsa","median_AirTemperature_21d",-0.360383337705619,0.00505018872412417,0.0137895224027504
"MEyellow","Palsa","median_AirTemperature_28d",-0.41293074876335,0.00115290168350886,0.00389357147500799
"MEbrown","Palsa","median_AirTemperature_28d",-0.356104339912992,0.00563770689220081,0.0150730357881758
"MEturquoise","Palsa","median_AirTemperature_28d",-0.163072347428316,0.217179644087569,0.325346937640911
"MEblue","Palsa","median_AirTemperature_28d",-0.108548920594025,0.4131501784392,0.541029995575142
"MEblack","Palsa","median_AirTemperature_28d",0.164693143684075,0.212581803758623,0.321738163601048
"MEred","Palsa","median_AirTemperature_28d",0.140496775538255,0.288525696353236,0.405410193781007
"MEgreen","Palsa","median_AirTemperature_28d",0.386390107556212,0.0025048089392515,0.00766347058279416
"MEpink","Palsa","median_AirTemperature_28d",0.387755086209433,0.00241049124591876,0.00748418652966712
"MEgrey","Palsa","median_AirTemperature_28d",-0.39972890573825,0.00170940190387977,0.00543900605779926
"MEyellow","Palsa","median_AirTemperature_growing",-0.427685023449441,0.000728222686497109,0.0026701498504894
"MEbrown","Palsa","median_AirTemperature_growing",-0.363586483274804,0.00464633797533119,0.0129626095688588
"MEturquoise","Palsa","median_AirTemperature_growing",-0.169136179666393,0.200330021521768,0.310996202765647
"MEblue","Palsa","median_AirTemperature_growing",-0.116479282909793,0.379646876985879,0.505741736235008
"MEblack","Palsa","median_AirTemperature_growing",0.155960175199254,0.238176982336302,0.351333862833243
"MEred","Palsa","median_AirTemperature_growing",0.200085992323408,0.128657609784926,0.229320276699984
"MEgreen","Palsa","median_AirTemperature_growing",0.402477816391965,0.0015768695499096,0.00510163677911929
"MEpink","Palsa","median_AirTemperature_growing",0.38146153968111,0.00287330677265025,0.00837492902996697
"MEgrey","Palsa","median_AirTemperature_growing",-0.43989559145762,0.000489991390146352,0.00187151061432862
"MEyellow","Palsa","median_AirTemperature_all_growing",-0.213989981598346,0.103645264600372,0.195605033682074
"MEbrown","Palsa","median_AirTemperature_all_growing",-0.182374359963303,0.166819155753182,0.270993143312132
"MEturquoise","Palsa","median_AirTemperature_all_growing",-0.117826769595503,0.374120449060711,0.50362368142788
"MEblue","Palsa","median_AirTemperature_all_growing",-0.145217887317214,0.272465139538268,0.385658377655268
"MEblack","Palsa","median_AirTemperature_all_growing",0.015331882129567,0.908244270807864,0.942517639517594
"MEred","Palsa","median_AirTemperature_all_growing",0.17353989788965,0.188690243759024,0.300189024162084
"MEgreen","Palsa","median_AirTemperature_all_growing",0.189868560355162,0.14977045778184,0.264481866400875
"MEpink","Palsa","median_AirTemperature_all_growing",0.201190143022543,0.12651826445029,0.226555961922613
"MEgrey","Palsa","median_AirTemperature_all_growing",-0.0546988297392462,0.680729103705626,0.766317850662766
"MEyellow","Palsa","mean_AirTemperature_7d",-0.38422513564658,0.00266115308370128,0.00794220106375964
"MEbrown","Palsa","mean_AirTemperature_7d",-0.330193626748903,0.0106470960689921,0.0264019289705806
"MEturquoise","Palsa","mean_AirTemperature_7d",-0.190548905243186,0.148289309715818,0.263093936592581
"MEblue","Palsa","mean_AirTemperature_7d",-0.1554478007619,0.23974174129148,0.352292253424503
"MEblack","Palsa","mean_AirTemperature_7d",0.0922836350360111,0.486953077879922,0.610674055321726
"MEred","Palsa","mean_AirTemperature_7d",0.0911527979492344,0.492329322905728,0.61541165363216
"MEgreen","Palsa","mean_AirTemperature_7d",0.381212327749025,0.00289315730126132,0.00837492902996697
"MEpink","Palsa","mean_AirTemperature_7d",0.383320858880827,0.00272898518896752,0.00802029998284348
"MEgrey","Palsa","mean_AirTemperature_7d",-0.237576868860766,0.0700085134243097,0.140381654522704
"MEyellow","Palsa","mean_AirTemperature_14d",-0.449431432846378,0.000355847422848171,0.00144211850312154
"MEbrown","Palsa","mean_AirTemperature_14d",-0.385872130371054,0.00254145135882783,0.00770439978857255
"MEturquoise","Palsa","mean_AirTemperature_14d",-0.23441348705947,0.0739327114115063,0.146722133471288
"MEblue","Palsa","mean_AirTemperature_14d",-0.168386225132837,0.202362036107689,0.312889091973735
"MEblack","Palsa","mean_AirTemperature_14d",0.106513770914248,0.42201489812685,0.550765206029957
"MEred","Palsa","mean_AirTemperature_14d",0.0927017522728535,0.484973105066735,0.610178579904225
"MEgreen","Palsa","mean_AirTemperature_14d",0.452903782383973,0.000315980631672939,0.0012941759914264
"MEpink","Palsa","mean_AirTemperature_14d",0.446714255626381,0.000390178598847152,0.00156477875579326
"MEgrey","Palsa","mean_AirTemperature_14d",-0.313986465642624,0.0154453555605608,0.0369345459056889
"MEyellow","Palsa","mean_AirTemperature_21d",-0.482964109154187,0.00010694689642532,0.000534734482126602
"MEbrown","Palsa","mean_AirTemperature_21d",-0.414298534789666,0.00110578741366811,0.00380114423448413
"MEturquoise","Palsa","mean_AirTemperature_21d",-0.24429809541168,0.0622230525744845,0.12905046322988
"MEblue","Palsa","mean_AirTemperature_21d",-0.170066650541809,0.197829103669776,0.308357104910379
"MEblack","Palsa","mean_AirTemperature_21d",0.131432934580083,0.321066872322829,0.44464297066291
"MEred","Palsa","mean_AirTemperature_21d",0.130682992987637,0.323859937626477,0.445307414236406
"MEgreen","Palsa","mean_AirTemperature_21d",0.471620260288432,0.000162871715852966,0.000755489284378215
"MEpink","Palsa","mean_AirTemperature_21d",0.475207283492527,0.000142813874052817,0.000687291768879184
"MEgrey","Palsa","mean_AirTemperature_21d",-0.383899779273213,0.00268538418429564,0.00795286854579863
"MEyellow","Palsa","mean_AirTemperature_28d",-0.409389854804665,0.00128336907426013,0.00429649646600131
"MEbrown","Palsa","mean_AirTemperature_28d",-0.371389150851583,0.00377934573701274,0.0107781341388882
"MEturquoise","Palsa","mean_AirTemperature_28d",-0.1860656557442,0.158252458101795,0.267224545478909
"MEblue","Palsa","mean_AirTemperature_28d",-0.0872215111342164,0.511257953202027,0.630879205073015
"MEblack","Palsa","mean_AirTemperature_28d",0.187892979756126,0.15413364567009,0.266105173017869
"MEred","Palsa","mean_AirTemperature_28d",0.183235212938119,0.164791604627866,0.270846401850809
"MEgreen","Palsa","mean_AirTemperature_28d",0.36917330283657,0.00400967778343636,0.0113509260781103
"MEpink","Palsa","mean_AirTemperature_28d",0.3638433562284,0.00461521985699784,0.0129626095688588
"MEgrey","Palsa","mean_AirTemperature_28d",-0.421753003124378,0.000878151486652516,0.00313044742927054
"MEyellow","Palsa","mean_AirTemperature_growing",-0.418599421175024,0.000968715088296484,0.00342160833939584
"MEbrown","Palsa","mean_AirTemperature_growing",-0.372122297759693,0.0037057564176579,0.0106471359761067
"MEturquoise","Palsa","mean_AirTemperature_growing",-0.188334176531629,0.153151175586816,0.266105173017869
"MEblue","Palsa","mean_AirTemperature_growing",-0.0960291822771057,0.469368666628586,0.596392530204639
"MEblack","Palsa","mean_AirTemperature_growing",0.164213596017165,0.213934986706151,0.321738163601048
"MEred","Palsa","mean_AirTemperature_growing",0.203379697126003,0.122355778369118,0.221707461768014
"MEgreen","Palsa","mean_AirTemperature_growing",0.399368605854238,0.00172749226749076,0.00545151248347494
"MEpink","Palsa","mean_AirTemperature_growing",0.353704098792999,0.00599286612262473,0.0158031058713049
"MEgrey","Palsa","mean_AirTemperature_growing",-0.427808431821583,0.000725365736008189,0.0026701498504894
"MEyellow","Palsa","mean_AirTemperature_all_growing",-0.273299749963996,0.0362249017153907,0.0801527997725599
"MEbrown","Palsa","mean_AirTemperature_all_growing",-0.254645042163363,0.0516148236460595,0.109788437037198
"MEturquoise","Palsa","mean_AirTemperature_all_growing",-0.172257400734487,0.192028800111337,0.3017595430321
"MEblue","Palsa","mean_AirTemperature_all_growing",-0.117481419375382,0.375532191329603,0.503762695686053
"MEblack","Palsa","mean_AirTemperature_all_growing",0.0575101021893468,0.665268856311506,0.758870864944417
"MEred","Palsa","mean_AirTemperature_all_growing",0.151056003777557,0.253443512067278,0.36682613588685
"MEgreen","Palsa","mean_AirTemperature_all_growing",0.269743314292213,0.0388214328793053,0.0849218844234804
"MEpink","Palsa","mean_AirTemperature_all_growing",0.23325824474174,0.0754086796249045,0.148883803361991
"MEgrey","Palsa","mean_AirTemperature_all_growing",-0.129756021396026,0.327333553908612,0.448481915497565
"MEyellow","Palsa","pct_time_below_WTD_21d",NA,NA,NA
"MEbrown","Palsa","pct_time_below_WTD_21d",NA,NA,NA
"MEturquoise","Palsa","pct_time_below_WTD_21d",NA,NA,NA
"MEblue","Palsa","pct_time_below_WTD_21d",NA,NA,NA
"MEblack","Palsa","pct_time_below_WTD_21d",NA,NA,NA
"MEred","Palsa","pct_time_below_WTD_21d",NA,NA,NA
"MEgreen","Palsa","pct_time_below_WTD_21d",NA,NA,NA
"MEpink","Palsa","pct_time_below_WTD_21d",NA,NA,NA
"MEgrey","Palsa","pct_time_below_WTD_21d",NA,NA,NA
"MEyellow","Palsa","pct_time_below_WTD_28d",NA,NA,NA
"MEbrown","Palsa","pct_time_below_WTD_28d",NA,NA,NA
"MEturquoise","Palsa","pct_time_below_WTD_28d",NA,NA,NA
"MEblue","Palsa","pct_time_below_WTD_28d",NA,NA,NA
"MEblack","Palsa","pct_time_below_WTD_28d",NA,NA,NA
"MEred","Palsa","pct_time_below_WTD_28d",NA,NA,NA
"MEgreen","Palsa","pct_time_below_WTD_28d",NA,NA,NA
"MEpink","Palsa","pct_time_below_WTD_28d",NA,NA,NA
"MEgrey","Palsa","pct_time_below_WTD_28d",NA,NA,NA
"MEyellow","Palsa","pct_time_below_WTD_growing",NA,NA,NA
"MEbrown","Palsa","pct_time_below_WTD_growing",NA,NA,NA
"MEturquoise","Palsa","pct_time_below_WTD_growing",NA,NA,NA
"MEblue","Palsa","pct_time_below_WTD_growing",NA,NA,NA
"MEblack","Palsa","pct_time_below_WTD_growing",NA,NA,NA
"MEred","Palsa","pct_time_below_WTD_growing",NA,NA,NA
"MEgreen","Palsa","pct_time_below_WTD_growing",NA,NA,NA
"MEpink","Palsa","pct_time_below_WTD_growing",NA,NA,NA
"MEgrey","Palsa","pct_time_below_WTD_growing",NA,NA,NA
"MEyellow","Palsa","pct_time_below_WTD_all_growing",NA,NA,NA
"MEbrown","Palsa","pct_time_below_WTD_all_growing",NA,NA,NA
"MEturquoise","Palsa","pct_time_below_WTD_all_growing",NA,NA,NA
"MEblue","Palsa","pct_time_below_WTD_all_growing",NA,NA,NA
"MEblack","Palsa","pct_time_below_WTD_all_growing",NA,NA,NA
"MEred","Palsa","pct_time_below_WTD_all_growing",NA,NA,NA
"MEgreen","Palsa","pct_time_below_WTD_all_growing",NA,NA,NA
"MEpink","Palsa","pct_time_below_WTD_all_growing",NA,NA,NA
"MEgrey","Palsa","pct_time_below_WTD_all_growing",NA,NA,NA
"MEyellow","Palsa","d13CH4_AVE_1wk_before_coring",NA,NA,NA
"MEbrown","Palsa","d13CH4_AVE_1wk_before_coring",NA,NA,NA
"MEturquoise","Palsa","d13CH4_AVE_1wk_before_coring",NA,NA,NA
"MEblue","Palsa","d13CH4_AVE_1wk_before_coring",NA,NA,NA
"MEblack","Palsa","d13CH4_AVE_1wk_before_coring",NA,NA,NA
"MEred","Palsa","d13CH4_AVE_1wk_before_coring",NA,NA,NA
"MEgreen","Palsa","d13CH4_AVE_1wk_before_coring",NA,NA,NA
"MEpink","Palsa","d13CH4_AVE_1wk_before_coring",NA,NA,NA
"MEgrey","Palsa","d13CH4_AVE_1wk_before_coring",NA,NA,NA
"MEyellow","Palsa","d13CH4_SE_1wk_before_coring",NA,NA,NA
"MEbrown","Palsa","d13CH4_SE_1wk_before_coring",NA,NA,NA
"MEturquoise","Palsa","d13CH4_SE_1wk_before_coring",NA,NA,NA
"MEblue","Palsa","d13CH4_SE_1wk_before_coring",NA,NA,NA
"MEblack","Palsa","d13CH4_SE_1wk_before_coring",NA,NA,NA
"MEred","Palsa","d13CH4_SE_1wk_before_coring",NA,NA,NA
"MEgreen","Palsa","d13CH4_SE_1wk_before_coring",NA,NA,NA
"MEpink","Palsa","d13CH4_SE_1wk_before_coring",NA,NA,NA
"MEgrey","Palsa","d13CH4_SE_1wk_before_coring",NA,NA,NA
"MEyellow","Palsa","CH4_Flux_AVE_1wk_before_coring",0.0559430025884155,0.673870345934209,0.760821358312816
"MEbrown","Palsa","CH4_Flux_AVE_1wk_before_coring",-0.0205238382691479,0.877381266750536,0.920413590460372
"MEturquoise","Palsa","CH4_Flux_AVE_1wk_before_coring",0.019209180096558,0.885180812980512,0.923562636849586
"MEblue","Palsa","CH4_Flux_AVE_1wk_before_coring",0.185542042848632,0.15944750690279,0.268066769247049
"MEblack","Palsa","CH4_Flux_AVE_1wk_before_coring",0.170287286395913,0.197239354632427,0.308357104910379
"MEred","Palsa","CH4_Flux_AVE_1wk_before_coring",0.069716969918756,0.599800381213077,0.70402919415108
"MEgreen","Palsa","CH4_Flux_AVE_1wk_before_coring",-0.10363945144523,0.43471789485149,0.5597538110964
"MEpink","Palsa","CH4_Flux_AVE_1wk_before_coring",-0.137258343459036,0.299894413226853,0.416820754845986
"MEgrey","Palsa","CH4_Flux_AVE_1wk_before_coring",-0.186586930621389,0.157069316050571,0.266395095504272
"MEyellow","Palsa","CH4_Flux_SE_1wk_before_coring",-0.0340367050850246,0.798011683495345,0.853429161515855
"MEbrown","Palsa","CH4_Flux_SE_1wk_before_coring",-0.0996462599333717,0.452717235235046,0.578551812816808
"MEturquoise","Palsa","CH4_Flux_SE_1wk_before_coring",0.00362250249172545,0.978276527894114,0.980824123018839
"MEblue","Palsa","CH4_Flux_SE_1wk_before_coring",0.184353316208126,0.162185197049462,0.270846401850809
"MEblack","Palsa","CH4_Flux_SE_1wk_before_coring",0.225799296839916,0.0855100433894465,0.166808428668954
"MEred","Palsa","CH4_Flux_SE_1wk_before_coring",0.151380925276262,0.252411993179953,0.366711763676535
"MEgreen","Palsa","CH4_Flux_SE_1wk_before_coring",-0.0227029675051139,0.864478858776133,0.91435263909014
"MEpink","Palsa","CH4_Flux_SE_1wk_before_coring",-0.0881631128147368,0.506690829128451,0.627604353827492
"MEgrey","Palsa","CH4_Flux_SE_1wk_before_coring",-0.321214856941277,0.013115030876676,0.0318981477815547
"MEyellow","Palsa","d13CH4_AVE_2wk_before_coring",NA,NA,NA
"MEbrown","Palsa","d13CH4_AVE_2wk_before_coring",NA,NA,NA
"MEturquoise","Palsa","d13CH4_AVE_2wk_before_coring",NA,NA,NA
"MEblue","Palsa","d13CH4_AVE_2wk_before_coring",NA,NA,NA
"MEblack","Palsa","d13CH4_AVE_2wk_before_coring",NA,NA,NA
"MEred","Palsa","d13CH4_AVE_2wk_before_coring",NA,NA,NA
"MEgreen","Palsa","d13CH4_AVE_2wk_before_coring",NA,NA,NA
"MEpink","Palsa","d13CH4_AVE_2wk_before_coring",NA,NA,NA
"MEgrey","Palsa","d13CH4_AVE_2wk_before_coring",NA,NA,NA
"MEyellow","Palsa","d13CH4_SE_2wk_before_coring",NA,NA,NA
"MEbrown","Palsa","d13CH4_SE_2wk_before_coring",NA,NA,NA
"MEturquoise","Palsa","d13CH4_SE_2wk_before_coring",NA,NA,NA
"MEblue","Palsa","d13CH4_SE_2wk_before_coring",NA,NA,NA
"MEblack","Palsa","d13CH4_SE_2wk_before_coring",NA,NA,NA
"MEred","Palsa","d13CH4_SE_2wk_before_coring",NA,NA,NA
"MEgreen","Palsa","d13CH4_SE_2wk_before_coring",NA,NA,NA
"MEpink","Palsa","d13CH4_SE_2wk_before_coring",NA,NA,NA
"MEgrey","Palsa","d13CH4_SE_2wk_before_coring",NA,NA,NA
"MEyellow","Palsa","CH4_Flux_AVE_2wk_before_coring",-0.0354232681343288,0.789967231009231,0.852052346069313
"MEbrown","Palsa","CH4_Flux_AVE_2wk_before_coring",-0.0843056126917141,0.525532726219189,0.64436337450442
"MEturquoise","Palsa","CH4_Flux_AVE_2wk_before_coring",-0.0881046252350365,0.506973906598312,0.627604353827492
"MEblue","Palsa","CH4_Flux_AVE_2wk_before_coring",0.0538117344801935,0.685635181240523,0.769590509555689
"MEblack","Palsa","CH4_Flux_AVE_2wk_before_coring",0.110285565230737,0.405671316940205,0.533049341371942
"MEred","Palsa","CH4_Flux_AVE_2wk_before_coring",0.101905632588927,0.442483207460897,0.567853449574818
"MEgreen","Palsa","CH4_Flux_AVE_2wk_before_coring",-0.034639615077028,0.794511148672425,0.852052346069313
"MEpink","Palsa","CH4_Flux_AVE_2wk_before_coring",0.0082118414176839,0.950779622163955,0.96076156045439
"MEgrey","Palsa","CH4_Flux_AVE_2wk_before_coring",-0.130766464231415,0.323548299492668,0.445307414236406
"MEyellow","Palsa","CH4_Flux_SE_2wk_before_coring",-0.2895426673155,0.026127178416789,0.0605961668100226
"MEbrown","Palsa","CH4_Flux_SE_2wk_before_coring",-0.307483951651447,0.017836195203089,0.0421284365226336
"MEturquoise","Palsa","CH4_Flux_SE_2wk_before_coring",-0.189560132559219,0.150445529199459,0.264481866400875
"MEblue","Palsa","CH4_Flux_SE_2wk_before_coring",0.0178953497734805,0.892986282270947,0.929188428849499
"MEblack","Palsa","CH4_Flux_SE_2wk_before_coring",0.215320234502315,0.101464903133447,0.192433436977227
"MEred","Palsa","CH4_Flux_SE_2wk_before_coring",0.186793904990773,0.156601359185662,0.266395095504272
"MEgreen","Palsa","CH4_Flux_SE_2wk_before_coring",0.225604679642017,0.0857871918868907,0.166808428668954
"MEpink","Palsa","CH4_Flux_SE_2wk_before_coring",0.2023404974887,0.124318185249809,0.223656548229797
"MEgrey","Palsa","CH4_Flux_SE_2wk_before_coring",-0.403984091256023,0.00150822172187973,0.00496295181986064
"MEyellow","Palsa","d13CH4_AVE_3wk_before_coring",NA,NA,NA
"MEbrown","Palsa","d13CH4_AVE_3wk_before_coring",NA,NA,NA
"MEturquoise","Palsa","d13CH4_AVE_3wk_before_coring",NA,NA,NA
"MEblue","Palsa","d13CH4_AVE_3wk_before_coring",NA,NA,NA
"MEblack","Palsa","d13CH4_AVE_3wk_before_coring",NA,NA,NA
"MEred","Palsa","d13CH4_AVE_3wk_before_coring",NA,NA,NA
"MEgreen","Palsa","d13CH4_AVE_3wk_before_coring",NA,NA,NA
"MEpink","Palsa","d13CH4_AVE_3wk_before_coring",NA,NA,NA
"MEgrey","Palsa","d13CH4_AVE_3wk_before_coring",NA,NA,NA
"MEyellow","Palsa","d13CH4_SE_3wk_before_coring",NA,NA,NA
"MEbrown","Palsa","d13CH4_SE_3wk_before_coring",NA,NA,NA
"MEturquoise","Palsa","d13CH4_SE_3wk_before_coring",NA,NA,NA
"MEblue","Palsa","d13CH4_SE_3wk_before_coring",NA,NA,NA
"MEblack","Palsa","d13CH4_SE_3wk_before_coring",NA,NA,NA
"MEred","Palsa","d13CH4_SE_3wk_before_coring",NA,NA,NA
"MEgreen","Palsa","d13CH4_SE_3wk_before_coring",NA,NA,NA
"MEpink","Palsa","d13CH4_SE_3wk_before_coring",NA,NA,NA
"MEgrey","Palsa","d13CH4_SE_3wk_before_coring",NA,NA,NA
"MEyellow","Palsa","CH4_Flux_AVE_3wk_before_coring",-0.126233419294382,0.340747448547046,0.463561016574603
"MEbrown","Palsa","CH4_Flux_AVE_3wk_before_coring",-0.179133719688382,0.174615486153429,0.28063873992636
"MEturquoise","Palsa","CH4_Flux_AVE_3wk_before_coring",-0.0419447855912918,0.752435660133384,0.822976503270889
"MEblue","Palsa","CH4_Flux_AVE_3wk_before_coring",0.183708478011758,0.163684655804143,0.270846401850809
"MEblack","Palsa","CH4_Flux_AVE_3wk_before_coring",0.241101434165693,0.0658341392216243,0.134106579895901
"MEred","Palsa","CH4_Flux_AVE_3wk_before_coring",0.0457650176943052,0.73070575846617,0.810725409249208
"MEgreen","Palsa","CH4_Flux_AVE_3wk_before_coring",0.141511533361043,0.285022308466616,0.401954537581125
"MEpink","Palsa","CH4_Flux_AVE_3wk_before_coring",0.00174847548204983,0.98951375107486,0.98951375107486
"MEgrey","Palsa","CH4_Flux_AVE_3wk_before_coring",-0.338984180658475,0.00863099003851077,0.0220061666544811
"MEyellow","Palsa","CH4_Flux_SE_3wk_before_coring",-0.280475978985581,0.0314229912085441,0.0711638330311146
"MEbrown","Palsa","CH4_Flux_SE_3wk_before_coring",-0.315724157924712,0.0148549928255226,0.0357448264864138
"MEturquoise","Palsa","CH4_Flux_SE_3wk_before_coring",-0.151589411616913,0.251751619842667,0.366711763676535
"MEblue","Palsa","CH4_Flux_SE_3wk_before_coring",0.0941831501521709,0.477992318897518,0.605352114393239
"MEblack","Palsa","CH4_Flux_SE_3wk_before_coring",0.276389709371095,0.0340874906059879,0.0763004876936358
"MEred","Palsa","CH4_Flux_SE_3wk_before_coring",0.172430825624981,0.191574890469589,0.3017595430321
"MEgreen","Palsa","CH4_Flux_SE_3wk_before_coring",0.268395700796015,0.0398446910023467,0.0866678307113191
"MEpink","Palsa","CH4_Flux_SE_3wk_before_coring",0.149461057722191,0.258548350015207,0.368670795392054
"MEgrey","Palsa","CH4_Flux_SE_3wk_before_coring",-0.453651753852313,0.000307944644420715,0.00127482460324705
"MEyellow","Palsa","d13CH4_AVE_4wk_before_coring",NA,NA,NA
"MEbrown","Palsa","d13CH4_AVE_4wk_before_coring",NA,NA,NA
"MEturquoise","Palsa","d13CH4_AVE_4wk_before_coring",NA,NA,NA
"MEblue","Palsa","d13CH4_AVE_4wk_before_coring",NA,NA,NA
"MEblack","Palsa","d13CH4_AVE_4wk_before_coring",NA,NA,NA
"MEred","Palsa","d13CH4_AVE_4wk_before_coring",NA,NA,NA
"MEgreen","Palsa","d13CH4_AVE_4wk_before_coring",NA,NA,NA
"MEpink","Palsa","d13CH4_AVE_4wk_before_coring",NA,NA,NA
"MEgrey","Palsa","d13CH4_AVE_4wk_before_coring",NA,NA,NA
"MEyellow","Palsa","d13CH4_SE_4wk_before_coring",NA,NA,NA
"MEbrown","Palsa","d13CH4_SE_4wk_before_coring",NA,NA,NA
"MEturquoise","Palsa","d13CH4_SE_4wk_before_coring",NA,NA,NA
"MEblue","Palsa","d13CH4_SE_4wk_before_coring",NA,NA,NA
"MEblack","Palsa","d13CH4_SE_4wk_before_coring",NA,NA,NA
"MEred","Palsa","d13CH4_SE_4wk_before_coring",NA,NA,NA
"MEgreen","Palsa","d13CH4_SE_4wk_before_coring",NA,NA,NA
"MEpink","Palsa","d13CH4_SE_4wk_before_coring",NA,NA,NA
"MEgrey","Palsa","d13CH4_SE_4wk_before_coring",NA,NA,NA
"MEyellow","Palsa","CH4_Flux_AVE_4wk_before_coring",-0.581142977524067,1.39296359423448e-06,9.40861375053116e-06
"MEbrown","Palsa","CH4_Flux_AVE_4wk_before_coring",-0.531379097468816,1.48899337395355e-05,8.9572257651893e-05
"MEturquoise","Palsa","CH4_Flux_AVE_4wk_before_coring",-0.432715373795372,0.000619658145239373,0.00232891372223014
"MEblue","Palsa","CH4_Flux_AVE_4wk_before_coring",-0.217587554807293,0.0978307766313784,0.186711898036096
"MEblack","Palsa","CH4_Flux_AVE_4wk_before_coring",0.167028090492056,0.206079052078157,0.316097350797174
"MEred","Palsa","CH4_Flux_AVE_4wk_before_coring",0.17380996582217,0.187992555093176,0.300189024162084
"MEgreen","Palsa","CH4_Flux_AVE_4wk_before_coring",0.594036172180638,7.05928250721976e-07,5.54657911281553e-06
"MEpink","Palsa","CH4_Flux_AVE_4wk_before_coring",0.458621935440108,0.000259105117485821,0.00112084798013529
"MEgrey","Palsa","CH4_Flux_AVE_4wk_before_coring",-0.35421827273034,0.0059151756899449,0.0157058113146813
"MEyellow","Palsa","CH4_Flux_SE_4wk_before_coring",-0.63694142448109,5.84891517107829e-08,5.77392907914139e-07
"MEbrown","Palsa","CH4_Flux_SE_4wk_before_coring",-0.589479243977022,9.00635571758153e-07,6.54235273824319e-06
"MEturquoise","Palsa","CH4_Flux_SE_4wk_before_coring",-0.470959298786585,0.000166837643241858,0.000764672531525183
"MEblue","Palsa","CH4_Flux_SE_4wk_before_coring",-0.240116746694649,0.0669797397920536,0.135722104315477
"MEblack","Palsa","CH4_Flux_SE_4wk_before_coring",0.238152642458673,0.0693124969892849,0.139713671941752
"MEred","Palsa","CH4_Flux_SE_4wk_before_coring",0.361706485829779,0.00487976821078711,0.0134193625796645
"MEgreen","Palsa","CH4_Flux_SE_4wk_before_coring",0.565344615550307,3.0818195667843e-06,2.01101785290162e-05
"MEpink","Palsa","CH4_Flux_SE_4wk_before_coring",0.491494491818001,7.7182798369734e-05,0.000401722471096729
"MEgrey","Palsa","CH4_Flux_SE_4wk_before_coring",-0.470528567609623,0.000169469501388183,0.000767597153346474
"MEyellow","Palsa","alphaC",NA,NA,NA
"MEbrown","Palsa","alphaC",NA,NA,NA
"MEturquoise","Palsa","alphaC",NA,NA,NA
"MEblue","Palsa","alphaC",NA,NA,NA
"MEblack","Palsa","alphaC",NA,NA,NA
"MEred","Palsa","alphaC",NA,NA,NA
"MEgreen","Palsa","alphaC",NA,NA,NA
"MEpink","Palsa","alphaC",NA,NA,NA
"MEgrey","Palsa","alphaC",NA,NA,NA
"MEyellow","Palsa","CH4_CO2_porewater_percent",NA,NA,NA
"MEbrown","Palsa","CH4_CO2_porewater_percent",NA,NA,NA
"MEturquoise","Palsa","CH4_CO2_porewater_percent",NA,NA,NA
"MEblue","Palsa","CH4_CO2_porewater_percent",NA,NA,NA
"MEblack","Palsa","CH4_CO2_porewater_percent",NA,NA,NA
"MEred","Palsa","CH4_CO2_porewater_percent",NA,NA,NA
"MEgreen","Palsa","CH4_CO2_porewater_percent",NA,NA,NA
"MEpink","Palsa","CH4_CO2_porewater_percent",NA,NA,NA
"MEgrey","Palsa","CH4_CO2_porewater_percent",NA,NA,NA
"MEyellow","Palsa","CH4_CO2_porewater_ratio",NA,NA,NA
"MEbrown","Palsa","CH4_CO2_porewater_ratio",NA,NA,NA
"MEturquoise","Palsa","CH4_CO2_porewater_ratio",NA,NA,NA
"MEblue","Palsa","CH4_CO2_porewater_ratio",NA,NA,NA
"MEblack","Palsa","CH4_CO2_porewater_ratio",NA,NA,NA
"MEred","Palsa","CH4_CO2_porewater_ratio",NA,NA,NA
"MEgreen","Palsa","CH4_CO2_porewater_ratio",NA,NA,NA
"MEpink","Palsa","CH4_CO2_porewater_ratio",NA,NA,NA
"MEgrey","Palsa","CH4_CO2_porewater_ratio",NA,NA,NA
"MEyellow","Palsa","WTD",NA,NA,NA
"MEbrown","Palsa","WTD",NA,NA,NA
"MEturquoise","Palsa","WTD",NA,NA,NA
"MEblue","Palsa","WTD",NA,NA,NA
"MEblack","Palsa","WTD",NA,NA,NA
"MEred","Palsa","WTD",NA,NA,NA
"MEgreen","Palsa","WTD",NA,NA,NA
"MEpink","Palsa","WTD",NA,NA,NA
"MEgrey","Palsa","WTD",NA,NA,NA
"MEyellow","Palsa","ALD",-0.0802436160051907,0.545743491371729,0.656800934664867
"MEbrown","Palsa","ALD",0.0666468052902886,0.615998970393717,0.710058693417907
"MEturquoise","Palsa","ALD",0.182710484567296,0.166025326848808,0.270846401850809
"MEblue","Palsa","ALD",-0.115845759141628,0.382261935699708,0.505741736235008
"MEblack","Palsa","ALD",0.0349229391264996,0.79286753632447,0.852052346069313
"MEred","Palsa","ALD",0.00835891352201703,0.949899215786387,0.96076156045439
"MEgreen","Palsa","ALD",-0.0137701505057355,0.91755637412323,0.944543326303325
"MEpink","Palsa","ALD",-0.0566159201536686,0.670171672937927,0.758870864944417
"MEgrey","Palsa","ALD",-0.0420100074479697,0.752063009021042,0.822976503270889
"MEyellow","Palsa","Min_ALD",-0.0802436160051907,0.545743491371729,0.656800934664867
"MEbrown","Palsa","Min_ALD",0.0666468052902886,0.615998970393717,0.710058693417907
"MEturquoise","Palsa","Min_ALD",0.182710484567296,0.166025326848808,0.270846401850809
"MEblue","Palsa","Min_ALD",-0.115845759141628,0.382261935699708,0.505741736235008
"MEblack","Palsa","Min_ALD",0.0349229391264996,0.79286753632447,0.852052346069313
"MEred","Palsa","Min_ALD",0.00835891352201703,0.949899215786387,0.96076156045439
"MEgreen","Palsa","Min_ALD",-0.0137701505057355,0.91755637412323,0.944543326303325
"MEpink","Palsa","Min_ALD",-0.0566159201536686,0.670171672937927,0.758870864944417
"MEgrey","Palsa","Min_ALD",-0.0420100074479697,0.752063009021042,0.822976503270889
"MEyellow","Palsa","Min_PF_dist_from_sample",0.472824698980771,0.000155865991406685,0.000740844527056466
"MEbrown","Palsa","Min_PF_dist_from_sample",0.691179564164015,1.36401653889474e-09,1.94498654620176e-08
"MEturquoise","Palsa","Min_PF_dist_from_sample",0.671022563003396,6.03967027002261e-09,7.26647829362095e-08
"MEblue","Palsa","Min_PF_dist_from_sample",-0.0122519669837254,0.92661939115392,0.94879911062303
"MEblack","Palsa","Min_PF_dist_from_sample",-0.358471687974559,0.00530565232560016,0.0142844485689235
"MEred","Palsa","Min_PF_dist_from_sample",-0.44582191596851,0.000402093621385872,0.00159593860034599
"MEgreen","Palsa","Min_PF_dist_from_sample",-0.390291798905959,0.00224357592090701,0.00702257503698536
"MEpink","Palsa","Min_PF_dist_from_sample",-0.661837562002938,1.14604026028792e-08,1.3370469703359e-07
"MEgrey","Palsa","Min_PF_dist_from_sample",0.211380872988917,0.108026816981646,0.199953483355451
"MEyellow","Palsa","DepthAvg__neg",0.625795318203419,1.1584264208557e-07,1.06189088578439e-06
"MEbrown","Palsa","DepthAvg__neg",0.784967691637235,1.86463175496998e-13,4.2228425039026e-12
"MEturquoise","Palsa","DepthAvg__neg",0.678788864167374,3.4518006971708e-09,4.42981089470253e-08
"MEblue","Palsa","DepthAvg__neg",0.0670128245276305,0.614058010457755,0.710058693417907
"MEblack","Palsa","DepthAvg__neg",-0.45615699539809,0.000282366445536306,0.00119462726957668
"MEred","Palsa","DepthAvg__neg",-0.542556338545967,9.03575477381585e-06,5.6109122385792e-05
"MEgreen","Palsa","DepthAvg__neg",-0.460093972836837,0.000246061503321432,0.00107651907703126
"MEpink","Palsa","DepthAvg__neg",-0.75672689523711,4.12644505347278e-12,8.36148076624747e-11
"MEgrey","Palsa","DepthAvg__neg",0.284098737579545,0.0292083574015253,0.0665397491099836
"MEyellow","Palsa","Samp_dist_WT",NA,NA,NA
"MEbrown","Palsa","Samp_dist_WT",NA,NA,NA
"MEturquoise","Palsa","Samp_dist_WT",NA,NA,NA
"MEblue","Palsa","Samp_dist_WT",NA,NA,NA
"MEblack","Palsa","Samp_dist_WT",NA,NA,NA
"MEred","Palsa","Samp_dist_WT",NA,NA,NA
"MEgreen","Palsa","Samp_dist_WT",NA,NA,NA
"MEpink","Palsa","Samp_dist_WT",NA,NA,NA
"MEgrey","Palsa","Samp_dist_WT",NA,NA,NA
