212,462,0.3999
349,462,0.3639
210,462,0.4715
296,462,0.3987
181,462,0.4693
43,462,0.3503
151,462,0.3965
199,462,0.3674
123,462,0.4174
60,462,0.3913
315,462,0.388
48,462,0.4266
69,462,0.3924
348,21,0.3632
210,21,0.344
296,21,0.3652
212,348,0.5311
349,348,0.4696
394,348,0.4096
341,348,0.3948
132,348,0.4373
291,348,0.3336
210,348,0.5625
209,348,0.4532
163,348,0.4308
173,348,0.3637
385,348,0.4236
296,348,0.5241
181,348,0.5809
43,348,0.417
151,348,0.5312
8,348,0.4407
199,348,0.5138
287,348,0.4513
123,348,0.4986
120,348,0.3918
311,348,0.3886
60,348,0.5121
315,348,0.4482
351,348,0.334
213,348,0.4677
390,348,0.4204
39,348,0.4357
478,348,0.3637
10,348,0.4358
48,348,0.496
357,348,0.3963
101,348,0.3904
292,348,0.4157
447,348,0.4692
329,348,0.489
364,348,0.4786
69,348,0.5116
34,348,0.4522
65,348,0.4596
241,348,0.4136
438,348,0.3946
40,348,0.3847
122,348,0.3937
349,212,0.4222
394,212,0.4233
132,212,0.3749
210,212,0.595
209,212,0.3792
163,212,0.4085
385,212,0.3899
296,212,0.5187
181,212,0.5488
151,212,0.5064
8,212,0.3973
199,212,0.5011
287,212,0.4621
123,212,0.4974
120,212,0.3903
60,212,0.4746
213,212,0.4371
39,212,0.4388
466,212,0.3456
10,212,0.4
48,212,0.4393
357,212,0.4391
292,212,0.4433
447,212,0.4891
329,212,0.4519
364,212,0.4654
69,212,0.4997
34,212,0.4572
65,212,0.4222
241,212,0.4572
438,212,0.3795
122,212,0.4074
394,349,0.39
341,349,0.3645
210,349,0.5487
163,349,0.3963
385,349,0.4235
296,349,0.4912
181,349,0.5357
43,349,0.4104
151,349,0.4499
8,349,0.4039
199,349,0.4597
123,349,0.4274
60,349,0.4278
315,349,0.4181
213,349,0.4375
390,349,0.3928
39,349,0.3774
10,349,0.4102
48,349,0.4671
357,349,0.4163
292,349,0.3758
447,349,0.4288
329,349,0.4888
364,349,0.4069
69,349,0.4888
34,349,0.3905
65,349,0.3859
241,349,0.4246
438,349,0.3624
40,349,0.373
210,394,0.5092
296,394,0.4417
181,394,0.4832
43,394,0.3502
151,394,0.393
8,394,0.3707
199,394,0.4426
123,394,0.4269
311,394,0.3606
60,394,0.3886
315,394,0.3785
213,394,0.388
10,394,0.3891
48,394,0.4161
292,394,0.3885
447,394,0.389
69,394,0.4337
439,9,0.4022
277,9,0.393
353,9,0.407
452,9,0.4078
404,9,0.4389
197,9,0.4575
11,86,0.5107
47,86,0.5598
31,86,0.5991
205,86,0.4905
423,86,0.6042
324,86,0.5349
220,86,0.4294
32,86,0.5086
363,86,0.4279
339,86,0.5077
401,86,0.4872
425,86,0.5986
186,86,0.5252
235,86,0.5967
152,86,0.5494
225,86,0.5472
92,86,0.4781
316,86,0.4184
345,86,0.5493
156,86,0.4363
408,86,0.5963
480,86,0.4514
405,86,0.4139
175,86,0.7791
56,86,0.4715
189,86,0.5424
190,86,0.5595
90,86,0.4917
177,86,0.5024
286,481,0.5084
160,481,0.5737
440,481,0.4771
258,481,0.4975
439,481,0.724
327,481,0.6549
483,481,0.4865
333,481,0.8057
143,481,0.4089
443,481,0.5665
332,481,0.7179
127,481,0.4338
230,481,0.5508
111,481,0.4527
277,481,0.5279
36,481,0.4392
337,481,0.7347
402,481,0.5894
336,481,0.6438
302,481,0.7053
308,481,0.5144
426,481,0.6377
433,481,0.5898
353,481,0.5956
374,481,0.5643
330,481,0.4976
452,481,0.6164
191,481,0.5248
158,481,0.5608
404,481,0.8125
361,481,0.512
59,481,0.6195
400,481,0.4522
375,481,0.7579
342,481,0.542
262,481,0.7318
116,481,0.7421
99,481,0.4345
197,481,0.6136
76,481,0.717
368,481,0.6866
240,481,0.3744
68,481,0.438
261,481,0.6362
169,481,0.5141
119,481,0.6361
281,338,0.3618
47,75,0.4051
425,75,0.3657
175,75,0.4492
446,2,0.4902
432,2,0.4024
169,2,0.4728
160,286,0.5335
271,286,0.4711
461,286,0.4753
258,286,0.4109
439,286,0.5441
306,286,0.4847
230,286,0.4921
275,286,0.4391
277,286,0.6354
302,286,0.4852
346,286,0.3859
320,286,0.4711
404,286,0.5131
361,286,0.5425
262,286,0.5398
197,286,0.5788
368,286,0.4675
319,286,0.4156
31,11,0.4323
205,11,0.4296
423,11,0.4469
186,11,0.5109
235,11,0.4794
81,11,0.3749
176,11,0.4328
63,11,0.4221
345,11,0.566
156,11,0.4342
408,11,0.5735
175,11,0.57
56,11,0.3823
90,11,0.449
177,11,0.5501
31,47,0.5361
205,47,0.4664
423,47,0.6273
324,47,0.5195
363,47,0.4162
401,47,0.3972
425,47,0.6524
186,47,0.4353
204,47,0.3699
235,47,0.5322
152,47,0.5291
225,47,0.5893
92,47,0.4669
156,47,0.4469
408,47,0.4589
480,47,0.4906
175,47,0.5847
56,47,0.4289
90,47,0.4625
95,365,0.4209
309,365,0.4878
80,365,0.4856
274,365,0.4651
312,365,0.4125
383,365,0.4008
176,365,0.4471
234,365,0.3723
216,365,0.4865
409,365,0.4006
345,365,0.4447
408,365,0.4178
384,365,0.3821
340,365,0.5853
79,365,0.3667
150,365,0.5013
448,365,0.3984
128,365,0.5045
407,365,0.4795
177,365,0.5146
108,365,0.4224
423,31,0.6576
324,31,0.6335
30,31,0.417
220,31,0.4436
32,31,0.5756
401,31,0.4655
425,31,0.604
186,31,0.4376
235,31,0.4793
225,31,0.4442
156,31,0.4378
408,31,0.4632
175,31,0.6193
56,31,0.426
189,31,0.5032
276,31,0.4224
190,31,0.5507
186,205,0.5148
235,205,0.574
152,205,0.4651
225,205,0.4815
345,205,0.5734
156,205,0.4608
408,205,0.5695
480,205,0.4134
175,205,0.5719
56,205,0.4313
13,205,0.4457
90,205,0.4309
177,205,0.5174
324,423,0.6539
220,423,0.4314
32,423,0.5805
339,423,0.5
401,423,0.5071
425,423,0.673
235,423,0.4879
152,423,0.4437
225,423,0.5257
92,423,0.5243
156,423,0.4525
408,423,0.4648
91,423,0.4773
480,423,0.4114
175,423,0.616
56,423,0.445
276,423,0.493
190,423,0.5365
90,423,0.4489
408,126,0.375
186,95,0.4044
176,95,0.4403
345,95,0.489
408,95,0.4655
340,95,0.4051
150,95,0.3986
177,95,0.4817
30,324,0.4947
220,324,0.5092
32,324,0.7203
339,324,0.5457
401,324,0.5003
425,324,0.6188
92,324,0.5757
156,324,0.4176
91,324,0.44
175,324,0.5235
189,324,0.5107
190,324,0.6256
160,399,0.4713
271,399,0.3933
277,399,0.4156
302,399,0.4519
404,399,0.4131
375,399,0.4137
262,399,0.5057
368,399,0.4132
254,472,0.4031
337,472,0.4704
320,472,0.5464
262,472,0.4302
368,472,0.3776
141,380,0.4075
281,380,0.4149
283,380,0.385
232,380,0.4007
263,380,0.4373
387,380,0.3952
398,380,0.3849
280,380,0.454
372,380,0.3879
264,380,0.4684
80,309,0.5045
274,309,0.5174
415,309,0.3986
312,309,0.4256
383,309,0.4061
176,309,0.4598
216,309,0.6068
384,309,0.3831
340,309,0.5814
150,309,0.537
128,309,0.469
83,309,0.546
407,309,0.4644
177,309,0.4281
108,309,0.4786
289,109,0.4059
274,80,0.4496
312,80,0.3609
383,80,0.3704
234,80,0.375
62,80,0.3563
216,80,0.5144
409,80,0.4547
340,80,0.5643
79,80,0.3972
150,80,0.528
128,80,0.4753
407,80,0.4801
177,80,0.4649
108,80,0.4093
32,30,0.5451
425,30,0.4171
446,30,0.5224
207,30,0.4321
158,30,0.4619
85,30,0.4185
190,30,0.5302
263,64,0.3523
372,64,0.372
264,64,0.3607
439,160,0.4728
333,160,0.502
443,160,0.4627
332,160,0.5133
230,160,0.5108
275,160,0.4631
277,160,0.5806
337,160,0.6633
302,160,0.575
353,160,0.5206
320,160,0.5045
452,160,0.4934
404,160,0.6446
361,160,0.5037
375,160,0.5833
262,160,0.5863
116,160,0.4609
197,160,0.5121
368,160,0.5173
261,160,0.5333
312,274,0.3737
383,274,0.3739
176,274,0.389
216,274,0.4816
340,274,0.4877
79,274,0.4079
150,274,0.5108
128,274,0.4592
407,274,0.4172
177,274,0.4199
108,274,0.42
216,415,0.4295
281,415,0.4614
134,415,0.3687
283,415,0.5564
387,415,0.3851
83,415,0.5185
157,415,0.4779
372,415,0.4005
264,415,0.4538
281,15,0.4197
263,15,0.4069
280,15,0.3712
411,15,0.4191
372,15,0.3712
264,15,0.4498
232,125,0.3609
387,125,0.3586
264,125,0.3728
461,271,0.3838
275,271,0.4783
277,271,0.5203
251,271,0.4524
320,271,0.5187
361,271,0.442
259,271,0.4079
262,271,0.4232
319,271,0.4872
141,479,0.4494
110,479,0.3938
281,479,0.4038
263,479,0.3942
387,479,0.4229
157,479,0.3587
398,479,0.3838
280,479,0.3817
411,479,0.3833
372,479,0.4033
264,479,0.4466
216,312,0.3952
340,312,0.4809
150,312,0.4243
128,312,0.3665
407,312,0.3814
176,383,0.3779
216,383,0.4888
134,383,0.3596
150,383,0.3837
283,383,0.3801
83,383,0.3953
157,383,0.3971
357,299,0.3537
241,299,0.366
269,141,0.3479
110,141,0.392
35,141,0.3896
281,141,0.4369
406,141,0.3629
153,141,0.3542
221,141,0.3516
283,141,0.3884
389,141,0.3654
263,141,0.4764
387,141,0.3809
228,141,0.3598
398,141,0.4244
280,141,0.4068
372,141,0.3883
264,141,0.5105
258,461,0.3833
439,461,0.4433
275,461,0.4266
277,461,0.4512
361,461,0.4701
319,461,0.436
327,440,0.6498
464,440,0.4919
483,440,0.5341
146,440,0.4676
333,440,0.5852
443,440,0.4775
332,440,0.5241
36,440,0.4242
242,440,0.5821
249,440,0.468
266,440,0.556
337,440,0.5223
402,440,0.476
336,440,0.6101
308,440,0.5916
426,440,0.5096
6,440,0.524
147,440,0.6923
433,440,0.691
374,440,0.6533
446,440,0.6347
330,440,0.7007
145,440,0.5802
112,440,0.624
191,440,0.7255
104,440,0.4614
158,440,0.6474
404,440,0.5537
304,440,0.547
59,440,0.7142
114,440,0.4489
375,440,0.5144
305,440,0.5005
342,440,0.4852
116,440,0.5852
200,440,0.4309
76,440,0.6194
431,440,0.4673
100,440,0.4311
307,440,0.4711
334,440,0.4867
169,440,0.5313
119,440,0.5637
439,258,0.5104
327,258,0.4377
333,258,0.4543
332,258,0.4321
404,258,0.5015
361,258,0.4052
375,258,0.4294
262,258,0.4576
116,258,0.4577
319,258,0.4026
119,258,0.4176
235,220,0.4301
225,220,0.4036
156,220,0.4232
175,220,0.5144
327,439,0.5414
306,439,0.4625
333,439,0.6981
332,439,0.6381
127,439,0.4827
230,439,0.4521
277,439,0.5769
337,439,0.5813
336,439,0.51
302,439,0.6067
426,439,0.5087
346,439,0.4526
353,439,0.5219
452,439,0.507
404,439,0.6981
361,439,0.4432
375,439,0.615
342,439,0.4998
262,439,0.6991
116,439,0.6138
99,439,0.3939
197,439,0.6097
76,439,0.5708
368,439,0.601
431,439,0.4426
68,439,0.4743
261,439,0.4944
169,439,0.4644
119,439,0.5743
37,439,0.3999
266,322,0.4448
147,322,0.4384
142,322,0.401
145,322,0.5083
112,322,0.4439
158,322,0.4344
59,322,0.4401
464,327,0.5272
483,327,0.6715
146,327,0.5097
306,327,0.4666
333,327,0.6651
443,327,0.5507
332,327,0.6387
111,327,0.4277
36,327,0.526
242,327,0.515
266,327,0.5194
337,327,0.5174
336,327,0.605
302,327,0.5389
308,327,0.598
426,327,0.5331
256,327,0.4429
355,327,0.4188
147,327,0.6148
433,327,0.6307
353,327,0.4759
374,327,0.6068
330,327,0.6231
145,327,0.5276
112,327,0.62
191,327,0.6343
158,327,0.6425
404,327,0.6681
304,327,0.6246
59,327,0.6864
114,327,0.4845
375,327,0.6231
305,327,0.5168
342,327,0.5135
262,327,0.5373
116,327,0.6959
76,327,0.668
368,327,0.5736
431,327,0.5275
420,327,0.4745
334,327,0.515
169,327,0.5031
119,327,0.7062
483,464,0.467
242,464,0.475
249,464,0.563
266,464,0.5385
308,464,0.4469
426,464,0.4146
6,464,0.4513
147,464,0.5645
433,464,0.5203
374,464,0.4852
446,464,0.4833
142,464,0.4266
330,464,0.484
145,464,0.6013
207,464,0.4541
112,464,0.5815
248,464,0.4337
191,464,0.5458
158,464,0.5427
304,464,0.4602
59,464,0.5991
305,464,0.3941
116,464,0.455
85,464,0.5045
200,464,0.4744
76,464,0.4588
100,464,0.4272
334,464,0.4201
146,483,0.4141
333,483,0.5347
443,483,0.4768
332,483,0.4765
36,483,0.4427
249,483,0.448
266,483,0.4675
336,483,0.5233
308,483,0.4829
147,483,0.6004
433,483,0.5867
374,483,0.5786
446,483,0.499
330,483,0.5619
145,483,0.5503
112,483,0.5725
191,483,0.5873
158,483,0.577
404,483,0.5188
304,483,0.5182
59,483,0.6088
375,483,0.4896
305,483,0.4532
116,483,0.5786
200,483,0.4261
76,483,0.5721
431,483,0.4311
100,483,0.4245
307,483,0.4415
420,483,0.4156
334,483,0.4294
169,483,0.4341
119,483,0.5518
333,146,0.443
242,146,0.4127
266,146,0.4634
308,146,0.5
426,146,0.4283
147,146,0.5495
433,146,0.5134
374,146,0.4616
446,146,0.4924
330,146,0.4755
145,146,0.4561
112,146,0.482
191,146,0.5251
158,146,0.4657
404,146,0.4486
304,146,0.4281
59,146,0.5219
116,146,0.4606
76,146,0.4736
210,341,0.4669
163,341,0.3992
296,341,0.4064
181,341,0.3938
151,341,0.3782
199,341,0.3948
123,341,0.3989
60,341,0.3886
48,341,0.3699
447,341,0.39
69,341,0.404
65,341,0.3778
181,201,0.4035
199,201,0.3924
69,201,0.346
281,358,0.3838
221,358,0.3619
263,358,0.4224
387,358,0.3996
398,358,0.3744
280,358,0.4188
372,358,0.3923
264,358,0.4732
357,124,0.4771
18,124,0.4107
329,124,0.4716
241,124,0.461
411,124,0.4172
372,124,0.41
210,288,0.4374
296,288,0.3945
181,288,0.3808
151,288,0.3651
123,288,0.3852
38,288,0.3416
364,288,0.3522
438,288,0.3524
104,215,0.4708
304,215,0.463
367,215,0.4275
73,306,0.4172
262,306,0.4596
197,306,0.5141
367,306,0.4951
119,306,0.49
217,244,0.4209
357,244,0.4581
18,244,0.3654
241,244,0.4803
411,244,0.3888
281,217,0.3934
245,217,0.4081
357,217,0.4114
83,217,0.4376
157,217,0.4123
241,217,0.4057
339,254,0.6681
403,254,0.4319
275,254,0.4373
337,254,0.6532
402,254,0.5235
302,254,0.4994
320,254,0.6036
404,254,0.5365
443,333,0.6522
332,333,0.7555
127,333,0.4953
230,333,0.527
111,333,0.4647
36,333,0.4808
242,333,0.6433
337,333,0.7753
402,333,0.7316
336,333,0.8061
302,333,0.752
308,333,0.6583
426,333,0.7423
6,333,0.5229
147,333,0.6222
433,333,0.7591
353,333,0.6565
374,333,0.7584
446,333,0.6558
330,333,0.6706
452,333,0.7138
112,333,0.5289
191,333,0.7066
158,333,0.7135
404,333,0.891
59,333,0.7923
400,333,0.4902
114,333,0.4869
375,333,0.8048
305,333,0.4794
342,333,0.6383
262,333,0.7677
116,333,0.8276
99,333,0.4457
197,333,0.5978
76,333,0.8301
368,333,0.697
431,333,0.5358
68,333,0.4533
261,333,0.7002
169,333,0.64
119,333,0.6671
339,32,0.6401
401,32,0.4561
425,32,0.5757
249,32,0.5263
266,32,0.6086
6,32,0.5144
92,32,0.6341
147,32,0.5761
91,32,0.5238
446,32,0.5806
145,32,0.6788
207,32,0.6674
112,32,0.61
191,32,0.6034
158,32,0.5794
189,32,0.6052
85,32,0.6243
190,32,0.7029
200,32,0.468
29,32,0.5014
334,32,0.4665
207,148,0.4176
210,132,0.503
163,132,0.3861
296,132,0.4164
181,132,0.4848
43,132,0.4446
151,132,0.4214
8,132,0.4011
199,132,0.4049
287,132,0.4117
123,132,0.42
60,132,0.4193
390,132,0.3693
10,132,0.3855
447,132,0.3926
329,132,0.3975
364,132,0.4295
69,132,0.4595
335,132,0.356
34,132,0.3816
65,132,0.3868
210,291,0.3584
181,291,0.3718
209,210,0.4865
163,210,0.4862
173,210,0.3678
385,210,0.5149
296,210,0.6014
181,210,0.6758
43,210,0.5162
131,210,0.4035
151,210,0.6026
8,210,0.5282
199,210,0.5773
287,210,0.5091
123,210,0.584
120,210,0.462
60,210,0.5775
315,210,0.4909
213,210,0.4704
390,210,0.4224
39,210,0.4754
466,210,0.4125
478,210,0.4017
38,210,0.379
10,210,0.5158
48,210,0.5789
357,210,0.4341
101,210,0.4279
292,210,0.4669
78,210,0.3895
447,210,0.5308
329,210,0.5116
364,210,0.5031
69,210,0.595
34,210,0.5313
65,210,0.5094
241,210,0.4987
438,210,0.4435
40,210,0.4404
122,210,0.5018
385,209,0.3766
296,209,0.4519
181,209,0.4661
43,209,0.3946
131,209,0.3389
151,209,0.4153
8,209,0.3584
199,209,0.4304
287,209,0.4116
123,209,0.415
213,209,0.3606
390,209,0.3741
478,209,0.3532
10,209,0.3854
48,209,0.4048
447,209,0.397
69,209,0.4306
353,143,0.4061
186,363,0.402
235,363,0.4335
152,363,0.3911
225,363,0.4374
345,363,0.3733
156,363,0.3737
408,363,0.4052
480,363,0.4644
175,363,0.449
332,443,0.5885
111,443,0.3816
242,443,0.5611
266,443,0.5506
337,443,0.605
402,443,0.5745
336,443,0.5174
302,443,0.5614
308,443,0.4947
426,443,0.4955
6,443,0.5162
147,443,0.5286
433,443,0.6043
374,443,0.5658
446,443,0.6039
330,443,0.558
145,443,0.4937
112,443,0.5032
191,443,0.6334
158,443,0.6555
404,443,0.6166
59,443,0.6159
400,443,0.4982
375,443,0.569
342,443,0.452
262,443,0.552
116,443,0.6211
76,443,0.6273
368,443,0.5502
261,443,0.5447
169,443,0.4727
119,443,0.5055
425,339,0.5355
337,339,0.6163
402,339,0.5649
336,339,0.5757
433,339,0.5997
191,339,0.5332
158,339,0.6748
404,339,0.5671
76,339,0.5358
334,339,0.4811
400,403,0.4087
319,403,0.3949
127,332,0.4493
230,332,0.4634
277,332,0.4854
242,332,0.4927
337,332,0.707
402,332,0.5936
336,332,0.6088
302,332,0.6275
308,332,0.5142
426,332,0.5487
6,332,0.4427
147,332,0.4841
433,332,0.5749
353,332,0.5403
374,332,0.5776
446,332,0.5348
330,332,0.4996
452,332,0.5347
191,332,0.5596
158,332,0.6331
404,332,0.7522
59,332,0.6081
375,332,0.6798
342,332,0.5574
262,332,0.6772
116,332,0.6734
197,332,0.5508
76,332,0.6908
368,332,0.6516
261,332,0.6237
169,332,0.5256
119,332,0.6313
353,127,0.4441
452,127,0.4305
404,127,0.4956
375,127,0.4509
342,127,0.5332
197,127,0.4698
169,127,0.5047
277,230,0.5524
337,230,0.5441
402,230,0.4314
302,230,0.5476
404,230,0.5477
375,230,0.5433
262,230,0.5706
116,230,0.4788
197,230,0.4007
76,230,0.4466
368,230,0.4884
261,230,0.4992
277,275,0.4799
320,275,0.4824
361,275,0.4596
319,275,0.4723
425,401,0.5066
225,401,0.3792
175,401,0.4696
189,401,0.4528
385,163,0.3774
296,163,0.4509
181,163,0.5209
43,163,0.3969
151,163,0.4556
8,163,0.3821
199,163,0.4254
123,163,0.427
60,163,0.4126
39,163,0.3744
10,163,0.3779
48,163,0.4361
447,163,0.4225
69,163,0.4377
34,163,0.3944
65,163,0.4033
122,163,0.354
181,173,0.3863
151,173,0.3781
296,385,0.3993
181,385,0.4769
151,385,0.3936
8,385,0.4063
199,385,0.441
287,385,0.3651
123,385,0.4035
213,385,0.3599
39,385,0.3674
48,385,0.4302
447,385,0.3824
364,385,0.3812
69,385,0.4163
335,385,0.3818
181,296,0.5898
43,296,0.4494
131,296,0.393
151,296,0.5558
8,296,0.4651
199,296,0.5383
287,296,0.4456
123,296,0.5335
120,296,0.4036
60,296,0.5228
315,296,0.4594
213,296,0.4642
39,296,0.4561
466,296,0.3627
38,296,0.3629
10,296,0.4512
48,296,0.5041
292,296,0.4504
447,296,0.5099
329,296,0.4656
364,296,0.4513
69,296,0.5664
34,296,0.5011
65,296,0.4552
241,296,0.4404
438,296,0.3898
40,296,0.3592
122,296,0.4549
43,181,0.4982
131,181,0.4273
151,181,0.5553
8,181,0.4907
199,181,0.5633
287,181,0.5206
123,181,0.5402
120,181,0.4833
311,181,0.4005
60,181,0.5203
315,181,0.5433
213,181,0.4971
390,181,0.4253
412,181,0.381
39,181,0.473
478,181,0.3745
38,181,0.4445
10,181,0.4715
48,181,0.5538
357,181,0.4798
292,181,0.4881
18,181,0.3997
447,181,0.5544
329,181,0.5366
364,181,0.5008
69,181,0.6134
335,181,0.4164
34,181,0.5212
65,181,0.4931
241,181,0.4782
438,181,0.4903
40,181,0.4065
122,181,0.5189
131,43,0.3844
151,43,0.4778
8,43,0.4078
199,43,0.4174
287,43,0.4134
123,43,0.4154
60,43,0.4192
315,43,0.3727
390,43,0.3642
39,43,0.3512
10,43,0.4216
48,43,0.4809
292,43,0.4105
447,43,0.4448
364,43,0.3779
69,43,0.4244
34,43,0.4136
65,43,0.4266
438,43,0.3897
122,43,0.3845
337,111,0.4112
452,111,0.3958
404,111,0.4343
375,111,0.3914
262,111,0.405
116,111,0.3994
76,111,0.4062
261,111,0.3897
235,425,0.5034
152,425,0.503
225,425,0.5367
92,425,0.5089
480,425,0.4588
175,425,0.5548
276,425,0.5077
151,131,0.4021
199,131,0.3735
123,131,0.3862
60,131,0.4061
48,131,0.4188
69,131,0.3685
8,151,0.4853
199,151,0.5105
287,151,0.4865
123,151,0.5274
120,151,0.4181
311,151,0.3809
60,151,0.5588
315,151,0.4696
213,151,0.4777
390,151,0.3667
39,151,0.448
466,151,0.4172
38,151,0.3799
10,151,0.4322
48,151,0.554
292,151,0.4446
447,151,0.4557
329,151,0.4735
364,151,0.4601
69,151,0.5224
335,151,0.4182
34,151,0.4477
65,151,0.4693
241,151,0.4222
122,151,0.4411
199,8,0.4382
287,8,0.4182
123,8,0.4314
120,8,0.3567
60,8,0.4422
213,8,0.3679
39,8,0.3843
48,8,0.4767
447,8,0.4165
364,8,0.3895
69,8,0.4449
34,8,0.4289
438,8,0.3838
122,8,0.3588
287,199,0.4985
123,199,0.5047
120,199,0.3718
311,199,0.3786
60,199,0.4653
213,199,0.4279
390,199,0.3867
39,199,0.4081
466,199,0.4295
38,199,0.3843
48,199,0.5117
101,199,0.3869
292,199,0.4796
447,199,0.5216
329,199,0.4749
364,199,0.4666
69,199,0.5216
335,199,0.3751
34,199,0.4318
65,199,0.4615
241,199,0.4131
438,199,0.4339
40,199,0.3601
122,199,0.4589
123,287,0.415
120,287,0.394
60,287,0.4128
213,287,0.3881
39,287,0.3845
48,287,0.4379
101,287,0.3613
447,287,0.4688
329,287,0.4131
364,287,0.3932
69,287,0.48
65,287,0.4
241,287,0.3997
123,53,0.3832
281,468,0.4067
263,468,0.3995
387,468,0.3883
398,468,0.3885
280,468,0.4379
372,468,0.4376
264,468,0.4539
263,378,0.3847
280,378,0.4073
264,378,0.3885
120,123,0.392
60,123,0.4944
315,123,0.4515
213,123,0.4326
390,123,0.3941
39,123,0.4013
10,123,0.4822
48,123,0.5563
292,123,0.4271
447,123,0.486
329,123,0.4632
364,123,0.4435
69,123,0.5274
34,123,0.3913
65,123,0.4296
241,123,0.4356
438,123,0.4048
40,123,0.3708
122,123,0.3674
337,277,0.5141
302,277,0.5489
346,277,0.421
353,277,0.4338
320,277,0.5089
404,277,0.53
361,277,0.487
259,277,0.3738
375,277,0.5096
262,277,0.6158
197,277,0.5162
368,277,0.5383
319,277,0.444
336,36,0.4258
426,36,0.3981
433,36,0.4543
374,36,0.4711
330,36,0.4646
191,36,0.4241
404,36,0.4658
304,36,0.4228
59,36,0.4822
305,36,0.3882
342,36,0.3935
116,36,0.4411
76,36,0.4675
431,36,0.3989
119,36,0.4684
266,242,0.6537
402,242,0.6001
336,242,0.6327
308,242,0.6506
426,242,0.5471
6,242,0.6127
147,242,0.6967
433,242,0.7292
374,242,0.6989
446,242,0.75
330,242,0.7033
145,242,0.6292
207,242,0.4946
452,242,0.4822
112,242,0.6391
191,242,0.7253
158,242,0.6562
404,242,0.5564
59,242,0.7568
114,242,0.499
375,242,0.5347
305,242,0.4582
342,242,0.5104
116,242,0.6119
85,242,0.4963
76,242,0.656
261,242,0.4756
169,242,0.533
119,242,0.4642
266,249,0.5611
6,249,0.5213
147,249,0.4873
446,249,0.5367
142,249,0.5376
145,249,0.6681
248,249,0.6039
158,249,0.4938
85,249,0.608
200,249,0.5295
100,249,0.5222
29,249,0.5432
235,186,0.5741
176,186,0.4229
152,186,0.4672
63,186,0.387
225,186,0.5084
409,186,0.4147
345,186,0.6373
156,186,0.46
408,186,0.5984
480,186,0.4252
175,186,0.6272
56,186,0.475
13,186,0.4282
90,186,0.521
177,186,0.5782
60,120,0.361
39,120,0.3624
10,120,0.3753
292,120,0.3814
447,120,0.3878
364,120,0.3818
69,120,0.3827
34,120,0.3863
65,120,0.358
60,311,0.3808
447,311,0.3625
69,311,0.3938
152,235,0.5515
63,235,0.4214
225,235,0.5967
92,235,0.4204
316,235,0.4668
345,235,0.5826
156,235,0.6001
408,235,0.5923
480,235,0.5103
405,235,0.4155
175,235,0.6459
56,235,0.503
13,235,0.5333
90,235,0.4975
177,235,0.4714
408,81,0.4011
175,81,0.4764
177,81,0.4035
340,107,0.3585
150,107,0.3565
108,107,0.3386
164,110,0.3693
281,110,0.3972
406,110,0.3707
263,110,0.4474
387,110,0.3647
398,110,0.3702
372,110,0.4481
264,110,0.461
281,164,0.3899
310,164,0.3811
357,164,0.3831
263,164,0.3698
387,164,0.3589
398,164,0.3736
280,164,0.3971
411,164,0.4316
372,164,0.4618
264,164,0.4238
216,176,0.4528
409,176,0.4329
345,176,0.5583
408,176,0.4974
340,176,0.4516
79,176,0.3932
150,176,0.4355
128,176,0.3864
407,176,0.4323
177,176,0.5799
402,266,0.4845
336,266,0.5638
308,266,0.5734
426,266,0.5012
6,266,0.6307
147,266,0.7321
433,266,0.6679
374,266,0.6244
446,266,0.7229
142,266,0.5229
330,266,0.6763
145,266,0.8022
207,266,0.6453
112,266,0.7106
191,266,0.7382
158,266,0.6896
59,266,0.7388
114,266,0.4875
267,266,0.4325
116,266,0.555
85,266,0.6361
200,266,0.5332
76,266,0.5485
100,266,0.571
29,266,0.4845
119,266,0.4576
340,234,0.3503
128,234,0.3494
177,234,0.4304
402,337,0.7631
336,337,0.7198
302,337,0.7482
308,337,0.518
426,337,0.5995
433,337,0.6607
353,337,0.6371
374,337,0.6613
446,337,0.5475
330,337,0.5304
452,337,0.673
191,337,0.5726
158,337,0.6526
404,337,0.8666
361,337,0.4536
59,337,0.6138
400,337,0.4793
375,337,0.7503
342,337,0.5094
262,337,0.7228
116,337,0.7274
197,337,0.529
76,337,0.7698
368,337,0.6775
261,337,0.7396
119,337,0.5952
179,152,0.3755
225,152,0.5326
345,152,0.4865
156,152,0.4471
408,152,0.4664
480,152,0.4827
175,152,0.5946
56,152,0.3875
90,152,0.4481
177,152,0.4156
336,402,0.7135
302,402,0.7056
308,402,0.5668
426,402,0.5684
6,402,0.49
147,402,0.5655
433,402,0.6758
353,402,0.502
374,402,0.6885
446,402,0.591
330,402,0.6135
207,402,0.4834
452,402,0.5878
112,402,0.4903
191,402,0.6468
158,402,0.6724
404,402,0.7679
59,402,0.66
400,402,0.5656
253,402,0.4357
375,402,0.6525
342,402,0.4677
262,402,0.6261
116,402,0.6846
76,402,0.7122
368,402,0.6279
261,402,0.6897
119,402,0.4981
302,336,0.635
308,336,0.6583
426,336,0.6701
6,336,0.5476
147,336,0.6838
433,336,0.7574
353,336,0.5429
374,336,0.7793
446,336,0.7081
330,336,0.6833
145,336,0.5429
452,336,0.6567
112,336,0.5915
191,336,0.7099
104,336,0.488
158,336,0.7385
404,336,0.7897
59,336,0.7951
114,336,0.4544
375,336,0.7096
305,336,0.4836
342,336,0.5864
262,336,0.5849
116,336,0.7371
99,336,0.378
197,336,0.4772
76,336,0.7844
368,336,0.5308
431,336,0.4819
68,336,0.4201
261,336,0.5735
334,336,0.4484
169,336,0.5796
119,336,0.5853
409,62,0.3901
340,62,0.3643
177,62,0.4103
308,302,0.5266
426,302,0.5971
433,302,0.5675
353,302,0.5793
374,302,0.6242
330,302,0.5293
452,302,0.6605
191,302,0.5433
158,302,0.5667
404,302,0.7951
59,302,0.5908
400,302,0.475
253,302,0.4376
375,302,0.7348
342,302,0.4712
262,302,0.7359
116,302,0.7266
197,302,0.5449
76,302,0.7247
368,302,0.6841
261,302,0.6815
119,302,0.5889
426,308,0.5721
6,308,0.5244
147,308,0.6831
433,308,0.699
374,308,0.6784
446,308,0.6284
330,308,0.6696
145,308,0.5723
207,308,0.4828
112,308,0.6631
191,308,0.7365
104,308,0.4776
158,308,0.6037
404,308,0.5999
59,308,0.733
114,308,0.4995
375,308,0.5388
305,308,0.5044
342,308,0.4698
116,308,0.6424
76,308,0.6824
368,308,0.4695
261,308,0.4944
169,308,0.4728
119,308,0.5453
207,149,0.431
6,426,0.5025
147,426,0.5613
433,426,0.6698
353,426,0.4947
374,426,0.6284
446,426,0.5818
330,426,0.5729
452,426,0.5581
112,426,0.481
191,426,0.6243
158,426,0.5606
404,426,0.6671
59,426,0.6556
114,426,0.4401
375,426,0.6019
342,426,0.5191
262,426,0.5575
116,426,0.6566
76,426,0.6666
368,426,0.5243
261,426,0.5294
169,426,0.5189
119,426,0.524
345,63,0.4698
408,63,0.4852
175,63,0.4404
90,63,0.3694
177,63,0.4229
315,60,0.4055
213,60,0.4309
390,60,0.3729
39,60,0.4157
478,60,0.4163
38,60,0.3672
10,60,0.3875
48,60,0.4794
292,60,0.4522
447,60,0.449
329,60,0.4652
364,60,0.3687
69,60,0.5133
335,60,0.3563
34,60,0.4212
65,60,0.426
241,60,0.4391
438,60,0.3861
122,60,0.4236
39,315,0.3812
10,315,0.4284
48,315,0.4379
292,315,0.3572
447,315,0.4627
329,315,0.4317
364,315,0.3714
69,315,0.4633
438,315,0.3451
122,315,0.3705
147,6,0.6315
433,6,0.6704
374,6,0.5997
446,6,0.6411
330,6,0.592
145,6,0.6122
207,6,0.4785
112,6,0.604
191,6,0.6487
158,6,0.5902
59,6,0.6244
114,6,0.4494
375,6,0.4522
342,6,0.4794
116,6,0.5116
85,6,0.4966
200,6,0.4396
76,6,0.5307
261,6,0.4469
169,6,0.503
147,256,0.41
304,256,0.4402
119,256,0.4016
304,355,0.4198
409,216,0.4249
245,216,0.458
340,216,0.56
79,216,0.3904
150,216,0.5553
283,216,0.4627
128,216,0.4884
83,216,0.6005
157,216,0.465
407,216,0.4724
177,216,0.4083
108,216,0.536
92,225,0.427
316,225,0.3914
345,225,0.5233
156,225,0.4442
408,225,0.5144
480,225,0.4655
405,225,0.4278
175,225,0.5902
56,225,0.4118
276,225,0.4217
90,225,0.498
48,213,0.4241
447,213,0.3879
329,213,0.42
364,213,0.3826
69,213,0.4262
65,213,0.3678
241,213,0.4008
122,213,0.3419
48,390,0.4144
357,390,0.4367
329,390,0.4049
364,390,0.3341
69,390,0.3601
241,390,0.3748
357,412,0.3725
329,412,0.3768
197,346,0.4208
345,409,0.4454
408,409,0.4211
384,409,0.3651
340,409,0.4974
150,409,0.4106
128,409,0.4025
407,409,0.423
177,409,0.4662
319,251,0.3694
48,39,0.4009
357,39,0.4264
447,39,0.4161
329,39,0.4586
364,39,0.3698
69,39,0.3963
34,39,0.3731
241,39,0.421
345,236,0.3924
408,236,0.3664
263,35,0.3858
398,35,0.4064
280,35,0.4114
372,35,0.3559
264,35,0.4348
91,92,0.4882
480,92,0.3838
175,92,0.5146
190,92,0.4584
345,316,0.4043
156,316,0.3948
408,316,0.3801
175,316,0.5112
177,316,0.393
357,456,0.4001
18,456,0.3533
329,456,0.4334
241,456,0.3832
411,456,0.4088
156,345,0.5298
408,345,0.6933
480,345,0.4392
175,345,0.6477
56,345,0.4685
13,345,0.4755
219,345,0.4078
128,345,0.416
90,345,0.5398
407,345,0.4467
177,345,0.6544
433,147,0.8187
374,147,0.7334
446,147,0.7405
330,147,0.7501
145,147,0.7489
207,147,0.5996
112,147,0.7857
191,147,0.822
104,147,0.5759
158,147,0.7216
404,147,0.5721
304,147,0.5471
59,147,0.8102
114,147,0.5229
375,147,0.5176
305,147,0.5802
267,147,0.4433
116,147,0.6355
85,147,0.5545
200,147,0.4865
76,147,0.6905
431,147,0.4613
420,147,0.4842
334,147,0.5271
169,147,0.4784
119,147,0.5164
374,433,0.8231
446,433,0.7972
330,433,0.7972
145,433,0.6332
207,433,0.5688
452,433,0.5359
112,433,0.7424
191,433,0.8503
104,433,0.54
158,433,0.7723
404,433,0.7247
59,433,0.8545
114,433,0.5337
375,433,0.6469
305,433,0.5754
342,433,0.572
116,433,0.713
85,433,0.5021
76,433,0.781
368,433,0.5234
431,433,0.5038
307,433,0.4506
261,433,0.5668
334,433,0.5166
169,433,0.6057
119,433,0.6099
408,156,0.5002
480,156,0.4636
175,156,0.5396
13,156,0.4626
177,156,0.4437
480,408,0.4882
405,408,0.3972
175,408,0.6735
56,408,0.5386
13,408,0.4376
90,408,0.5484
407,408,0.4073
177,408,0.634
245,281,0.438
406,281,0.4352
153,281,0.3958
221,281,0.3864
134,281,0.4099
283,281,0.5014
389,281,0.4108
232,281,0.4118
263,281,0.5173
387,281,0.4993
83,281,0.4579
157,281,0.4662
398,281,0.4742
280,281,0.4907
411,281,0.4102
372,281,0.5192
264,281,0.5638
183,281,0.404
48,466,0.3849
447,466,0.4008
374,353,0.5176
452,353,0.6262
404,353,0.6594
375,353,0.5783
342,353,0.5034
262,353,0.5372
116,353,0.5545
197,353,0.5738
76,353,0.6004
368,353,0.4899
68,353,0.3914
261,353,0.4973
169,353,0.4827
119,353,0.4637
248,91,0.4186
190,91,0.4636
361,320,0.4974
446,374,0.8032
330,374,0.7746
145,374,0.5941
207,374,0.5683
452,374,0.5959
112,374,0.6704
191,374,0.8485
104,374,0.5181
158,374,0.7425
404,374,0.738
59,374,0.8383
114,374,0.4787
375,374,0.6784
305,374,0.5218
342,374,0.6295
262,374,0.5219
116,374,0.7448
76,374,0.77
368,374,0.5251
431,374,0.5236
100,374,0.4608
261,374,0.5632
169,374,0.6436
119,374,0.6198
142,446,0.4613
330,446,0.7605
145,446,0.7138
207,446,0.5584
452,446,0.5035
112,446,0.6256
191,446,0.8172
158,446,0.8214
404,446,0.6256
59,446,0.8319
114,446,0.5573
375,446,0.5896
342,446,0.6203
267,446,0.4668
116,446,0.6649
455,446,0.4344
85,446,0.5272
190,446,0.5758
76,446,0.6381
431,446,0.4996
100,446,0.584
29,446,0.456
169,446,0.652
119,446,0.5245
405,480,0.3433
175,480,0.5303
13,480,0.4045
104,73,0.461
304,73,0.4543
305,73,0.4204
68,73,0.375
307,73,0.4095
119,73,0.3855
145,142,0.617
158,142,0.4824
114,142,0.4354
267,142,0.4166
29,142,0.4307
145,330,0.6648
207,330,0.5787
452,330,0.4974
112,330,0.7102
191,330,0.8502
158,330,0.7179
404,330,0.6222
304,330,0.5057
59,330,0.8147
114,330,0.5112
375,330,0.5821
305,330,0.5431
342,330,0.5192
116,330,0.6958
85,330,0.5303
76,330,0.7314
431,330,0.5131
100,330,0.4698
169,330,0.586
119,330,0.5863
207,145,0.6529
112,145,0.7389
248,145,0.4675
191,145,0.7295
104,145,0.4966
158,145,0.6871
304,145,0.5024
59,145,0.7114
114,145,0.5037
305,145,0.4847
267,145,0.4751
116,145,0.5246
85,145,0.7005
200,145,0.5946
76,145,0.5181
100,145,0.5359
29,145,0.5568
307,145,0.4218
334,145,0.4307
283,245,0.4474
83,245,0.4402
157,245,0.4019
280,245,0.375
263,406,0.448
387,406,0.4019
398,406,0.4225
280,406,0.4727
372,406,0.4396
264,406,0.4832
340,384,0.4794
387,153,0.382
280,153,0.3995
264,153,0.4448
112,207,0.6095
191,207,0.6741
158,207,0.5348
59,207,0.5697
400,207,0.5
253,207,0.4865
85,207,0.6214
190,207,0.4714
200,207,0.4642
432,452,0.4639
158,452,0.4888
404,452,0.7179
59,452,0.5682
375,452,0.6266
342,452,0.5481
262,452,0.5847
116,452,0.6353
197,452,0.5672
76,452,0.6264
368,452,0.5306
261,452,0.5556
169,452,0.4952
357,310,0.5278
18,310,0.4347
329,310,0.4973
241,310,0.4599
411,310,0.4371
372,310,0.4512
264,310,0.3708
191,112,0.7824
104,112,0.5653
158,112,0.6615
304,112,0.5269
59,112,0.7217
114,112,0.5119
305,112,0.5984
267,112,0.4491
116,112,0.5491
85,112,0.5759
200,112,0.543
76,112,0.61
307,112,0.4506
420,112,0.4373
334,112,0.4978
119,112,0.493
85,248,0.4907
100,248,0.4786
29,248,0.4326
197,432,0.4154
175,405,0.4791
104,191,0.5471
158,191,0.7775
404,191,0.6761
59,191,0.8831
114,191,0.5327
375,191,0.6296
305,191,0.5999
342,191,0.5711
267,191,0.4075
116,191,0.7054
85,191,0.5706
200,191,0.4764
76,191,0.7494
368,191,0.4713
431,191,0.49
261,191,0.5244
334,191,0.5445
169,191,0.564
119,191,0.5745
304,104,0.4564
59,104,0.5671
114,104,0.4779
305,104,0.5017
267,104,0.4082
431,104,0.4447
367,104,0.4459
119,104,0.4493
404,158,0.7109
59,158,0.7943
114,158,0.4942
375,158,0.6385
305,158,0.4725
342,158,0.511
262,158,0.5811
116,158,0.6972
85,158,0.5632
190,158,0.5153
200,158,0.4549
76,158,0.7287
368,158,0.5589
431,158,0.4701
100,158,0.5743
29,158,0.4599
261,158,0.5588
334,158,0.4994
169,158,0.5623
119,158,0.6167
59,404,0.7338
400,404,0.4885
375,404,0.7997
305,404,0.4695
342,404,0.6299
262,404,0.7692
116,404,0.8111
99,404,0.3972
445,404,0.3722
197,404,0.639
76,404,0.8332
368,404,0.722
240,404,0.4179
431,404,0.4797
68,404,0.465
261,404,0.717
169,404,0.5964
119,404,0.6987
37,404,0.4364
56,175,0.5233
189,175,0.5202
190,175,0.5683
90,175,0.4889
289,175,0.4623
177,175,0.6032
262,361,0.4519
197,361,0.454
368,361,0.4701
319,361,0.4258
59,304,0.5236
305,304,0.492
431,304,0.4718
367,304,0.4141
307,304,0.4816
334,304,0.4834
119,304,0.5031
114,59,0.6038
375,59,0.6759
305,59,0.6015
342,59,0.632
267,59,0.4688
262,59,0.563
116,59,0.7575
99,59,0.4052
455,59,0.4272
76,59,0.7935
368,59,0.547
431,59,0.5708
100,59,0.5377
68,59,0.4156
307,59,0.4565
261,59,0.5396
334,59,0.4837
169,59,0.6766
119,59,0.6597
387,388,0.3767
280,388,0.3926
264,388,0.386
90,56,0.4459
177,56,0.4659
253,400,0.4751
116,400,0.4639
76,400,0.4823
368,400,0.4833
261,400,0.5398
150,87,0.3657
389,221,0.3657
263,221,0.4442
228,221,0.3132
398,221,0.3787
280,221,0.3842
264,221,0.4038
386,272,0.402
283,178,0.3693
263,178,0.3917
372,178,0.3549
283,134,0.4089
263,134,0.3815
157,134,0.391
264,134,0.3853
79,340,0.3999
150,340,0.6082
128,340,0.5131
83,340,0.4127
407,340,0.5581
12,340,0.3632
177,340,0.5146
108,340,0.511
150,79,0.4216
128,79,0.3729
342,114,0.4559
267,114,0.4018
76,114,0.4892
431,114,0.4621
307,114,0.4314
420,114,0.4256
169,114,0.4698
119,114,0.4824
190,189,0.6024
448,189,0.4855
128,150,0.4999
407,150,0.4948
177,150,0.439
108,150,0.4646
342,375,0.6005
262,375,0.754
116,375,0.7143
99,375,0.3845
197,375,0.5962
76,375,0.7634
368,375,0.6578
261,375,0.6177
169,375,0.5471
119,375,0.6053
116,305,0.4758
76,305,0.5443
68,305,0.4114
119,305,0.5285
116,342,0.5946
197,342,0.4918
76,342,0.5694
368,342,0.4547
431,342,0.454
261,342,0.4422
169,342,0.6408
119,342,0.4867
90,276,0.4313
232,283,0.4666
263,283,0.4673
387,283,0.4097
83,283,0.4681
157,283,0.488
398,283,0.371
280,283,0.4089
264,283,0.4993
386,267,0.4107
116,262,0.7
197,262,0.6155
76,262,0.6606
368,262,0.7151
240,262,0.4084
261,262,0.6369
119,262,0.5902
197,116,0.5286
76,116,0.812
368,116,0.6419
431,116,0.5066
68,116,0.3865
261,116,0.6119
169,116,0.5726
119,116,0.6875
263,389,0.4237
387,389,0.3714
280,389,0.418
264,389,0.4397
69,38,0.3731
48,10,0.4262
292,10,0.3423
447,10,0.4142
69,10,0.4566
34,10,0.3782
65,10,0.4103
438,10,0.3682
122,10,0.3708
292,48,0.4816
447,48,0.5017
329,48,0.4822
364,48,0.4193
69,48,0.528
34,48,0.4529
65,48,0.4516
241,48,0.4274
40,48,0.4061
122,48,0.4403
263,232,0.4196
83,232,0.4213
157,232,0.4436
280,232,0.3863
372,232,0.3747
264,232,0.4542
18,357,0.5255
447,357,0.4179
329,357,0.6461
241,357,0.5826
280,357,0.4221
411,357,0.6018
372,357,0.5118
264,357,0.4017
387,263,0.5038
228,263,0.389
83,263,0.4214
157,263,0.3805
398,263,0.518
280,263,0.5135
356,263,0.3978
233,263,0.3857
372,263,0.5479
264,263,0.582
183,263,0.39
398,457,0.352
264,457,0.4163
190,85,0.5541
200,85,0.6138
100,85,0.5186
29,85,0.4955
76,197,0.5166
368,197,0.5039
119,197,0.5116
37,197,0.4238
228,387,0.3501
398,387,0.4637
280,387,0.4645
233,387,0.3691
372,387,0.4544
264,387,0.5452
100,200,0.4484
29,200,0.3991
368,76,0.6501
431,76,0.5192
261,76,0.6591
334,76,0.4541
169,76,0.6113
119,76,0.6731
329,101,0.4003
261,368,0.6183
119,368,0.6168
407,128,0.4953
177,128,0.4478
264,228,0.3938
157,83,0.5138
264,83,0.4143
108,83,0.469
398,157,0.4029
280,157,0.3918
264,157,0.4051
108,157,0.3752
307,431,0.4149
169,431,0.5052
119,431,0.453
29,100,0.423
177,90,0.5186
119,68,0.456
329,292,0.3845
364,292,0.3994
69,292,0.4154
34,292,0.42
65,292,0.3895
329,18,0.5889
241,18,0.5244
411,18,0.5128
372,18,0.4614
329,447,0.4855
364,447,0.3622
69,447,0.4801
34,447,0.4239
65,447,0.441
241,447,0.4356
438,447,0.4028
122,447,0.3642
280,398,0.5396
372,398,0.4788
264,398,0.5469
177,407,0.5161
108,407,0.4284
411,222,0.4314
372,222,0.3985
420,386,0.4463
364,329,0.4104
69,329,0.4633
241,329,0.6259
411,329,0.5956
372,329,0.4459
69,364,0.4205
34,364,0.4394
65,364,0.3742
438,364,0.3667
122,364,0.3851
34,69,0.4887
65,69,0.4605
438,69,0.468
122,69,0.4168
34,335,0.3911
65,34,0.3509
122,34,0.4068
411,241,0.5483
372,241,0.4368
411,280,0.4554
356,280,0.4263
372,280,0.5188
264,280,0.5924
183,280,0.3813
372,411,0.4863
264,411,0.4563
372,356,0.3572
264,356,0.3845
119,307,0.4148
264,233,0.3863
264,372,0.5842
183,372,0.4324
183,264,0.3876
119,261,0.4815
119,169,0.4823
