33,142,0.3271
351,14,0.3818
195,14,0.3341
129,14,0.3998
320,14,0.4118
394,14,0.5036
367,14,0.4664
298,14,0.522
228,14,0.4503
282,14,0.373
127,14,0.3958
130,14,0.395
364,14,0.3403
96,14,0.4103
263,14,0.3413
385,14,0.322
425,14,0.4086
11,14,0.4667
140,14,0.3631
135,14,0.3767
232,14,0.401
128,14,0.3823
200,14,0.3535
319,14,0.3297
398,14,0.4276
404,347,0.3154
93,347,0.4572
373,347,0.3092
218,347,0.3238
412,347,0.307
259,347,0.3473
199,347,0.3373
54,347,0.3179
277,347,0.3307
258,347,0.3294
375,347,0.3999
323,347,0.302
310,347,0.3918
183,49,0.4397
377,49,0.3587
240,49,0.3515
115,49,0.6327
229,49,0.5573
404,49,0.6545
91,49,0.3199
93,49,0.5119
308,49,0.3636
334,49,0.3694
276,49,0.391
289,49,0.503
309,49,0.3255
74,49,0.4605
179,49,0.3596
346,49,0.5074
211,49,0.3426
25,49,0.4473
231,49,0.5685
112,49,0.4137
59,49,0.6017
75,49,0.4501
159,49,0.442
157,49,0.5225
373,49,0.3612
218,49,0.6114
109,49,0.5846
359,49,0.5006
297,49,0.4358
327,49,0.619
259,49,0.5814
383,49,0.3995
325,49,0.3993
350,49,0.4332
343,49,0.4675
419,49,0.4967
264,49,0.4719
371,49,0.485
148,49,0.4754
27,49,0.3751
125,49,0.3912
323,49,0.3306
5,49,0.3682
344,49,0.5821
407,49,0.4874
10,49,0.4292
377,183,0.4225
121,183,0.5896
403,183,0.5109
240,183,0.7335
107,183,0.6267
44,183,0.7033
229,183,0.7033
111,183,0.516
404,183,0.5963
91,183,0.3356
417,183,0.4295
308,183,0.5533
84,183,0.4007
382,183,0.4099
33,183,0.5401
365,183,0.3901
213,183,0.4578
73,183,0.4044
289,183,0.685
90,183,0.3474
300,183,0.5221
74,183,0.4902
126,183,0.5086
85,183,0.4908
58,183,0.4051
274,183,0.4841
211,183,0.4462
118,183,0.3657
12,183,0.3222
25,183,0.7129
231,183,0.5158
401,183,0.5164
283,183,0.3537
190,183,0.3578
157,183,0.5487
189,183,0.6454
109,183,0.5903
108,183,0.3282
261,183,0.3728
297,183,0.5936
315,183,0.5246
285,183,0.3717
327,183,0.5424
259,183,0.4958
97,183,0.5666
324,183,0.5919
81,183,0.3387
29,183,0.4428
186,183,0.4993
34,183,0.5622
402,183,0.4766
264,183,0.5098
3,183,0.6526
371,183,0.6368
312,183,0.5794
26,183,0.4665
110,183,0.373
27,183,0.6323
125,183,0.4375
313,183,0.5527
225,183,0.5
5,183,0.5422
62,183,0.3795
353,183,0.4927
344,183,0.7438
121,377,0.3394
240,377,0.4446
44,377,0.3457
229,377,0.3504
404,377,0.5052
93,377,0.4085
334,377,0.3769
276,377,0.3373
289,377,0.4576
309,377,0.3106
126,377,0.3654
274,377,0.3933
346,377,0.3983
211,377,0.3809
231,377,0.3775
112,377,0.3237
157,377,0.5058
189,377,0.4751
218,377,0.3962
109,377,0.4107
359,377,0.3758
327,377,0.4577
259,377,0.4548
29,377,0.4174
54,377,0.3523
34,377,0.3783
277,377,0.3475
264,377,0.4154
371,377,0.4479
312,377,0.4025
26,377,0.3704
27,377,0.4901
375,377,0.3656
323,377,0.3442
5,377,0.3582
344,377,0.4814
157,230,0.3154
403,121,0.3878
240,121,0.6042
107,121,0.4697
44,121,0.5711
229,121,0.5208
111,121,0.3569
404,121,0.5161
417,121,0.3404
308,121,0.4109
33,121,0.4656
213,121,0.4426
289,121,0.5861
90,121,0.4081
300,121,0.3852
74,121,0.3976
126,121,0.4012
85,121,0.321
58,121,0.3016
274,121,0.4184
211,121,0.3306
118,121,0.3128
25,121,0.4422
231,121,0.4604
112,121,0.3471
401,121,0.3566
190,121,0.3594
157,121,0.4456
189,121,0.5257
109,121,0.5017
261,121,0.3119
297,121,0.4188
315,121,0.3709
327,121,0.4847
259,121,0.4367
97,121,0.422
324,121,0.4739
29,121,0.4299
186,121,0.4241
34,121,0.5237
402,121,0.3475
264,121,0.4142
114,121,0.3024
3,121,0.5414
371,121,0.5417
312,121,0.4381
26,121,0.4061
110,121,0.3128
27,121,0.5659
313,121,0.4474
225,121,0.3801
5,121,0.4368
62,121,0.3005
353,121,0.3861
344,121,0.6222
367,106,0.3207
384,106,0.3149
96,106,0.3567
408,106,0.3061
135,106,0.3124
115,160,0.3838
404,160,0.3562
93,160,0.3578
276,160,0.3152
179,160,0.3311
231,160,0.3351
218,160,0.4125
327,160,0.393
259,160,0.405
199,160,0.3353
343,160,0.4011
277,160,0.3688
419,160,0.3149
310,160,0.3305
101,389,0.3413
396,389,0.6342
394,389,0.6506
268,389,0.4048
286,389,0.3185
28,389,0.3807
372,389,0.6234
166,389,0.5078
22,389,0.5158
373,389,0.3911
122,389,0.4282
296,389,0.4329
378,389,0.3871
364,389,0.5483
263,389,0.4132
137,389,0.6142
383,389,0.4957
325,389,0.4707
406,389,0.5849
418,389,0.552
343,389,0.4544
48,389,0.377
220,389,0.7381
425,389,0.5292
140,389,0.4123
128,389,0.4265
431,389,0.4397
149,389,0.3607
381,389,0.4537
80,389,0.3921
398,389,0.4102
240,403,0.522
107,403,0.4583
44,403,0.4869
229,403,0.4584
417,403,0.3183
308,403,0.3358
33,403,0.3124
365,403,0.3282
289,403,0.4151
300,403,0.3499
126,403,0.3182
58,403,0.3341
274,403,0.3119
25,403,0.43
401,403,0.4017
157,403,0.3314
189,403,0.4386
297,403,0.3383
315,403,0.3474
97,403,0.4655
324,403,0.4304
29,403,0.3037
186,403,0.389
34,403,0.3858
402,403,0.3727
3,403,0.4901
371,403,0.4236
312,403,0.3948
27,403,0.4226
125,403,0.3337
313,403,0.3842
225,403,0.4386
5,403,0.3639
62,403,0.3056
353,403,0.3341
344,403,0.4578
351,184,0.4579
269,184,0.4986
195,184,0.3151
396,184,0.3701
13,184,0.4771
129,184,0.3738
320,184,0.4147
394,184,0.4952
367,184,0.4476
298,184,0.4291
354,184,0.3597
268,184,0.3825
384,184,0.4651
257,184,0.3265
4,184,0.3201
388,184,0.3728
228,184,0.3972
40,184,0.3983
294,184,0.4469
369,184,0.3223
96,184,0.329
352,184,0.4694
425,184,0.4986
262,184,0.3988
11,184,0.5016
140,184,0.462
408,184,0.4005
135,184,0.4341
232,184,0.3646
128,184,0.3597
431,184,0.4296
149,184,0.3265
381,184,0.3388
398,184,0.4752
167,101,0.3437
286,101,0.3754
372,101,0.3628
122,101,0.3751
383,101,0.3761
199,101,0.4137
102,101,0.4477
107,240,0.5899
44,240,0.7173
229,240,0.6752
111,240,0.4796
404,240,0.5321
417,240,0.3822
308,240,0.5963
382,240,0.465
33,240,0.5188
365,240,0.3668
213,240,0.4835
73,240,0.4379
289,240,0.6809
90,240,0.4276
300,240,0.4457
74,240,0.4405
126,240,0.5102
85,240,0.4345
58,240,0.3863
274,240,0.5628
211,240,0.4417
326,240,0.3644
118,240,0.3897
25,240,0.6708
231,240,0.5451
112,240,0.3553
401,240,0.4653
283,240,0.3436
190,240,0.4539
157,240,0.4705
189,240,0.6987
109,240,0.5289
108,240,0.3275
359,240,0.4
261,240,0.3814
297,240,0.5946
315,240,0.5189
327,240,0.5725
259,240,0.523
97,240,0.5279
324,240,0.6388
81,240,0.338
29,240,0.5701
186,240,0.5418
34,240,0.6297
402,240,0.4835
264,240,0.4993
114,240,0.3137
3,240,0.6961
371,240,0.684
427,240,0.3054
312,240,0.5962
26,240,0.5095
110,240,0.3383
27,240,0.6842
125,240,0.4586
313,240,0.5136
225,240,0.4791
5,240,0.5499
62,240,0.4377
353,240,0.5245
344,240,0.7503
229,115,0.4212
414,115,0.3826
404,115,0.7205
93,115,0.7234
334,115,0.4531
322,115,0.445
276,115,0.6288
273,115,0.6059
289,115,0.4674
309,115,0.507
74,115,0.4319
274,115,0.4224
179,115,0.69
346,115,0.7326
211,115,0.4681
317,115,0.3703
28,115,0.4736
231,115,0.7255
59,115,0.84
75,115,0.6183
134,115,0.5136
190,115,0.4216
159,115,0.6739
157,115,0.4725
373,115,0.602
218,115,0.9177
109,115,0.6541
299,115,0.4871
359,115,0.7429
297,115,0.4406
177,115,0.435
164,115,0.4375
327,115,0.8019
259,115,0.8063
187,115,0.4197
383,115,0.48
325,115,0.5171
199,115,0.6183
350,115,0.6645
406,115,0.6016
418,115,0.5661
29,115,0.4391
343,115,0.8021
54,115,0.4849
48,115,0.5362
277,115,0.621
419,115,0.6973
264,115,0.5457
371,115,0.4311
148,115,0.5975
27,115,0.4554
258,115,0.4344
375,115,0.4861
323,115,0.4774
344,115,0.5037
407,115,0.6549
310,115,0.6612
10,115,0.4484
44,107,0.614
229,107,0.5507
111,107,0.3856
417,107,0.5042
308,107,0.4683
365,107,0.3838
213,107,0.3829
289,107,0.4514
90,107,0.3192
300,107,0.5485
126,107,0.3296
85,107,0.3607
58,107,0.496
274,107,0.3325
118,107,0.3362
12,107,0.3223
25,107,0.5247
401,107,0.4837
283,107,0.3346
157,107,0.355
189,107,0.5318
108,107,0.3023
297,107,0.4046
315,107,0.3939
97,107,0.6318
324,107,0.504
81,107,0.3037
186,107,0.4744
34,107,0.3807
402,107,0.4998
114,107,0.3432
3,107,0.6527
371,107,0.5231
312,107,0.4667
26,107,0.307
110,107,0.4449
27,107,0.4283
66,107,0.3582
125,107,0.3994
313,107,0.5073
225,107,0.47
5,107,0.4449
62,107,0.362
353,107,0.4577
344,107,0.4837
229,44,0.7156
111,44,0.4769
404,44,0.4836
417,44,0.4319
308,44,0.548
84,44,0.3509
382,44,0.422
33,44,0.5032
365,44,0.3827
213,44,0.4584
73,44,0.3574
289,44,0.6437
90,44,0.44
300,44,0.5004
74,44,0.4721
126,44,0.517
85,44,0.4617
58,44,0.401
274,44,0.4266
211,44,0.3377
118,44,0.3672
12,44,0.3767
25,44,0.6582
231,44,0.4452
112,44,0.3795
401,44,0.4616
283,44,0.3779
157,44,0.4337
189,44,0.6175
109,44,0.4512
261,44,0.3409
297,44,0.5533
315,44,0.4536
285,44,0.4075
327,44,0.4869
259,44,0.3971
97,44,0.5719
324,44,0.6169
186,44,0.53
34,44,0.5008
402,44,0.4882
264,44,0.3938
114,44,0.3055
3,44,0.6717
371,44,0.6619
312,44,0.5594
26,44,0.4263
110,44,0.3943
27,44,0.5993
66,44,0.327
125,44,0.4862
313,44,0.5915
225,44,0.4908
5,44,0.5462
62,44,0.3695
353,44,0.4599
344,44,0.7057
13,167,0.4452
268,167,0.5084
380,167,0.3833
303,167,0.3289
18,167,0.3423
32,167,0.3506
166,167,0.4465
9,167,0.3235
168,167,0.4206
420,167,0.4671
36,167,0.3117
140,167,0.3606
194,167,0.4575
319,167,0.3289
387,167,0.336
111,229,0.5149
404,229,0.641
91,229,0.3301
417,229,0.3401
308,229,0.5868
84,229,0.4157
334,229,0.3231
382,229,0.432
33,229,0.5209
365,229,0.338
213,229,0.3986
73,229,0.3734
289,229,0.7092
90,229,0.3623
300,229,0.4337
74,229,0.6322
126,229,0.528
85,229,0.4958
58,229,0.3368
274,229,0.4021
118,229,0.331
25,229,0.7214
231,229,0.5601
112,229,0.4534
59,229,0.5264
401,229,0.4275
283,229,0.3686
157,229,0.5089
189,229,0.5518
218,229,0.438
109,229,0.5801
261,229,0.326
297,229,0.6797
315,229,0.4749
285,229,0.4702
327,229,0.6024
259,229,0.5133
97,229,0.4877
350,229,0.4659
324,229,0.6273
186,229,0.4655
34,229,0.4675
402,229,0.416
419,229,0.3793
264,229,0.4858
3,229,0.5864
371,229,0.7177
312,229,0.5606
26,229,0.4135
27,229,0.6013
125,229,0.5606
313,229,0.501
225,229,0.4038
5,229,0.5781
62,229,0.3643
353,229,0.4152
344,229,0.7814
308,111,0.4758
382,111,0.3602
213,111,0.3028
289,111,0.4628
74,111,0.4051
85,111,0.3017
25,111,0.4878
189,111,0.3819
109,111,0.3606
297,111,0.4238
315,111,0.3563
350,111,0.3444
324,111,0.5056
3,111,0.4416
371,111,0.4369
204,111,0.3427
312,111,0.3839
27,111,0.3648
125,111,0.3781
313,111,0.3995
5,111,0.4462
353,111,0.3122
344,111,0.4926
414,79,0.3109
177,79,0.3352
320,397,0.3012
269,351,0.4479
195,351,0.4313
129,351,0.3147
320,351,0.4087
394,351,0.5448
367,351,0.5743
298,351,0.4704
24,351,0.371
384,351,0.5322
4,351,0.3318
228,351,0.3671
282,351,0.3773
40,351,0.3698
331,351,0.3794
127,351,0.3823
295,351,0.3601
296,351,0.3777
255,351,0.3335
96,351,0.4165
263,351,0.397
278,351,0.3402
16,351,0.4034
352,351,0.4292
425,351,0.5849
2,351,0.3795
262,351,0.3954
11,351,0.5837
140,351,0.4946
408,351,0.4199
135,351,0.4221
232,351,0.5133
128,351,0.462
149,351,0.3498
381,351,0.3947
319,351,0.3111
368,351,0.4004
398,351,0.5191
404,414,0.4424
93,414,0.4489
346,414,0.44
134,414,0.4128
159,414,0.4182
157,414,0.4285
54,414,0.3868
430,414,0.4423
375,414,0.4388
396,269,0.6444
13,269,0.6575
394,269,0.6083
367,269,0.4231
253,269,0.4284
354,269,0.484
171,269,0.3516
268,269,0.4552
380,269,0.3816
384,269,0.6814
86,269,0.351
257,269,0.4502
4,269,0.3704
388,269,0.4533
322,269,0.3588
294,269,0.576
331,269,0.4092
166,269,0.4568
278,269,0.3354
220,269,0.4588
352,269,0.3938
210,269,0.3723
425,269,0.673
262,269,0.5237
140,269,0.5968
408,269,0.4543
135,269,0.4739
232,269,0.5413
431,269,0.5838
194,269,0.4181
381,269,0.5986
319,269,0.3742
407,269,0.4957
80,269,0.326
398,269,0.4111
13,226,0.381
268,226,0.3213
420,226,0.356
135,226,0.3336
320,195,0.4327
394,195,0.4403
250,195,0.324
367,195,0.5083
298,195,0.4083
380,195,0.3237
384,195,0.3819
4,195,0.3143
228,195,0.3397
282,195,0.3506
40,195,0.3741
127,195,0.351
130,195,0.3295
295,195,0.3369
96,195,0.4914
263,195,0.406
385,195,0.3171
16,195,0.3385
352,195,0.3153
425,195,0.4652
2,195,0.3118
11,195,0.5361
140,195,0.398
408,195,0.3754
135,195,0.4072
232,195,0.361
128,195,0.3709
368,195,0.3869
398,195,0.4491
13,396,0.5341
394,396,0.6339
253,396,0.5709
354,396,0.3971
268,396,0.4219
421,396,0.3955
384,396,0.5264
86,396,0.4139
388,396,0.4045
322,396,0.3781
355,396,0.3647
294,396,0.5598
28,396,0.3652
331,396,0.3824
372,396,0.5499
166,396,0.5404
75,396,0.3917
22,396,0.4216
134,396,0.5624
159,396,0.4332
378,396,0.4403
383,396,0.5772
325,396,0.4527
406,396,0.4666
418,396,0.4951
374,396,0.3848
220,396,0.7077
210,396,0.3422
425,396,0.6489
262,396,0.4064
140,396,0.4679
430,396,0.4206
197,396,0.3708
431,396,0.7103
381,396,0.5783
407,396,0.6407
10,396,0.4234
80,396,0.4067
91,404,0.3884
93,404,0.7422
84,404,0.3929
334,404,0.5452
33,404,0.5342
222,404,0.3417
280,404,0.3065
213,404,0.3699
276,404,0.4936
289,404,0.7448
309,404,0.5195
74,404,0.5505
126,404,0.564
85,404,0.3633
274,404,0.535
179,404,0.5086
346,404,0.7181
211,404,0.5971
25,404,0.5996
231,404,0.7052
112,404,0.408
59,404,0.6684
401,404,0.4165
283,404,0.3464
75,404,0.4241
190,404,0.4089
159,404,0.5684
157,404,0.7192
189,404,0.533
373,404,0.455
218,404,0.7333
109,404,0.7625
299,404,0.388
359,404,0.5954
261,404,0.3937
297,404,0.5414
315,404,0.3371
285,404,0.4161
327,404,0.7774
259,404,0.824
199,404,0.4692
339,404,0.3817
350,404,0.5156
29,404,0.5133
343,404,0.5697
54,404,0.6322
34,404,0.5673
277,404,0.5749
419,404,0.566
264,404,0.7122
371,404,0.6422
312,404,0.4961
26,404,0.4422
148,404,0.5596
27,404,0.6638
313,404,0.36
375,404,0.5474
323,404,0.5143
416,404,0.3462
5,404,0.4232
344,404,0.7773
310,404,0.5596
10,404,0.4151
394,13,0.6086
367,13,0.4385
354,13,0.4011
171,13,0.3528
268,13,0.6287
380,13,0.4722
384,13,0.5061
257,13,0.5479
4,13,0.3644
388,13,0.4094
322,13,0.3406
18,13,0.3974
40,13,0.3432
294,13,0.4613
166,13,0.4029
96,13,0.3544
9,13,0.4616
220,13,0.429
352,13,0.3508
425,13,0.5419
420,13,0.5409
262,13,0.3637
140,13,0.5571
408,13,0.4652
135,13,0.5445
232,13,0.5272
128,13,0.3695
431,13,0.4887
194,13,0.5148
381,13,0.4943
319,13,0.4169
80,13,0.3905
398,13,0.3989
308,91,0.3279
289,91,0.3344
25,91,0.3428
109,91,0.3439
344,91,0.341
320,129,0.463
250,129,0.4699
367,129,0.3667
298,129,0.5417
228,129,0.5332
282,129,0.3183
35,129,0.3654
145,129,0.3778
127,129,0.3328
130,129,0.5586
369,129,0.3002
133,129,0.3419
96,129,0.3426
318,129,0.3961
174,129,0.3043
39,129,0.4135
352,129,0.3475
260,129,0.3237
136,129,0.3968
420,129,0.3773
11,129,0.4546
287,129,0.3379
408,129,0.4292
135,129,0.4718
411,129,0.3718
200,129,0.431
398,129,0.4334
394,320,0.4939
250,320,0.4677
367,320,0.5308
298,320,0.586
380,320,0.3294
153,320,0.323
228,320,0.4747
282,320,0.3783
40,320,0.3734
92,320,0.3413
145,320,0.4069
127,320,0.3652
130,320,0.4558
295,320,0.4057
369,320,0.3663
133,320,0.3685
96,320,0.4375
318,320,0.4219
263,320,0.4178
385,320,0.3493
251,320,0.3148
39,320,0.331
352,320,0.3585
425,320,0.4392
136,320,0.3302
11,320,0.5746
36,320,0.3135
140,320,0.4716
287,320,0.3373
408,320,0.3749
135,320,0.4689
128,320,0.3884
411,320,0.3154
200,320,0.387
212,320,0.3374
368,320,0.4035
398,320,0.4801
367,394,0.7243
298,394,0.5126
24,394,0.3902
268,394,0.5858
380,394,0.4827
384,394,0.6207
257,394,0.409
4,394,0.4483
18,394,0.5024
155,394,0.3255
282,394,0.4299
286,394,0.447
40,394,0.4741
314,394,0.4205
331,394,0.4843
372,394,0.5687
166,394,0.5733
127,394,0.4014
295,394,0.5474
296,394,0.5235
378,394,0.4088
364,394,0.5842
96,394,0.5495
263,394,0.6647
137,394,0.5062
385,394,0.3479
16,394,0.5224
374,394,0.3868
220,394,0.7237
352,394,0.4039
425,394,0.8807
2,394,0.3501
420,394,0.4341
262,394,0.3908
11,394,0.6007
36,394,0.3761
140,394,0.7698
408,394,0.499
135,394,0.5953
232,394,0.5887
128,394,0.6472
197,394,0.3165
431,394,0.6335
194,394,0.5321
149,394,0.4698
212,394,0.3461
152,394,0.3978
381,394,0.6293
319,394,0.503
368,394,0.4282
80,394,0.5343
398,394,0.6923
298,250,0.5783
202,250,0.4801
201,250,0.303
153,250,0.3774
228,250,0.4608
282,250,0.367
35,250,0.5542
143,250,0.3036
390,250,0.3597
92,250,0.3473
145,250,0.496
104,250,0.4031
77,250,0.3654
127,250,0.3397
130,250,0.51
133,250,0.4316
96,250,0.3506
318,250,0.4582
174,250,0.3936
251,250,0.3504
147,250,0.3621
39,250,0.4442
260,250,0.3842
136,250,0.524
138,250,0.3475
247,250,0.3985
11,250,0.45
287,250,0.5438
135,250,0.3477
411,250,0.4936
200,250,0.5286
162,250,0.3131
301,250,0.3548
212,250,0.3044
368,250,0.3702
334,93,0.4308
222,93,0.3073
276,93,0.5547
273,93,0.4619
289,93,0.457
309,93,0.4862
126,93,0.4034
274,93,0.3955
179,93,0.5595
346,93,0.7032
211,93,0.4872
28,93,0.4753
231,93,0.5493
59,93,0.576
75,93,0.4483
134,93,0.4309
190,93,0.3795
159,93,0.4883
157,93,0.5351
373,93,0.6087
218,93,0.7646
109,93,0.4941
299,93,0.4264
359,93,0.5509
412,93,0.4037
327,93,0.6909
259,93,0.7688
383,93,0.3873
199,93,0.6946
406,93,0.5115
29,93,0.4724
343,93,0.6836
54,93,0.5823
48,93,0.4803
277,93,0.6557
419,93,0.582
264,93,0.5295
371,93,0.4403
26,93,0.3364
148,93,0.5268
27,93,0.4468
258,93,0.4979
375,93,0.6611
102,93,0.3953
323,93,0.5564
416,93,0.4105
344,93,0.4666
310,93,0.673
10,93,0.3876
298,367,0.5607
24,367,0.3615
171,367,0.3478
268,367,0.3997
380,367,0.4635
384,367,0.5425
4,367,0.3933
153,367,0.3206
429,367,0.3093
18,367,0.3938
228,367,0.4602
155,367,0.3239
282,367,0.5066
40,367,0.5192
331,367,0.37
306,367,0.3091
127,367,0.4715
295,367,0.5468
305,367,0.4013
369,367,0.377
296,367,0.4484
378,367,0.4207
364,367,0.38
255,367,0.4115
96,367,0.5765
263,367,0.5229
385,367,0.3992
278,367,0.3554
16,367,0.5236
220,367,0.4522
39,367,0.3417
352,367,0.4431
425,367,0.6703
2,367,0.4225
11,367,0.6807
36,367,0.3277
140,367,0.6573
408,367,0.5314
135,367,0.5447
232,367,0.5464
128,367,0.6385
200,367,0.3211
209,367,0.3949
431,367,0.4427
194,367,0.4002
149,367,0.5465
212,367,0.3942
152,367,0.3018
381,367,0.5485
319,367,0.4218
368,367,0.4401
80,367,0.3472
398,367,0.6045
202,298,0.4097
337,298,0.3878
153,298,0.3284
228,298,0.6286
282,298,0.5403
35,298,0.4113
390,298,0.3235
40,298,0.415
92,298,0.3089
145,298,0.4955
104,298,0.3321
127,298,0.395
89,298,0.3041
130,298,0.5455
369,298,0.4033
133,298,0.3821
255,298,0.302
96,298,0.4244
318,298,0.4918
263,298,0.4184
385,298,0.4174
251,298,0.3601
39,298,0.4116
352,298,0.3634
425,298,0.4512
260,298,0.324
136,298,0.3882
247,298,0.3356
11,298,0.6084
140,298,0.4332
287,298,0.4624
135,298,0.4365
128,298,0.4247
411,298,0.3817
200,298,0.4715
301,298,0.3363
212,298,0.3695
368,298,0.4337
398,298,0.5063
337,202,0.3006
153,202,0.3483
35,202,0.4135
390,202,0.3278
92,202,0.3063
145,202,0.423
77,202,0.38
130,202,0.3759
133,202,0.3619
318,202,0.3285
251,202,0.3089
136,202,0.3848
287,202,0.416
411,202,0.3616
200,202,0.4135
301,202,0.3139
368,202,0.3318
365,417,0.3325
300,417,0.482
58,417,0.4266
401,417,0.4257
189,417,0.3141
97,417,0.5723
186,417,0.3706
402,417,0.4164
3,417,0.4559
371,417,0.3401
110,417,0.3997
66,417,0.3097
313,417,0.391
225,417,0.3878
353,417,0.3225
253,24,0.4403
384,24,0.3356
372,24,0.3418
122,24,0.3543
296,24,0.3762
378,24,0.3222
263,24,0.3756
374,24,0.3179
220,24,0.3689
425,24,0.439
149,24,0.3064
354,253,0.4042
384,253,0.3992
86,253,0.352
322,253,0.3878
179,253,0.421
294,253,0.4874
372,253,0.4607
134,253,0.6052
159,253,0.4652
177,253,0.4526
378,253,0.4718
278,253,0.4304
406,253,0.5132
374,253,0.3684
220,253,0.5028
210,253,0.3312
425,253,0.4406
151,253,0.324
266,253,0.3128
262,253,0.3538
430,253,0.4642
431,253,0.3837
149,253,0.4027
407,253,0.506
384,354,0.3888
388,354,0.5398
322,354,0.3685
294,354,0.5725
339,354,0.406
352,354,0.3168
262,354,0.3357
430,354,0.3669
407,354,0.4517
382,308,0.4134
365,308,0.3029
213,308,0.3747
73,308,0.3366
289,308,0.4616
300,308,0.3713
74,308,0.4011
85,308,0.3225
274,308,0.3648
25,308,0.5487
231,308,0.4514
112,308,0.3499
190,308,0.3396
189,308,0.5403
109,308,0.4321
359,308,0.3672
297,308,0.4875
315,308,0.3952
327,308,0.4779
97,308,0.3791
324,308,0.5239
186,308,0.4549
34,308,0.4105
402,308,0.3275
3,308,0.5623
371,308,0.5069
312,308,0.4372
26,308,0.3518
27,308,0.4695
125,308,0.4818
313,308,0.4103
5,308,0.4015
62,308,0.3338
353,308,0.3692
344,308,0.5414
268,171,0.3604
380,171,0.4156
384,171,0.4583
420,171,0.3401
140,171,0.4321
408,171,0.3654
135,171,0.4124
194,171,0.4069
381,171,0.3417
380,268,0.5556
384,268,0.4247
257,268,0.4099
303,268,0.3296
18,268,0.4498
40,268,0.3739
32,268,0.4126
166,268,0.4952
291,268,0.3169
96,268,0.4313
318,268,0.3804
9,268,0.5438
105,268,0.3004
39,268,0.3803
352,268,0.3508
168,268,0.3783
425,268,0.5483
420,268,0.6619
36,268,0.3745
140,268,0.5877
408,268,0.5312
135,268,0.6229
194,268,0.6835
319,268,0.3977
387,268,0.3632
80,268,0.4128
398,268,0.404
294,421,0.3603
325,421,0.4517
430,421,0.434
407,421,0.5173
10,421,0.3387
384,380,0.5264
257,380,0.3593
4,380,0.3826
18,380,0.3964
40,380,0.3563
314,380,0.3138
32,380,0.377
166,380,0.3863
96,380,0.458
16,380,0.3486
352,380,0.3456
168,380,0.3656
425,380,0.4625
420,380,0.4326
11,380,0.3996
36,380,0.4117
140,380,0.527
408,380,0.4977
135,380,0.571
194,380,0.5789
381,380,0.3584
319,380,0.4033
80,380,0.3524
398,380,0.3799
257,384,0.36
4,384,0.3893
18,384,0.3331
40,384,0.3595
294,384,0.4915
331,384,0.3545
127,384,0.3325
255,384,0.3568
96,384,0.4985
278,384,0.4015
16,384,0.3503
220,384,0.407
352,384,0.4309
210,384,0.3705
425,384,0.7098
262,384,0.5239
11,384,0.5326
140,384,0.6257
408,384,0.5209
135,384,0.5204
232,384,0.5225
128,384,0.4023
431,384,0.5126
194,384,0.4357
149,384,0.4075
381,384,0.5607
319,384,0.4019
80,384,0.394
398,384,0.5288
33,84,0.3141
289,84,0.3907
74,84,0.3007
126,84,0.3361
25,84,0.3636
371,84,0.3456
312,84,0.3172
313,84,0.3403
5,84,0.3501
344,84,0.4254
33,334,0.3212
276,334,0.3099
289,334,0.4297
309,334,0.349
74,334,0.3231
126,334,0.3336
179,334,0.3253
346,334,0.4949
211,334,0.3451
231,334,0.3791
159,334,0.3625
157,334,0.4644
373,334,0.3265
218,334,0.4365
109,334,0.4679
359,334,0.3595
327,334,0.4495
259,334,0.4669
54,334,0.3833
419,334,0.3584
264,334,0.4365
371,334,0.3228
148,334,0.3646
27,334,0.3525
375,334,0.3563
323,334,0.3112
344,334,0.4621
310,334,0.3316
294,86,0.3505
134,86,0.3526
210,86,0.3533
430,86,0.4535
407,86,0.4512
35,201,0.3036
136,201,0.3074
33,382,0.3625
289,382,0.4018
90,382,0.3389
74,382,0.3578
326,382,0.3293
25,382,0.442
231,382,0.3729
189,382,0.4516
297,382,0.4589
327,382,0.429
259,382,0.3617
350,382,0.3705
324,382,0.5166
186,382,0.3381
34,382,0.379
419,382,0.3312
3,382,0.361
371,382,0.3766
312,382,0.3136
27,382,0.4348
125,382,0.3716
344,382,0.4644
174,254,0.3103
162,254,0.3572
420,257,0.4314
140,257,0.3557
408,257,0.3406
135,257,0.4488
232,257,0.4742
194,257,0.4124
319,257,0.3446
96,4,0.3626
263,4,0.3129
16,4,0.3067
352,4,0.3141
425,4,0.452
11,4,0.3454
140,4,0.4262
408,4,0.3594
135,4,0.394
232,4,0.3799
128,4,0.317
319,4,0.3661
80,4,0.3234
398,4,0.461
145,337,0.3087
385,337,0.3063
200,337,0.3038
213,33,0.3411
289,33,0.5576
90,33,0.3429
74,33,0.4258
126,33,0.4435
85,33,0.3884
274,33,0.3702
211,33,0.3461
118,33,0.3602
25,33,0.5094
231,33,0.4469
189,33,0.3869
109,33,0.4736
261,33,0.3451
297,33,0.505
285,33,0.4197
327,33,0.4578
259,33,0.4384
339,33,0.3356
350,33,0.3837
324,33,0.4962
29,33,0.3831
34,33,0.4259
264,33,0.4588
3,33,0.3996
371,33,0.437
312,33,0.3629
26,33,0.3135
27,33,0.4704
5,33,0.35
344,33,0.578
218,222,0.3203
259,222,0.3212
289,280,0.3515
327,280,0.3182
344,280,0.3458
166,303,0.3358
168,303,0.3515
36,303,0.3144
194,303,0.3416
92,153,0.3246
145,153,0.3471
130,153,0.3236
11,153,0.3465
200,153,0.3687
212,153,0.3284
368,153,0.36
11,196,0.3065
294,388,0.5514
339,388,0.4232
352,388,0.3714
431,388,0.3855
295,429,0.3187
58,365,0.3304
25,365,0.3173
401,365,0.334
189,365,0.3258
315,365,0.3054
97,365,0.3695
324,365,0.3152
186,365,0.3292
402,365,0.3259
3,365,0.3989
371,365,0.3105
353,365,0.3207
344,365,0.3345
294,322,0.4189
59,322,0.4613
134,322,0.3391
218,322,0.3563
325,322,0.3538
350,322,0.3906
406,322,0.3584
418,322,0.339
407,322,0.5389
289,213,0.4649
90,213,0.3287
74,213,0.3286
126,213,0.3553
274,213,0.3047
211,213,0.3184
25,213,0.4
231,213,0.3611
190,213,0.331
157,213,0.365
189,213,0.4786
109,213,0.3917
297,213,0.3754
327,213,0.4091
259,213,0.3866
187,213,0.3089
324,213,0.3947
29,213,0.3692
34,213,0.4529
264,213,0.3373
3,213,0.3947
371,213,0.4462
312,213,0.3909
26,213,0.3304
27,213,0.4306
313,213,0.355
5,213,0.3194
344,213,0.4942
273,276,0.4742
289,276,0.3833
309,276,0.4965
274,276,0.4584
179,276,0.4812
346,276,0.4734
211,276,0.3952
265,276,0.3059
28,276,0.3691
231,276,0.4977
112,276,0.3316
59,276,0.4903
75,276,0.3973
190,276,0.4817
189,276,0.443
373,276,0.4652
218,276,0.7046
109,276,0.4292
359,276,0.6114
412,276,0.3371
327,276,0.6457
259,276,0.682
187,276,0.4555
383,276,0.3497
199,276,0.566
350,276,0.378
406,276,0.4591
29,276,0.5186
343,276,0.5646
54,276,0.4091
34,276,0.484
48,276,0.4685
277,276,0.6114
419,276,0.587
264,276,0.4317
371,276,0.4357
26,276,0.3352
148,276,0.4036
27,276,0.449
125,276,0.3408
375,276,0.3599
102,276,0.3232
323,276,0.4316
310,276,0.5014
286,18,0.3143
372,18,0.3515
166,18,0.4574
122,18,0.3448
295,18,0.371
96,18,0.3951
263,18,0.3893
137,18,0.3329
16,18,0.3735
220,18,0.3469
425,18,0.4443
420,18,0.4508
140,18,0.4551
408,18,0.4235
135,18,0.473
232,18,0.3066
194,18,0.4654
319,18,0.3412
80,18,0.3792
289,73,0.3578
274,73,0.3015
25,73,0.3539
189,73,0.3476
324,73,0.3802
34,73,0.3015
3,73,0.4042
371,73,0.3488
312,73,0.3166
27,73,0.3558
5,73,0.3384
344,73,0.3757
309,273,0.4206
179,273,0.5469
346,273,0.5278
265,273,0.331
28,273,0.3888
231,273,0.4265
59,273,0.4008
373,273,0.5261
218,273,0.5228
299,273,0.4211
359,273,0.5782
177,273,0.4661
412,273,0.3657
164,273,0.3908
137,273,0.5102
327,273,0.4338
259,273,0.5441
187,273,0.4193
199,273,0.4809
406,273,0.4776
418,273,0.3827
29,273,0.4024
343,273,0.6191
54,273,0.4129
48,273,0.5392
277,273,0.5659
419,273,0.4674
258,273,0.4666
323,273,0.3893
310,273,0.568
309,289,0.3827
90,289,0.3739
300,289,0.3702
74,289,0.5639
126,289,0.5553
85,289,0.3988
274,289,0.5224
346,289,0.4635
211,289,0.5199
118,289,0.3202
25,289,0.6448
231,289,0.637
112,289,0.452
59,289,0.4151
401,289,0.4229
283,289,0.3499
190,289,0.3808
157,289,0.6224
189,289,0.6162
218,289,0.5019
109,289,0.6672
359,289,0.4561
261,289,0.3656
297,289,0.6051
315,289,0.4165
285,289,0.4441
327,289,0.6695
259,289,0.6396
187,289,0.3388
97,289,0.4085
350,289,0.4158
324,289,0.5328
29,289,0.5357
186,289,0.4154
54,289,0.4266
34,289,0.6191
419,289,0.4063
264,289,0.5877
3,289,0.4911
371,289,0.6979
312,289,0.5624
26,289,0.4798
148,289,0.4172
27,289,0.7094
125,289,0.3856
313,289,0.4754
323,289,0.3567
225,289,0.402
5,289,0.5745
62,289,0.3503
353,289,0.3938
344,289,0.8227
274,309,0.4025
179,309,0.4299
346,309,0.5558
211,309,0.3896
231,309,0.4742
59,309,0.3776
159,309,0.3452
157,309,0.3493
189,309,0.4352
373,309,0.4702
218,309,0.5358
109,309,0.456
299,309,0.3328
359,309,0.4778
412,309,0.3467
164,309,0.3302
327,309,0.4657
259,309,0.5847
187,309,0.3937
199,309,0.3712
406,309,0.3358
55,309,0.3464
29,309,0.4418
343,309,0.4719
54,309,0.4007
34,309,0.4004
48,309,0.4523
277,309,0.5046
419,309,0.4143
264,309,0.4019
371,309,0.3563
148,309,0.4394
27,309,0.4325
258,309,0.3329
323,309,0.3976
416,309,0.3041
344,309,0.3964
310,309,0.4876
274,90,0.3219
25,90,0.358
189,90,0.4033
297,90,0.3736
324,90,0.4397
34,90,0.4083
3,90,0.4104
371,90,0.3704
204,90,0.3084
427,90,0.3519
312,90,0.3699
27,90,0.4134
225,90,0.3048
344,90,0.4147
126,300,0.3095
85,300,0.3213
58,300,0.442
12,300,0.3575
25,300,0.424
401,300,0.4282
283,300,0.3624
189,300,0.4062
315,300,0.3025
97,300,0.6172
324,300,0.355
186,300,0.4112
402,300,0.4113
114,300,0.3336
3,300,0.5052
371,300,0.4206
312,300,0.3587
110,300,0.3977
27,300,0.3395
66,300,0.3488
313,300,0.4945
225,300,0.416
5,300,0.3882
353,300,0.3027
344,300,0.4246
126,74,0.3655
85,74,0.3507
211,74,0.3387
25,74,0.5643
231,74,0.4725
59,74,0.4777
157,74,0.4405
189,74,0.3751
218,74,0.386
109,74,0.5087
297,74,0.5534
285,74,0.4301
327,74,0.4481
259,74,0.4077
325,74,0.3404
339,74,0.4225
350,74,0.4278
324,74,0.4548
264,74,0.4202
3,74,0.3513
371,74,0.497
312,74,0.3869
148,74,0.3267
27,74,0.4353
313,74,0.3285
5,74,0.3978
344,74,0.5901
407,74,0.3729
274,126,0.426
211,126,0.3532
25,126,0.4185
231,126,0.3995
401,126,0.3262
283,126,0.3104
157,126,0.4639
189,126,0.4332
218,126,0.3789
109,126,0.3672
261,126,0.331
297,126,0.4279
315,126,0.318
327,126,0.4999
259,126,0.496
324,126,0.3398
29,126,0.3864
186,126,0.315
34,126,0.5033
264,126,0.3824
3,126,0.3516
371,126,0.5357
312,126,0.4694
26,126,0.3975
27,126,0.5367
125,126,0.3205
313,126,0.3509
375,126,0.367
5,126,0.4087
344,126,0.6392
25,85,0.4924
401,85,0.3123
189,85,0.306
109,85,0.3518
297,85,0.3739
97,85,0.3618
324,85,0.362
186,85,0.307
402,85,0.3258
3,85,0.42
371,85,0.3543
312,85,0.3161
27,85,0.3052
313,85,0.3311
225,85,0.302
5,85,0.3173
344,85,0.4544
25,58,0.321
401,58,0.3966
189,58,0.3478
97,58,0.5322
324,58,0.311
186,58,0.353
402,58,0.4402
3,58,0.4399
371,58,0.3446
110,58,0.3362
313,58,0.3208
225,58,0.4151
353,58,0.3115
346,274,0.3924
211,274,0.4622
326,274,0.3097
25,274,0.4768
231,274,0.5486
59,274,0.3809
401,274,0.3225
190,274,0.4629
157,274,0.3688
189,274,0.5844
218,274,0.4884
109,274,0.4697
359,274,0.4782
261,274,0.3134
297,274,0.4185
412,274,0.3286
315,274,0.3171
327,274,0.5715
259,274,0.6251
187,274,0.4115
199,274,0.3806
324,274,0.4337
29,274,0.6618
186,274,0.3555
54,274,0.4273
34,274,0.6143
277,274,0.5713
419,274,0.3742
264,274,0.4608
3,274,0.4471
371,274,0.5505
312,274,0.4168
26,274,0.4062
148,274,0.3331
27,274,0.6253
125,274,0.3559
323,274,0.3643
225,274,0.3321
62,274,0.3303
353,274,0.3569
344,274,0.558
310,274,0.4068
346,179,0.6889
317,179,0.3259
28,179,0.3928
231,179,0.443
59,179,0.5725
75,179,0.3797
22,179,0.3753
134,179,0.3864
159,179,0.4876
373,179,0.518
218,179,0.638
109,179,0.4171
299,179,0.4674
359,179,0.5661
177,179,0.5949
164,179,0.5511
137,179,0.4361
327,179,0.4477
259,179,0.5707
187,179,0.3134
199,179,0.4656
350,179,0.4518
406,179,0.5847
418,179,0.4305
343,179,0.6629
54,179,0.5485
48,179,0.6403
277,179,0.5449
419,179,0.4815
264,179,0.4268
148,179,0.4812
258,179,0.486
323,179,0.4207
416,179,0.3427
310,179,0.5155
282,228,0.4493
35,228,0.348
40,228,0.3542
145,228,0.3662
127,228,0.3317
130,228,0.4918
369,228,0.3556
133,228,0.3489
96,228,0.355
318,228,0.3618
251,228,0.305
147,228,0.306
39,228,0.3837
352,228,0.3278
136,228,0.3525
11,228,0.5519
140,228,0.3736
287,228,0.3662
408,228,0.3618
135,228,0.4401
411,228,0.3304
200,228,0.3979
398,228,0.4108
97,330,0.327
211,346,0.5215
317,346,0.3322
265,346,0.4054
28,346,0.3736
231,346,0.5806
59,346,0.5943
75,346,0.3966
134,346,0.4129
159,346,0.5053
157,346,0.4493
373,346,0.6014
218,346,0.684
109,346,0.5837
299,346,0.5665
359,346,0.5856
177,346,0.5195
412,346,0.4117
164,346,0.5792
327,346,0.5787
259,346,0.7202
187,346,0.4655
199,346,0.4357
350,346,0.4568
406,346,0.4109
418,346,0.4088
29,346,0.4555
343,346,0.6472
54,346,0.6647
48,346,0.5269
277,346,0.5805
419,346,0.5635
264,346,0.5931
148,346,0.5759
27,346,0.4111
258,346,0.5282
375,346,0.4636
323,346,0.5581
416,346,0.3528
344,346,0.4767
310,346,0.6322
25,211,0.3619
231,211,0.5081
190,211,0.3445
159,211,0.3501
157,211,0.505
189,211,0.4617
218,211,0.514
109,211,0.5484
359,211,0.4699
297,211,0.3637
327,211,0.5495
259,211,0.6142
187,211,0.373
199,211,0.3299
29,211,0.4962
343,211,0.3812
54,211,0.5017
34,211,0.4852
277,211,0.4855
419,211,0.3933
264,211,0.5222
371,211,0.4431
312,211,0.3539
26,211,0.3427
27,211,0.5297
323,211,0.4334
344,211,0.5206
310,211,0.4217
282,293,0.3007
282,155,0.3338
122,155,0.3394
296,155,0.3286
378,155,0.3067
263,155,0.3214
425,155,0.3363
149,155,0.3409
189,326,0.3445
3,326,0.3287
371,326,0.3243
40,282,0.3655
127,282,0.3107
295,282,0.3665
296,282,0.3743
96,282,0.439
318,282,0.3319
263,282,0.4265
385,282,0.3711
39,282,0.3305
425,282,0.4324
11,282,0.4506
140,282,0.3517
135,282,0.3795
232,282,0.3358
128,282,0.3738
149,282,0.3482
368,282,0.3203
390,35,0.3245
145,35,0.3545
104,35,0.354
89,35,0.3026
130,35,0.4209
133,35,0.3648
318,35,0.3909
174,35,0.3632
39,35,0.3042
136,35,0.4279
138,35,0.3206
247,35,0.3668
227,35,0.3096
287,35,0.4454
411,35,0.4298
200,35,0.4037
301,35,0.3017
350,317,0.3123
343,317,0.3767
430,317,0.3005
411,143,0.3095
145,390,0.3133
130,390,0.3504
133,390,0.3038
200,390,0.3447
122,286,0.3593
295,286,0.3908
364,286,0.349
263,286,0.3887
137,286,0.3547
373,265,0.3092
109,265,0.3048
359,265,0.3749
134,355,0.363
25,118,0.3064
189,118,0.3522
297,118,0.305
97,118,0.3003
324,118,0.3874
186,118,0.3186
34,118,0.3142
3,118,0.3845
27,118,0.3404
344,118,0.3381
130,40,0.3185
295,40,0.3712
305,40,0.3616
369,40,0.3804
296,40,0.3828
96,40,0.3678
263,40,0.3729
137,40,0.3495
39,40,0.326
352,40,0.3432
425,40,0.3916
11,40,0.4858
140,40,0.4069
408,40,0.3459
135,40,0.3836
128,40,0.3419
194,40,0.3402
149,40,0.3992
368,40,0.3315
398,40,0.426
145,92,0.3529
77,92,0.3005
130,92,0.3304
200,92,0.3225
134,294,0.483
159,294,0.3878
325,294,0.3747
339,294,0.363
278,294,0.3946
352,294,0.3599
210,294,0.358
425,294,0.4407
266,294,0.3002
262,294,0.4425
430,294,0.462
408,294,0.3621
431,294,0.4385
407,294,0.5233
283,12,0.3564
97,12,0.357
313,12,0.4116
5,12,0.3168
344,12,0.3534
75,28,0.3287
373,28,0.4148
218,28,0.4324
259,28,0.3706
383,28,0.4043
199,28,0.4683
406,28,0.4293
418,28,0.4056
343,28,0.4867
48,28,0.3663
220,28,0.3578
419,28,0.3358
375,28,0.3549
310,28,0.3594
77,145,0.3327
130,145,0.4588
369,145,0.3119
133,145,0.3739
318,145,0.3178
147,145,0.3213
136,145,0.3526
11,145,0.3863
287,145,0.3682
411,145,0.3388
200,145,0.4158
368,145,0.3741
398,145,0.3149
136,104,0.3572
247,104,0.3088
287,104,0.3189
166,314,0.3562
16,314,0.3363
425,314,0.4328
140,314,0.3796
232,314,0.3406
381,314,0.3176
319,314,0.3081
292,32,0.3233
318,32,0.3788
168,32,0.3706
420,32,0.3581
36,32,0.3241
135,32,0.3577
194,32,0.338
425,331,0.4474
262,331,0.3641
232,331,0.3918
128,331,0.3818
431,331,0.4881
381,331,0.374
398,331,0.3234
231,25,0.5557
59,25,0.4694
401,25,0.4297
157,25,0.4577
189,25,0.6073
218,25,0.4091
109,25,0.6047
359,25,0.4166
261,25,0.3579
297,25,0.6734
315,25,0.412
285,25,0.3534
327,25,0.5203
259,25,0.5012
97,25,0.4451
350,25,0.4518
324,25,0.6731
29,25,0.4062
186,25,0.4518
34,25,0.5114
402,25,0.3816
264,25,0.5052
3,25,0.5652
371,25,0.632
312,25,0.5237
26,25,0.3939
148,25,0.3605
27,25,0.6104
125,25,0.4726
313,25,0.4469
225,25,0.3865
5,25,0.4669
62,25,0.3924
353,25,0.4706
344,25,0.6691
112,231,0.3658
59,231,0.6629
75,231,0.4581
190,231,0.4905
159,231,0.4844
157,231,0.4987
189,231,0.5828
373,231,0.4199
218,231,0.7583
109,231,0.7107
299,231,0.3479
359,231,0.6559
261,231,0.3387
297,231,0.5432
327,231,0.783
259,231,0.7981
187,231,0.4141
325,231,0.3832
199,231,0.4854
350,231,0.4805
324,231,0.4163
29,231,0.5574
343,231,0.5715
54,231,0.418
34,231,0.5634
48,231,0.4098
277,231,0.5887
419,231,0.6188
264,231,0.5634
371,231,0.5778
312,231,0.463
26,231,0.4312
148,231,0.5007
27,231,0.6307
125,231,0.3776
323,231,0.429
5,231,0.3739
353,231,0.3158
344,231,0.6726
310,231,0.5685
75,112,0.3248
190,112,0.3504
157,112,0.3734
189,112,0.4037
218,112,0.3633
109,112,0.3767
327,112,0.468
259,112,0.4252
419,112,0.3367
371,112,0.517
312,112,0.356
26,112,0.3114
27,112,0.3869
125,112,0.401
5,112,0.4111
344,112,0.4994
166,372,0.5341
22,372,0.3698
373,372,0.3401
122,372,0.4379
295,372,0.4118
296,372,0.4538
378,372,0.3954
364,372,0.4852
263,372,0.4677
137,372,0.4699
383,372,0.4499
406,372,0.594
418,372,0.3775
374,372,0.4029
220,372,0.6171
425,372,0.5398
140,372,0.3789
128,372,0.4006
431,372,0.3599
149,372,0.3569
381,372,0.3886
80,372,0.3138
75,59,0.5646
134,59,0.5835
159,59,0.6349
157,59,0.4562
373,59,0.3748
218,59,0.8017
109,59,0.6074
299,59,0.443
359,59,0.6257
297,59,0.5186
177,59,0.4193
285,59,0.384
327,59,0.6919
259,59,0.6641
383,59,0.417
325,59,0.503
199,59,0.4476
339,59,0.4246
350,59,0.6154
406,59,0.5059
418,59,0.5287
343,59,0.6296
48,59,0.4409
277,59,0.449
419,59,0.5935
264,59,0.4396
371,59,0.4505
148,59,0.5739
27,59,0.4006
375,59,0.4056
323,59,0.3681
344,59,0.4717
407,59,0.6649
310,59,0.4426
10,59,0.3739
134,281,0.4291
159,281,0.4077
283,401,0.3279
190,401,0.3389
157,401,0.4114
189,401,0.47
109,401,0.3872
315,401,0.3329
327,401,0.3747
259,401,0.3621
97,401,0.5613
186,401,0.3793
34,401,0.3575
402,401,0.4064
3,401,0.4371
371,401,0.4872
312,401,0.349
26,401,0.3138
110,401,0.3552
27,401,0.417
313,401,0.3842
225,401,0.4069
353,401,0.3248
344,401,0.4814
157,283,0.353
189,283,0.346
97,283,0.369
371,283,0.3601
27,283,0.3459
313,283,0.3829
344,283,0.3668
383,166,0.5403
406,166,0.3668
16,166,0.3368
220,166,0.5249
168,166,0.3601
425,166,0.5977
420,166,0.4873
36,166,0.3409
140,166,0.4943
408,166,0.3617
135,166,0.4016
194,166,0.514
381,166,0.4122
319,166,0.3577
80,166,0.3627
159,75,0.4957
373,75,0.4632
218,75,0.616
359,75,0.3753
327,75,0.5528
259,75,0.5307
383,75,0.5296
199,75,0.4651
406,75,0.3741
418,75,0.4689
343,75,0.6182
419,75,0.4554
407,75,0.502
310,75,0.4242
10,75,0.474
369,22,0.3444
177,22,0.5176
364,22,0.4313
164,22,0.3905
137,22,0.535
418,22,0.4829
343,22,0.3958
48,22,0.398
220,22,0.5222
159,134,0.6336
218,134,0.4914
177,134,0.3897
383,134,0.3737
325,134,0.4088
406,134,0.5019
418,134,0.4504
210,134,0.3455
148,134,0.3839
430,134,0.4833
375,134,0.4697
407,134,0.5827
189,190,0.5196
218,190,0.4844
109,190,0.3984
359,190,0.4247
327,190,0.6259
259,190,0.607
187,190,0.3372
199,190,0.4577
29,190,0.5465
186,190,0.3415
34,190,0.532
277,190,0.5306
419,190,0.4564
264,190,0.3272
3,190,0.376
371,190,0.4811
312,190,0.3672
26,190,0.3969
27,190,0.5014
125,190,0.3624
344,190,0.4434
310,190,0.4456
130,77,0.3247
200,77,0.3282
301,77,0.3013
368,77,0.3435
130,127,0.3106
96,127,0.3941
263,127,0.3421
16,127,0.3556
425,127,0.4037
11,127,0.4846
140,127,0.3799
408,127,0.3312
135,127,0.3875
232,127,0.3221
200,127,0.3316
398,127,0.3782
369,130,0.333
133,130,0.4566
318,130,0.4144
174,130,0.3013
39,130,0.3926
352,130,0.3388
260,130,0.3369
136,130,0.4417
11,130,0.4674
287,130,0.3665
135,130,0.3555
411,130,0.4178
200,130,0.4651
368,130,0.4092
398,130,0.4184
359,64,0.3852
157,159,0.465
373,159,0.488
218,159,0.6862
109,159,0.4948
299,159,0.3532
359,159,0.4216
177,159,0.4388
327,159,0.4915
259,159,0.5015
325,159,0.4667
350,159,0.4832
406,159,0.4751
418,159,0.5174
343,159,0.5867
48,159,0.3979
419,159,0.3699
148,159,0.4218
430,159,0.5794
375,159,0.4679
323,159,0.3586
407,159,0.6115
310,159,0.3953
10,159,0.4307
189,157,0.4994
218,157,0.5209
109,157,0.596
359,157,0.4122
297,157,0.374
315,157,0.3802
285,157,0.3599
327,157,0.6147
259,157,0.5971
29,157,0.3902
54,157,0.4708
34,157,0.4516
419,157,0.3586
264,157,0.5534
371,157,0.565
312,157,0.4595
26,157,0.411
148,157,0.3826
27,157,0.5647
313,157,0.4006
375,157,0.481
323,157,0.3206
5,157,0.4578
344,157,0.6601
218,189,0.4339
109,189,0.5709
108,189,0.3056
359,189,0.4736
261,189,0.307
297,189,0.5084
315,189,0.4417
327,189,0.6178
259,189,0.5947
187,189,0.3754
97,189,0.4516
324,189,0.5546
81,189,0.3405
29,189,0.6269
186,189,0.5195
34,189,0.6633
277,189,0.4775
402,189,0.4028
419,189,0.4086
264,189,0.4622
3,189,0.644
371,189,0.6589
427,189,0.3271
312,189,0.571
26,189,0.4792
110,189,0.3259
27,189,0.717
125,189,0.4325
313,189,0.4466
323,189,0.3243
225,189,0.4943
5,189,0.4674
62,189,0.4089
353,189,0.4557
344,189,0.659
218,373,0.6183
299,373,0.356
359,373,0.4818
177,373,0.4389
412,373,0.3339
137,373,0.4113
327,373,0.4608
259,373,0.5648
187,373,0.361
383,373,0.4373
199,373,0.5395
406,373,0.5703
418,373,0.4278
343,373,0.6701
54,373,0.4594
48,373,0.5719
277,373,0.5041
220,373,0.4137
419,373,0.4435
264,373,0.3379
148,373,0.383
258,373,0.5391
375,373,0.4713
102,373,0.3541
323,373,0.4514
416,373,0.3482
310,373,0.5299
10,373,0.3637
109,218,0.6455
299,218,0.4409
359,218,0.7075
412,218,0.3517
327,218,0.8398
259,218,0.8678
187,218,0.4229
383,218,0.5108
325,218,0.4639
199,218,0.6872
350,218,0.6158
406,218,0.5888
418,218,0.5019
29,218,0.5371
343,218,0.7948
54,218,0.5232
34,218,0.4942
48,218,0.5845
277,218,0.6716
419,218,0.7043
264,218,0.5347
371,218,0.5309
312,218,0.3669
148,218,0.5436
27,218,0.534
258,218,0.4311
375,218,0.5551
323,218,0.5035
416,218,0.3346
344,218,0.532
407,218,0.5541
310,218,0.6805
10,218,0.4541
295,122,0.5817
296,122,0.4904
378,122,0.4264
263,122,0.4797
137,122,0.4845
406,122,0.5667
16,122,0.3786
374,122,0.4222
48,122,0.4259
220,122,0.4016
128,122,0.378
149,122,0.409
305,295,0.3548
296,295,0.4956
378,295,0.3409
263,295,0.5426
16,295,0.4193
374,295,0.3519
425,295,0.4122
11,295,0.4984
36,295,0.3128
140,295,0.456
128,295,0.4438
194,295,0.3895
149,295,0.4572
212,295,0.3512
381,295,0.3635
398,295,0.368
406,207,0.3049
299,109,0.3937
359,109,0.6621
261,109,0.3666
297,109,0.5801
315,109,0.3455
285,109,0.4028
327,109,0.7142
259,109,0.7029
339,109,0.3975
350,109,0.4934
324,109,0.4287
55,109,0.3533
29,109,0.4784
343,109,0.4024
54,109,0.4986
34,109,0.5455
277,109,0.4461
419,109,0.518
264,109,0.5853
371,109,0.5769
312,109,0.4505
26,109,0.3915
148,109,0.5045
27,109,0.619
313,109,0.3544
323,109,0.435
5,109,0.4254
344,109,0.7082
310,109,0.4495
3,108,0.3487
359,299,0.4262
177,299,0.537
164,299,0.4063
259,299,0.4548
406,299,0.4004
55,299,0.3292
343,299,0.4361
54,299,0.4161
48,299,0.4348
277,299,0.4263
419,299,0.3492
264,299,0.3298
148,299,0.42
258,299,0.406
323,299,0.3635
416,299,0.3082
310,299,0.4906
369,305,0.3787
296,305,0.3307
378,305,0.312
352,305,0.3568
11,305,0.4127
408,305,0.3232
149,305,0.3517
398,305,0.3388
297,359,0.459
412,359,0.3531
327,359,0.6801
259,359,0.7038
187,359,0.454
325,359,0.3806
199,359,0.4734
350,359,0.5373
406,359,0.4988
29,359,0.5315
343,359,0.5462
54,359,0.4464
34,359,0.4961
48,359,0.5137
277,359,0.5726
419,359,0.5922
264,359,0.4859
371,359,0.458
312,359,0.3409
148,359,0.508
27,359,0.5221
100,359,0.305
323,359,0.4471
344,359,0.4901
310,359,0.5093
297,261,0.3407
327,261,0.3355
259,261,0.3563
29,261,0.3245
34,261,0.3464
264,261,0.3436
371,261,0.3469
27,261,0.3896
344,261,0.4024
315,297,0.3311
285,297,0.4404
327,297,0.4894
259,297,0.459
339,297,0.4109
350,297,0.4803
324,297,0.6292
186,297,0.3388
34,297,0.4793
264,297,0.4395
3,297,0.4616
371,297,0.5566
204,297,0.3325
312,297,0.4797
26,297,0.3554
148,297,0.3688
27,297,0.5628
125,297,0.3842
313,297,0.3772
5,297,0.4069
62,297,0.3083
353,297,0.3486
344,297,0.654
352,369,0.3227
11,369,0.4465
149,369,0.3265
398,369,0.3599
364,177,0.4063
164,177,0.514
137,177,0.4902
406,177,0.5061
418,177,0.4492
343,177,0.4605
54,177,0.4455
48,177,0.5526
220,177,0.4018
258,177,0.4872
416,177,0.3297
310,177,0.4107
259,412,0.407
187,412,0.3412
199,412,0.338
29,412,0.434
54,412,0.3988
34,412,0.314
48,412,0.3911
277,412,0.4614
419,412,0.3107
258,412,0.3599
323,412,0.3312
310,412,0.3776
378,296,0.4532
364,296,0.4479
263,296,0.5785
137,296,0.4293
406,296,0.3999
16,296,0.347
374,296,0.4081
220,296,0.4671
425,296,0.4441
11,296,0.4001
232,296,0.3278
128,296,0.3972
149,296,0.3447
152,296,0.3425
368,296,0.403
398,296,0.451
263,378,0.3584
137,378,0.3638
278,378,0.3956
406,378,0.4398
374,378,0.3151
220,378,0.457
425,378,0.4195
128,378,0.4203
431,378,0.3784
149,378,0.4578
318,133,0.3629
260,133,0.3044
136,133,0.3278
11,133,0.3357
287,133,0.3337
411,133,0.3057
200,133,0.4035
368,133,0.3217
263,364,0.4644
137,364,0.6389
406,364,0.4168
220,364,0.6289
425,364,0.4944
140,364,0.3814
232,364,0.3611
128,364,0.4326
80,364,0.3592
398,364,0.36
11,255,0.4034
128,255,0.3238
149,255,0.3029
398,255,0.309
247,422,0.3152
271,422,0.3085
318,96,0.4001
263,96,0.3932
385,96,0.3529
105,96,0.3229
16,96,0.4565
39,96,0.3568
352,96,0.3544
425,96,0.5971
2,96,0.3412
420,96,0.3852
11,96,0.5621
36,96,0.339
140,96,0.5329
408,96,0.5463
135,96,0.5878
232,96,0.3451
128,96,0.421
194,96,0.4341
319,96,0.4794
80,96,0.337
398,96,0.4937
97,315,0.3847
324,315,0.3569
186,315,0.3818
34,315,0.3352
402,315,0.34
3,315,0.4928
371,315,0.4306
312,315,0.3894
26,315,0.3264
27,315,0.38
313,315,0.3447
225,315,0.3422
5,315,0.3939
62,315,0.3366
353,315,0.3386
344,315,0.4722
339,285,0.4745
236,285,0.3093
313,285,0.3629
344,285,0.4479
187,164,0.3627
418,164,0.3743
54,164,0.4078
48,164,0.4777
277,164,0.3717
264,164,0.3554
258,164,0.3676
310,164,0.406
174,318,0.321
39,318,0.3777
260,318,0.3335
136,318,0.4378
420,318,0.4364
247,318,0.3156
36,318,0.3552
135,318,0.4563
411,318,0.3734
200,318,0.3438
194,318,0.3544
137,263,0.3918
385,263,0.3597
16,263,0.4462
374,263,0.3831
220,263,0.4829
425,263,0.5728
2,263,0.3431
11,263,0.4358
140,263,0.5076
232,263,0.3589
128,263,0.503
149,263,0.3927
212,263,0.3436
152,263,0.375
368,263,0.505
80,263,0.3673
398,263,0.5092
406,137,0.5236
418,137,0.4661
343,137,0.4393
48,137,0.5339
220,137,0.6298
258,137,0.3794
149,137,0.3635
136,174,0.3554
138,174,0.3192
247,174,0.3876
227,174,0.3146
271,174,0.3273
287,174,0.4321
411,174,0.3331
200,174,0.3169
162,174,0.3332
425,385,0.3386
11,385,0.4116
140,385,0.3186
128,385,0.3191
212,385,0.3234
368,385,0.3392
398,385,0.35
259,327,0.8914
187,327,0.4271
199,327,0.6117
350,327,0.5495
29,327,0.5911
343,327,0.6434
186,327,0.3516
54,327,0.5108
34,327,0.6275
277,327,0.6514
419,327,0.6681
264,327,0.6091
371,327,0.6699
312,327,0.5314
26,327,0.4602
148,327,0.4772
27,327,0.6564
125,327,0.4956
375,327,0.4435
323,327,0.4677
5,327,0.4399
344,327,0.7243
407,327,0.42
310,327,0.6077
10,327,0.4084
187,259,0.4901
199,259,0.6896
350,259,0.4852
29,259,0.7149
343,259,0.7256
54,259,0.6365
34,259,0.6553
48,259,0.527
277,259,0.7904
419,259,0.7155
264,259,0.6764
371,259,0.6423
312,259,0.479
26,259,0.47
148,259,0.5682
27,259,0.6704
125,259,0.4097
258,259,0.4365
375,259,0.5005
323,259,0.5742
416,259,0.3831
344,259,0.6874
310,259,0.7501
199,187,0.3587
29,187,0.5085
343,187,0.3616
34,187,0.452
48,187,0.3309
277,187,0.4577
419,187,0.3769
264,187,0.3376
27,187,0.438
323,187,0.3645
344,187,0.3531
310,187,0.4165
199,383,0.4149
406,383,0.5345
418,383,0.387
343,383,0.5683
220,383,0.4921
419,383,0.3533
407,383,0.4358
10,383,0.4121
324,97,0.4265
186,97,0.4677
34,97,0.3297
402,97,0.5261
114,97,0.3618
3,97,0.5821
371,97,0.4668
312,97,0.3865
110,97,0.4547
27,97,0.3468
66,97,0.381
313,97,0.527
225,97,0.4902
5,97,0.3512
62,97,0.3406
353,97,0.3931
344,97,0.4253
350,325,0.4223
406,325,0.5026
418,325,0.432
430,325,0.3882
407,325,0.5952
406,199,0.4623
29,199,0.4768
343,199,0.6667
54,199,0.4157
34,199,0.3619
48,199,0.483
277,199,0.6871
419,199,0.5498
264,199,0.3516
258,199,0.4041
375,199,0.4518
102,199,0.4653
323,199,0.4296
416,199,0.3271
310,199,0.631
407,339,0.3883
352,278,0.3026
425,278,0.3975
128,278,0.3063
149,278,0.3224
324,350,0.397
343,350,0.4117
419,350,0.3845
264,350,0.4016
27,350,0.3889
430,350,0.4751
344,350,0.4204
407,350,0.5636
418,406,0.5496
374,406,0.4105
343,406,0.5799
48,406,0.6065
220,406,0.533
419,406,0.4202
148,406,0.4279
258,406,0.4047
102,406,0.3815
323,406,0.3554
407,406,0.4028
310,406,0.3549
186,324,0.4664
34,324,0.4658
402,324,0.3538
3,324,0.5787
371,324,0.5251
204,324,0.4051
427,324,0.3203
312,324,0.4544
26,324,0.3259
27,324,0.5241
125,324,0.419
313,324,0.4323
225,324,0.4062
5,324,0.425
62,324,0.3377
353,324,0.4108
344,324,0.5665
420,9,0.5069
194,9,0.5124
3,81,0.3758
29,55,0.3597
34,55,0.3117
148,55,0.3601
408,105,0.3006
135,105,0.326
343,418,0.5758
48,418,0.4488
220,418,0.4455
419,418,0.3547
258,418,0.3438
407,418,0.5166
310,418,0.3867
425,16,0.496
11,16,0.4469
140,16,0.4475
408,16,0.3839
135,16,0.381
232,16,0.4015
128,16,0.3905
194,16,0.3525
149,16,0.3338
319,16,0.3167
398,16,0.3827
287,147,0.3401
186,29,0.3275
54,29,0.5064
34,29,0.6633
48,29,0.4017
277,29,0.6845
419,29,0.4247
264,29,0.5315
3,29,0.3657
371,29,0.4918
312,29,0.4056
26,29,0.4682
27,29,0.6577
258,29,0.3587
323,29,0.4448
62,29,0.3059
353,29,0.3544
344,29,0.5228
310,29,0.558
220,374,0.4161
425,374,0.3754
54,343,0.4927
48,343,0.604
277,343,0.6421
220,343,0.4468
419,343,0.6193
264,343,0.4445
148,343,0.4455
258,343,0.526
375,343,0.4298
102,343,0.3619
323,343,0.4321
407,343,0.4765
310,343,0.6651
10,343,0.4753
34,186,0.3843
402,186,0.416
3,186,0.5483
371,186,0.5092
427,186,0.3176
312,186,0.3916
26,186,0.3153
27,186,0.4467
125,186,0.4191
313,186,0.3533
225,186,0.4294
5,186,0.37
62,186,0.3597
353,186,0.383
344,186,0.4617
34,54,0.372
48,54,0.4692
277,54,0.5553
419,54,0.4079
264,54,0.5708
148,54,0.3632
27,54,0.4323
258,54,0.4901
375,54,0.3855
323,54,0.436
416,54,0.364
344,54,0.4215
310,54,0.5419
277,34,0.5319
419,34,0.391
264,34,0.4929
3,34,0.4982
371,34,0.5769
312,34,0.5068
26,34,0.4848
148,34,0.341
27,34,0.6804
313,34,0.3629
225,34,0.3744
5,34,0.3632
62,34,0.3724
353,34,0.3634
344,34,0.6462
310,34,0.4401
277,48,0.6108
419,48,0.4402
148,48,0.4155
258,48,0.5423
102,48,0.3726
323,48,0.4301
310,48,0.5222
419,277,0.5946
264,277,0.5251
371,277,0.4392
26,277,0.3565
148,277,0.4101
27,277,0.5145
258,277,0.4597
102,277,0.3911
323,277,0.4891
416,277,0.352
310,277,0.6681
3,402,0.5116
371,402,0.3725
312,402,0.3189
110,402,0.3318
27,402,0.3392
313,402,0.3627
225,402,0.44
5,402,0.3177
62,402,0.3155
353,402,0.3582
344,402,0.363
425,220,0.6706
140,220,0.4627
232,220,0.4256
128,220,0.5137
431,220,0.5782
149,220,0.4082
381,220,0.546
80,220,0.4217
398,220,0.4307
352,39,0.3129
420,39,0.4581
247,39,0.3416
11,39,0.3644
140,39,0.3656
287,39,0.3246
408,39,0.4188
135,39,0.4784
194,39,0.419
425,352,0.4199
2,352,0.3106
262,352,0.3203
11,352,0.5021
140,352,0.4155
408,352,0.4868
135,352,0.4496
398,352,0.4721
264,419,0.4694
371,419,0.4413
148,419,0.4862
27,419,0.4574
125,419,0.3596
323,419,0.4169
344,419,0.4617
310,419,0.5535
371,264,0.4891
312,264,0.3918
26,264,0.3754
148,264,0.4161
27,264,0.5537
323,264,0.4349
5,264,0.3452
344,264,0.6254
310,264,0.4602
368,6,0.3027
151,210,0.3035
407,210,0.4273
420,168,0.3611
194,168,0.3817
3,114,0.3285
313,114,0.3197
430,236,0.315
371,3,0.561
427,3,0.3127
312,3,0.501
26,3,0.4017
110,3,0.3856
27,3,0.5366
66,3,0.3484
125,3,0.4088
313,3,0.4966
225,3,0.507
5,3,0.4951
62,3,0.4423
353,3,0.4999
344,3,0.5756
312,371,0.612
26,371,0.4945
110,371,0.3036
27,371,0.6987
125,371,0.5794
313,371,0.51
225,371,0.4235
5,371,0.5524
62,371,0.3967
353,371,0.4138
344,371,0.7473
2,425,0.365
262,425,0.4586
11,425,0.5734
140,425,0.7725
408,425,0.5685
135,425,0.5921
232,425,0.5633
128,425,0.5901
209,425,0.3389
431,425,0.6299
194,425,0.5018
149,425,0.4557
152,425,0.4032
381,425,0.6358
319,425,0.5258
368,425,0.408
80,425,0.468
398,425,0.6254
136,260,0.3538
11,260,0.3178
200,260,0.3222
11,2,0.3913
140,2,0.3291
128,2,0.3301
212,2,0.3134
368,2,0.3879
398,2,0.4006
430,151,0.3292
313,204,0.3309
138,136,0.3671
247,136,0.3288
227,136,0.3242
271,136,0.3106
287,136,0.4036
411,136,0.4658
200,136,0.4214
125,427,0.3026
247,410,0.3482
36,420,0.333
140,420,0.4761
408,420,0.503
135,420,0.6183
194,420,0.6664
319,420,0.3539
80,420,0.3322
247,138,0.326
271,247,0.3377
287,247,0.3765
162,247,0.3723
26,312,0.4014
27,312,0.5742
125,312,0.4108
313,312,0.4424
225,312,0.3445
5,312,0.4327
62,312,0.3653
353,312,0.3784
344,312,0.6175
27,26,0.5302
225,26,0.3208
5,26,0.337
344,26,0.5239
27,148,0.3897
375,148,0.3591
323,148,0.419
416,148,0.3088
344,148,0.4217
310,148,0.4202
313,110,0.3532
225,110,0.357
353,110,0.3211
125,27,0.3743
313,27,0.4225
323,27,0.3947
225,27,0.3903
5,27,0.4686
62,27,0.3657
353,27,0.4135
344,27,0.7412
310,27,0.4281
313,66,0.3073
225,66,0.3067
140,262,0.3398
430,262,0.3724
232,262,0.4459
431,262,0.445
381,262,0.3649
398,262,0.3259
140,11,0.5704
408,11,0.5413
135,11,0.5489
232,11,0.4417
128,11,0.4782
200,11,0.4066
149,11,0.4407
212,11,0.4078
381,11,0.349
319,11,0.3534
368,11,0.5079
398,11,0.6288
140,36,0.4099
135,36,0.3879
194,36,0.3604
5,125,0.3693
62,125,0.3095
344,125,0.4621
408,140,0.526
135,140,0.64
232,140,0.5415
128,140,0.5266
209,140,0.3285
431,140,0.4894
194,140,0.5504
149,140,0.3937
152,140,0.3224
381,140,0.586
319,140,0.4928
80,140,0.4425
398,140,0.5692
407,430,0.6233
10,430,0.4716
375,258,0.3519
323,258,0.3817
310,258,0.4736
287,271,0.302
162,271,0.3345
411,287,0.4038
200,287,0.3755
162,287,0.3433
135,408,0.7021
232,408,0.3998
194,408,0.5714
319,408,0.4486
398,408,0.4778
232,135,0.4489
128,135,0.3719
194,135,0.6171
319,135,0.5075
80,135,0.3491
398,135,0.5205
128,232,0.4771
431,232,0.4048
381,232,0.4504
319,232,0.3759
80,232,0.3579
398,232,0.4855
209,128,0.3354
431,128,0.4555
149,128,0.4504
212,128,0.3459
381,128,0.4663
368,128,0.351
398,128,0.4829
200,411,0.3462
368,200,0.3376
149,431,0.3644
381,431,0.5983
398,431,0.4146
319,194,0.3993
80,194,0.3551
225,313,0.4177
5,313,0.434
353,313,0.328
344,313,0.5288
381,149,0.4885
368,149,0.3308
398,149,0.3987
368,212,0.3792
398,212,0.3241
398,152,0.3413
323,375,0.398
310,375,0.3829
319,381,0.3486
80,381,0.322
398,381,0.3668
80,319,0.3406
398,319,0.4148
344,323,0.3519
310,323,0.4436
310,416,0.3566
5,225,0.3034
353,225,0.3748
344,225,0.4051
353,5,0.3072
344,5,0.6026
353,62,0.308
344,62,0.3722
344,353,0.4654
10,407,0.4819
398,368,0.4893
398,80,0.3892
